Workbook

Sheet Summary
A1: EHT ITR Summary
A4: Panel | B4: Total | C4: Traces | D4: Power | E4: RTDs | F4: RTD Cables | G4: ITR | H4: Visual | I4: Rec. Megger | J4: Pre-Insul Megger | K4: Post-Insul Megger | L4: Cable IR | M4: Cable Cont. | N4: RTD Pre | O4: RTD Post | P4: Dated | Q4: Complete
A5: 29103-HTP-102 | B5: =COUNTA('29103-HTP-102'!$B$5:$B$148) -> 144 | C5: =COUNTIF('29103-HTP-102'!$A$5:$A$148,"EHT Trace") -> 56 | D5: =COUNTIF('29103-HTP-102'!$A$5:$A$148,"Power Cable") -> 38 | E5: =COUNTIF('29103-HTP-102'!$A$5:$A$148,"RTD") -> 22 | F5: =COUNTIF('29103-HTP-102'!$A$5:$A$148,"RTD Cable") -> 28 | G5: =COUNTIF('29103-HTP-102'!$I$5:$I$148,"YES")&" / "&(COUNTA('29103-HTP-102'!$I$5:$I$148)-COUNTIF('29103-HTP-102'!$I$5:$I$148,"N/A")) -> 144 / 144 | H5: =COUNTIF('29103-HTP-102'!$J$5:$J$148,"YES")&" / "&(COUNTA('29103-HTP-102'!$J$5:$J$148)-COUNTIF('29103-HTP-102'!$J$5:$J$148,"N/A")) -> 0 / 144 | I5: =COUNTIF('29103-HTP-102'!$K$5:$K$148,"YES")&" / "&(COUNTA('29103-HTP-102'!$K$5:$K$148)-COUNTIF('29103-HTP-102'!$K$5:$K$148,"N/A")) -> 10 / 56 | J5: =COUNTIF('29103-HTP-102'!$L$5:$L$148,"YES")&" / "&(COUNTA('29103-HTP-102'!$L$5:$L$148)-COUNTIF('29103-HTP-102'!$L$5:$L$148,"N/A")) -> 0 / 56 | K5: =COUNTIF('29103-HTP-102'!$M$5:$M$148,"YES")&" / "&(COUNTA('29103-HTP-102'!$M$5:$M$148)-COUNTIF('29103-HTP-102'!$M$5:$M$148,"N/A")) -> 0 / 56 | L5: =COUNTIF('29103-HTP-102'!$N$5:$N$148,"YES")&" / "&(COUNTA('29103-HTP-102'!$N$5:$N$148)-COUNTIF('29103-HTP-102'!$N$5:$N$148,"N/A")) -> 0 / 38 | M5: =COUNTIF('29103-HTP-102'!$O$5:$O$148,"YES")&" / "&(COUNTA('29103-HTP-102'!$O$5:$O$148)-COUNTIF('29103-HTP-102'!$O$5:$O$148,"N/A")) -> 0 / 66 | N5: =COUNTIF('29103-HTP-102'!$P$5:$P$148,"YES")&" / "&(COUNTA('29103-HTP-102'!$P$5:$P$148)-COUNTIF('29103-HTP-102'!$P$5:$P$148,"N/A")) -> 0 / 22 | O5: =COUNTIF('29103-HTP-102'!$Q$5:$Q$148,"YES")&" / "&(COUNTA('29103-HTP-102'!$Q$5:$Q$148)-COUNTIF('29103-HTP-102'!$Q$5:$Q$148,"N/A")) -> 0 / 22 | P5: =COUNTIF('29103-HTP-102'!$R$5:$R$148,"YES")&" / "&(COUNTA('29103-HTP-102'!$R$5:$R$148)-COUNTIF('29103-HTP-102'!$R$5:$R$148,"N/A")) -> 0 / 144 | Q5: =COUNTIF('29103-HTP-102'!$S$5:$S$148,"YES")&" / "&(COUNTA('29103-HTP-102'!$S$5:$S$148)-COUNTIF('29103-HTP-102'!$S$5:$S$148,"N/A")) -> 0 / 144
A6: 29103-HTP-100 | B6: =COUNTA('29103-HTP-100'!$B$5:$B$64) -> 60 | C6: =COUNTIF('29103-HTP-100'!$A$5:$A$64,"EHT Trace") -> 21 | D6: =COUNTIF('29103-HTP-100'!$A$5:$A$64,"Power Cable") -> 15 | E6: =COUNTIF('29103-HTP-100'!$A$5:$A$64,"RTD") -> 12 | F6: =COUNTIF('29103-HTP-100'!$A$5:$A$64,"RTD Cable") -> 12 | G6: =COUNTIF('29103-HTP-100'!$I$5:$I$64,"YES")&" / "&(COUNTA('29103-HTP-100'!$I$5:$I$64)-COUNTIF('29103-HTP-100'!$I$5:$I$64,"N/A")) -> 60 / 60 | H6: =COUNTIF('29103-HTP-100'!$J$5:$J$64,"YES")&" / "&(COUNTA('29103-HTP-100'!$J$5:$J$64)-COUNTIF('29103-HTP-100'!$J$5:$J$64,"N/A")) -> 2 / 60 | I6: =COUNTIF('29103-HTP-100'!$K$5:$K$64,"YES")&" / "&(COUNTA('29103-HTP-100'!$K$5:$K$64)-COUNTIF('29103-HTP-100'!$K$5:$K$64,"N/A")) -> 2 / 21 | J6: =COUNTIF('29103-HTP-100'!$L$5:$L$64,"YES")&" / "&(COUNTA('29103-HTP-100'!$L$5:$L$64)-COUNTIF('29103-HTP-100'!$L$5:$L$64,"N/A")) -> 2 / 21 | K6: =COUNTIF('29103-HTP-100'!$M$5:$M$64,"YES")&" / "&(COUNTA('29103-HTP-100'!$M$5:$M$64)-COUNTIF('29103-HTP-100'!$M$5:$M$64,"N/A")) -> 0 / 21 | L6: =COUNTIF('29103-HTP-100'!$N$5:$N$64,"YES")&" / "&(COUNTA('29103-HTP-100'!$N$5:$N$64)-COUNTIF('29103-HTP-100'!$N$5:$N$64,"N/A")) -> 0 / 15 | M6: =COUNTIF('29103-HTP-100'!$O$5:$O$64,"YES")&" / "&(COUNTA('29103-HTP-100'!$O$5:$O$64)-COUNTIF('29103-HTP-100'!$O$5:$O$64,"N/A")) -> 0 / 27 | N6: =COUNTIF('29103-HTP-100'!$P$5:$P$64,"YES")&" / "&(COUNTA('29103-HTP-100'!$P$5:$P$64)-COUNTIF('29103-HTP-100'!$P$5:$P$64,"N/A")) -> 0 / 12 | O6: =COUNTIF('29103-HTP-100'!$Q$5:$Q$64,"YES")&" / "&(COUNTA('29103-HTP-100'!$Q$5:$Q$64)-COUNTIF('29103-HTP-100'!$Q$5:$Q$64,"N/A")) -> 0 / 12 | P6: =COUNTIF('29103-HTP-100'!$R$5:$R$64,"YES")&" / "&(COUNTA('29103-HTP-100'!$R$5:$R$64)-COUNTIF('29103-HTP-100'!$R$5:$R$64,"N/A")) -> 4 / 60 | Q6: =COUNTIF('29103-HTP-100'!$S$5:$S$64,"YES")&" / "&(COUNTA('29103-HTP-100'!$S$5:$S$64)-COUNTIF('29103-HTP-100'!$S$5:$S$64,"N/A")) -> 0 / 60
A7: 29103-HTP-101 | B7: =COUNTA('29103-HTP-101'!$B$5:$B$79) -> 75 | C7: =COUNTIF('29103-HTP-101'!$A$5:$A$79,"EHT Trace") -> 28 | D7: =COUNTIF('29103-HTP-101'!$A$5:$A$79,"Power Cable") -> 19 | E7: =COUNTIF('29103-HTP-101'!$A$5:$A$79,"RTD") -> 13 | F7: =COUNTIF('29103-HTP-101'!$A$5:$A$79,"RTD Cable") -> 15 | G7: =COUNTIF('29103-HTP-101'!$I$5:$I$79,"YES")&" / "&(COUNTA('29103-HTP-101'!$I$5:$I$79)-COUNTIF('29103-HTP-101'!$I$5:$I$79,"N/A")) -> 75 / 75 | H7: =COUNTIF('29103-HTP-101'!$J$5:$J$79,"YES")&" / "&(COUNTA('29103-HTP-101'!$J$5:$J$79)-COUNTIF('29103-HTP-101'!$J$5:$J$79,"N/A")) -> 0 / 75 | I7: =COUNTIF('29103-HTP-101'!$K$5:$K$79,"YES")&" / "&(COUNTA('29103-HTP-101'!$K$5:$K$79)-COUNTIF('29103-HTP-101'!$K$5:$K$79,"N/A")) -> 8 / 28 | J7: =COUNTIF('29103-HTP-101'!$L$5:$L$79,"YES")&" / "&(COUNTA('29103-HTP-101'!$L$5:$L$79)-COUNTIF('29103-HTP-101'!$L$5:$L$79,"N/A")) -> 2 / 28 | K7: =COUNTIF('29103-HTP-101'!$M$5:$M$79,"YES")&" / "&(COUNTA('29103-HTP-101'!$M$5:$M$79)-COUNTIF('29103-HTP-101'!$M$5:$M$79,"N/A")) -> 0 / 28 | L7: =COUNTIF('29103-HTP-101'!$N$5:$N$79,"YES")&" / "&(COUNTA('29103-HTP-101'!$N$5:$N$79)-COUNTIF('29103-HTP-101'!$N$5:$N$79,"N/A")) -> 0 / 19 | M7: =COUNTIF('29103-HTP-101'!$O$5:$O$79,"YES")&" / "&(COUNTA('29103-HTP-101'!$O$5:$O$79)-COUNTIF('29103-HTP-101'!$O$5:$O$79,"N/A")) -> 0 / 34 | N7: =COUNTIF('29103-HTP-101'!$P$5:$P$79,"YES")&" / "&(COUNTA('29103-HTP-101'!$P$5:$P$79)-COUNTIF('29103-HTP-101'!$P$5:$P$79,"N/A")) -> 0 / 13 | O7: =COUNTIF('29103-HTP-101'!$Q$5:$Q$79,"YES")&" / "&(COUNTA('29103-HTP-101'!$Q$5:$Q$79)-COUNTIF('29103-HTP-101'!$Q$5:$Q$79,"N/A")) -> 0 / 13 | P7: =COUNTIF('29103-HTP-101'!$R$5:$R$79,"YES")&" / "&(COUNTA('29103-HTP-101'!$R$5:$R$79)-COUNTIF('29103-HTP-101'!$R$5:$R$79,"N/A")) -> 4 / 75 | Q7: =COUNTIF('29103-HTP-101'!$S$5:$S$79,"YES")&" / "&(COUNTA('29103-HTP-101'!$S$5:$S$79)-COUNTIF('29103-HTP-101'!$S$5:$S$79,"N/A")) -> 0 / 75
A8: 29103-HTP-004 | B8: =COUNTA('29103-HTP-004'!$B$5:$B$266) -> 262 | C8: =COUNTIF('29103-HTP-004'!$A$5:$A$266,"EHT Trace") -> 116 | D8: =COUNTIF('29103-HTP-004'!$A$5:$A$266,"Power Cable") -> 48 | E8: =COUNTIF('29103-HTP-004'!$A$5:$A$266,"RTD") -> 47 | F8: =COUNTIF('29103-HTP-004'!$A$5:$A$266,"RTD Cable") -> 51 | G8: =COUNTIF('29103-HTP-004'!$I$5:$I$266,"YES")&" / "&(COUNTA('29103-HTP-004'!$I$5:$I$266)-COUNTIF('29103-HTP-004'!$I$5:$I$266,"N/A")) -> 262 / 262 | H8: =COUNTIF('29103-HTP-004'!$J$5:$J$266,"YES")&" / "&(COUNTA('29103-HTP-004'!$J$5:$J$266)-COUNTIF('29103-HTP-004'!$J$5:$J$266,"N/A")) -> 0 / 262 | I8: =COUNTIF('29103-HTP-004'!$K$5:$K$266,"YES")&" / "&(COUNTA('29103-HTP-004'!$K$5:$K$266)-COUNTIF('29103-HTP-004'!$K$5:$K$266,"N/A")) -> 45 / 116 | J8: =COUNTIF('29103-HTP-004'!$L$5:$L$266,"YES")&" / "&(COUNTA('29103-HTP-004'!$L$5:$L$266)-COUNTIF('29103-HTP-004'!$L$5:$L$266,"N/A")) -> 0 / 116 | K8: =COUNTIF('29103-HTP-004'!$M$5:$M$266,"YES")&" / "&(COUNTA('29103-HTP-004'!$M$5:$M$266)-COUNTIF('29103-HTP-004'!$M$5:$M$266,"N/A")) -> 0 / 116 | L8: =COUNTIF('29103-HTP-004'!$N$5:$N$266,"YES")&" / "&(COUNTA('29103-HTP-004'!$N$5:$N$266)-COUNTIF('29103-HTP-004'!$N$5:$N$266,"N/A")) -> 0 / 48 | M8: =COUNTIF('29103-HTP-004'!$O$5:$O$266,"YES")&" / "&(COUNTA('29103-HTP-004'!$O$5:$O$266)-COUNTIF('29103-HTP-004'!$O$5:$O$266,"N/A")) -> 0 / 99 | N8: =COUNTIF('29103-HTP-004'!$P$5:$P$266,"YES")&" / "&(COUNTA('29103-HTP-004'!$P$5:$P$266)-COUNTIF('29103-HTP-004'!$P$5:$P$266,"N/A")) -> 0 / 47 | O8: =COUNTIF('29103-HTP-004'!$Q$5:$Q$266,"YES")&" / "&(COUNTA('29103-HTP-004'!$Q$5:$Q$266)-COUNTIF('29103-HTP-004'!$Q$5:$Q$266,"N/A")) -> 0 / 47 | P8: =COUNTIF('29103-HTP-004'!$R$5:$R$266,"YES")&" / "&(COUNTA('29103-HTP-004'!$R$5:$R$266)-COUNTIF('29103-HTP-004'!$R$5:$R$266,"N/A")) -> 0 / 262 | Q8: =COUNTIF('29103-HTP-004'!$S$5:$S$266,"YES")&" / "&(COUNTA('29103-HTP-004'!$S$5:$S$266)-COUNTIF('29103-HTP-004'!$S$5:$S$266,"N/A")) -> 0 / 262
A9: 29103-HTP-005 | B9: =COUNTA('29103-HTP-005'!$B$5:$B$252) -> 248 | C9: =COUNTIF('29103-HTP-005'!$A$5:$A$252,"EHT Trace") -> 108 | D9: =COUNTIF('29103-HTP-005'!$A$5:$A$252,"Power Cable") -> 47 | E9: =COUNTIF('29103-HTP-005'!$A$5:$A$252,"RTD") -> 45 | F9: =COUNTIF('29103-HTP-005'!$A$5:$A$252,"RTD Cable") -> 48 | G9: =COUNTIF('29103-HTP-005'!$I$5:$I$252,"YES")&" / "&(COUNTA('29103-HTP-005'!$I$5:$I$252)-COUNTIF('29103-HTP-005'!$I$5:$I$252,"N/A")) -> 248 / 248 | H9: =COUNTIF('29103-HTP-005'!$J$5:$J$252,"YES")&" / "&(COUNTA('29103-HTP-005'!$J$5:$J$252)-COUNTIF('29103-HTP-005'!$J$5:$J$252,"N/A")) -> 0 / 248 | I9: =COUNTIF('29103-HTP-005'!$K$5:$K$252,"YES")&" / "&(COUNTA('29103-HTP-005'!$K$5:$K$252)-COUNTIF('29103-HTP-005'!$K$5:$K$252,"N/A")) -> 28 / 108 | J9: =COUNTIF('29103-HTP-005'!$L$5:$L$252,"YES")&" / "&(COUNTA('29103-HTP-005'!$L$5:$L$252)-COUNTIF('29103-HTP-005'!$L$5:$L$252,"N/A")) -> 0 / 108 | K9: =COUNTIF('29103-HTP-005'!$M$5:$M$252,"YES")&" / "&(COUNTA('29103-HTP-005'!$M$5:$M$252)-COUNTIF('29103-HTP-005'!$M$5:$M$252,"N/A")) -> 0 / 108 | L9: =COUNTIF('29103-HTP-005'!$N$5:$N$252,"YES")&" / "&(COUNTA('29103-HTP-005'!$N$5:$N$252)-COUNTIF('29103-HTP-005'!$N$5:$N$252,"N/A")) -> 0 / 47 | M9: =COUNTIF('29103-HTP-005'!$O$5:$O$252,"YES")&" / "&(COUNTA('29103-HTP-005'!$O$5:$O$252)-COUNTIF('29103-HTP-005'!$O$5:$O$252,"N/A")) -> 0 / 95 | N9: =COUNTIF('29103-HTP-005'!$P$5:$P$252,"YES")&" / "&(COUNTA('29103-HTP-005'!$P$5:$P$252)-COUNTIF('29103-HTP-005'!$P$5:$P$252,"N/A")) -> 0 / 45 | O9: =COUNTIF('29103-HTP-005'!$Q$5:$Q$252,"YES")&" / "&(COUNTA('29103-HTP-005'!$Q$5:$Q$252)-COUNTIF('29103-HTP-005'!$Q$5:$Q$252,"N/A")) -> 0 / 45 | P9: =COUNTIF('29103-HTP-005'!$R$5:$R$252,"YES")&" / "&(COUNTA('29103-HTP-005'!$R$5:$R$252)-COUNTIF('29103-HTP-005'!$R$5:$R$252,"N/A")) -> 0 / 248 | Q9: =COUNTIF('29103-HTP-005'!$S$5:$S$252,"YES")&" / "&(COUNTA('29103-HTP-005'!$S$5:$S$252)-COUNTIF('29103-HTP-005'!$S$5:$S$252,"N/A")) -> 0 / 248
A10: 29103-HTP-003 | B10: =COUNTA('29103-HTP-003'!$B$5:$B$273) -> 269 | C10: =COUNTIF('29103-HTP-003'!$A$5:$A$273,"EHT Trace") -> 118 | D10: =COUNTIF('29103-HTP-003'!$A$5:$A$273,"Power Cable") -> 49 | E10: =COUNTIF('29103-HTP-003'!$A$5:$A$273,"RTD") -> 49 | F10: =COUNTIF('29103-HTP-003'!$A$5:$A$273,"RTD Cable") -> 53 | G10: =COUNTIF('29103-HTP-003'!$I$5:$I$273,"YES")&" / "&(COUNTA('29103-HTP-003'!$I$5:$I$273)-COUNTIF('29103-HTP-003'!$I$5:$I$273,"N/A")) -> 269 / 269 | H10: =COUNTIF('29103-HTP-003'!$J$5:$J$273,"YES")&" / "&(COUNTA('29103-HTP-003'!$J$5:$J$273)-COUNTIF('29103-HTP-003'!$J$5:$J$273,"N/A")) -> 9 / 269 | I10: =COUNTIF('29103-HTP-003'!$K$5:$K$273,"YES")&" / "&(COUNTA('29103-HTP-003'!$K$5:$K$273)-COUNTIF('29103-HTP-003'!$K$5:$K$273,"N/A")) -> 32 / 118 | J10: =COUNTIF('29103-HTP-003'!$L$5:$L$273,"YES")&" / "&(COUNTA('29103-HTP-003'!$L$5:$L$273)-COUNTIF('29103-HTP-003'!$L$5:$L$273,"N/A")) -> 3 / 118 | K10: =COUNTIF('29103-HTP-003'!$M$5:$M$273,"YES")&" / "&(COUNTA('29103-HTP-003'!$M$5:$M$273)-COUNTIF('29103-HTP-003'!$M$5:$M$273,"N/A")) -> 0 / 118 | L10: =COUNTIF('29103-HTP-003'!$N$5:$N$273,"YES")&" / "&(COUNTA('29103-HTP-003'!$N$5:$N$273)-COUNTIF('29103-HTP-003'!$N$5:$N$273,"N/A")) -> 0 / 49 | M10: =COUNTIF('29103-HTP-003'!$O$5:$O$273,"YES")&" / "&(COUNTA('29103-HTP-003'!$O$5:$O$273)-COUNTIF('29103-HTP-003'!$O$5:$O$273,"N/A")) -> 0 / 102 | N10: =COUNTIF('29103-HTP-003'!$P$5:$P$273,"YES")&" / "&(COUNTA('29103-HTP-003'!$P$5:$P$273)-COUNTIF('29103-HTP-003'!$P$5:$P$273,"N/A")) -> 0 / 49 | O10: =COUNTIF('29103-HTP-003'!$Q$5:$Q$273,"YES")&" / "&(COUNTA('29103-HTP-003'!$Q$5:$Q$273)-COUNTIF('29103-HTP-003'!$Q$5:$Q$273,"N/A")) -> 0 / 49 | P10: =COUNTIF('29103-HTP-003'!$R$5:$R$273,"YES")&" / "&(COUNTA('29103-HTP-003'!$R$5:$R$273)-COUNTIF('29103-HTP-003'!$R$5:$R$273,"N/A")) -> 9 / 269 | Q10: =COUNTIF('29103-HTP-003'!$S$5:$S$273,"YES")&" / "&(COUNTA('29103-HTP-003'!$S$5:$S$273)-COUNTIF('29103-HTP-003'!$S$5:$S$273,"N/A")) -> 0 / 269
A11: 29103-HTP-002 | B11: =COUNTA('29103-HTP-002'!$B$5:$B$246) -> 242 | C11: =COUNTIF('29103-HTP-002'!$A$5:$A$246,"EHT Trace") -> 106 | D11: =COUNTIF('29103-HTP-002'!$A$5:$A$246,"Power Cable") -> 46 | E11: =COUNTIF('29103-HTP-002'!$A$5:$A$246,"RTD") -> 44 | F11: =COUNTIF('29103-HTP-002'!$A$5:$A$246,"RTD Cable") -> 46 | G11: =COUNTIF('29103-HTP-002'!$I$5:$I$246,"YES")&" / "&(COUNTA('29103-HTP-002'!$I$5:$I$246)-COUNTIF('29103-HTP-002'!$I$5:$I$246,"N/A")) -> 242 / 242 | H11: =COUNTIF('29103-HTP-002'!$J$5:$J$246,"YES")&" / "&(COUNTA('29103-HTP-002'!$J$5:$J$246)-COUNTIF('29103-HTP-002'!$J$5:$J$246,"N/A")) -> 59 / 242 | I11: =COUNTIF('29103-HTP-002'!$K$5:$K$246,"YES")&" / "&(COUNTA('29103-HTP-002'!$K$5:$K$246)-COUNTIF('29103-HTP-002'!$K$5:$K$246,"N/A")) -> 19 / 106 | J11: =COUNTIF('29103-HTP-002'!$L$5:$L$246,"YES")&" / "&(COUNTA('29103-HTP-002'!$L$5:$L$246)-COUNTIF('29103-HTP-002'!$L$5:$L$246,"N/A")) -> 3 / 106 | K11: =COUNTIF('29103-HTP-002'!$M$5:$M$246,"YES")&" / "&(COUNTA('29103-HTP-002'!$M$5:$M$246)-COUNTIF('29103-HTP-002'!$M$5:$M$246,"N/A")) -> 0 / 106 | L11: =COUNTIF('29103-HTP-002'!$N$5:$N$246,"YES")&" / "&(COUNTA('29103-HTP-002'!$N$5:$N$246)-COUNTIF('29103-HTP-002'!$N$5:$N$246,"N/A")) -> 10 / 46 | M11: =COUNTIF('29103-HTP-002'!$O$5:$O$246,"YES")&" / "&(COUNTA('29103-HTP-002'!$O$5:$O$246)-COUNTIF('29103-HTP-002'!$O$5:$O$246,"N/A")) -> 33 / 92 | N11: =COUNTIF('29103-HTP-002'!$P$5:$P$246,"YES")&" / "&(COUNTA('29103-HTP-002'!$P$5:$P$246)-COUNTIF('29103-HTP-002'!$P$5:$P$246,"N/A")) -> 1 / 44 | O11: =COUNTIF('29103-HTP-002'!$Q$5:$Q$246,"YES")&" / "&(COUNTA('29103-HTP-002'!$Q$5:$Q$246)-COUNTIF('29103-HTP-002'!$Q$5:$Q$246,"N/A")) -> 23 / 44 | P11: =COUNTIF('29103-HTP-002'!$R$5:$R$246,"YES")&" / "&(COUNTA('29103-HTP-002'!$R$5:$R$246)-COUNTIF('29103-HTP-002'!$R$5:$R$246,"N/A")) -> 62 / 242 | Q11: =COUNTIF('29103-HTP-002'!$S$5:$S$246,"YES")&" / "&(COUNTA('29103-HTP-002'!$S$5:$S$246)-COUNTIF('29103-HTP-002'!$S$5:$S$246,"N/A")) -> 33 / 242
A12: 29151-HTP-001 | B12: =COUNTA('29151-HTP-001'!$B$5:$B$39) -> 35 | C12: =COUNTIF('29151-HTP-001'!$A$5:$A$39,"EHT Trace") -> 18 | D12: =COUNTIF('29151-HTP-001'!$A$5:$A$39,"Power Cable") -> 17 | E12: =COUNTIF('29151-HTP-001'!$A$5:$A$39,"RTD") -> 0 | F12: =COUNTIF('29151-HTP-001'!$A$5:$A$39,"RTD Cable") -> 0 | G12: =COUNTIF('29151-HTP-001'!$I$5:$I$39,"YES")&" / "&(COUNTA('29151-HTP-001'!$I$5:$I$39)-COUNTIF('29151-HTP-001'!$I$5:$I$39,"N/A")) -> 35 / 35 | H12: =COUNTIF('29151-HTP-001'!$J$5:$J$39,"YES")&" / "&(COUNTA('29151-HTP-001'!$J$5:$J$39)-COUNTIF('29151-HTP-001'!$J$5:$J$39,"N/A")) -> 17 / 35 | I12: =COUNTIF('29151-HTP-001'!$K$5:$K$39,"YES")&" / "&(COUNTA('29151-HTP-001'!$K$5:$K$39)-COUNTIF('29151-HTP-001'!$K$5:$K$39,"N/A")) -> 1 / 18 | J12: =COUNTIF('29151-HTP-001'!$L$5:$L$39,"YES")&" / "&(COUNTA('29151-HTP-001'!$L$5:$L$39)-COUNTIF('29151-HTP-001'!$L$5:$L$39,"N/A")) -> 0 / 18 | K12: =COUNTIF('29151-HTP-001'!$M$5:$M$39,"YES")&" / "&(COUNTA('29151-HTP-001'!$M$5:$M$39)-COUNTIF('29151-HTP-001'!$M$5:$M$39,"N/A")) -> 0 / 18 | L12: =COUNTIF('29151-HTP-001'!$N$5:$N$39,"YES")&" / "&(COUNTA('29151-HTP-001'!$N$5:$N$39)-COUNTIF('29151-HTP-001'!$N$5:$N$39,"N/A")) -> 17 / 17 | M12: =COUNTIF('29151-HTP-001'!$O$5:$O$39,"YES")&" / "&(COUNTA('29151-HTP-001'!$O$5:$O$39)-COUNTIF('29151-HTP-001'!$O$5:$O$39,"N/A")) -> 17 / 17 | N12: =COUNTIF('29151-HTP-001'!$P$5:$P$39,"YES")&" / "&(COUNTA('29151-HTP-001'!$P$5:$P$39)-COUNTIF('29151-HTP-001'!$P$5:$P$39,"N/A")) -> 0 / 0 | O12: =COUNTIF('29151-HTP-001'!$Q$5:$Q$39,"YES")&" / "&(COUNTA('29151-HTP-001'!$Q$5:$Q$39)-COUNTIF('29151-HTP-001'!$Q$5:$Q$39,"N/A")) -> 0 / 0 | P12: =COUNTIF('29151-HTP-001'!$R$5:$R$39,"YES")&" / "&(COUNTA('29151-HTP-001'!$R$5:$R$39)-COUNTIF('29151-HTP-001'!$R$5:$R$39,"N/A")) -> 17 / 35 | Q12: =COUNTIF('29151-HTP-001'!$S$5:$S$39,"YES")&" / "&(COUNTA('29151-HTP-001'!$S$5:$S$39)-COUNTIF('29151-HTP-001'!$S$5:$S$39,"N/A")) -> 17 / 35
A13: 29152-HTP-001 | B13: =COUNTA('29152-HTP-001'!$B$5:$B$37) -> 33 | C13: =COUNTIF('29152-HTP-001'!$A$5:$A$37,"EHT Trace") -> 16 | D13: =COUNTIF('29152-HTP-001'!$A$5:$A$37,"Power Cable") -> 17 | E13: =COUNTIF('29152-HTP-001'!$A$5:$A$37,"RTD") -> 0 | F13: =COUNTIF('29152-HTP-001'!$A$5:$A$37,"RTD Cable") -> 0 | G13: =COUNTIF('29152-HTP-001'!$I$5:$I$37,"YES")&" / "&(COUNTA('29152-HTP-001'!$I$5:$I$37)-COUNTIF('29152-HTP-001'!$I$5:$I$37,"N/A")) -> 33 / 33 | H13: =COUNTIF('29152-HTP-001'!$J$5:$J$37,"YES")&" / "&(COUNTA('29152-HTP-001'!$J$5:$J$37)-COUNTIF('29152-HTP-001'!$J$5:$J$37,"N/A")) -> 17 / 33 | I13: =COUNTIF('29152-HTP-001'!$K$5:$K$37,"YES")&" / "&(COUNTA('29152-HTP-001'!$K$5:$K$37)-COUNTIF('29152-HTP-001'!$K$5:$K$37,"N/A")) -> 0 / 16 | J13: =COUNTIF('29152-HTP-001'!$L$5:$L$37,"YES")&" / "&(COUNTA('29152-HTP-001'!$L$5:$L$37)-COUNTIF('29152-HTP-001'!$L$5:$L$37,"N/A")) -> 0 / 16 | K13: =COUNTIF('29152-HTP-001'!$M$5:$M$37,"YES")&" / "&(COUNTA('29152-HTP-001'!$M$5:$M$37)-COUNTIF('29152-HTP-001'!$M$5:$M$37,"N/A")) -> 0 / 16 | L13: =COUNTIF('29152-HTP-001'!$N$5:$N$37,"YES")&" / "&(COUNTA('29152-HTP-001'!$N$5:$N$37)-COUNTIF('29152-HTP-001'!$N$5:$N$37,"N/A")) -> 17 / 17 | M13: =COUNTIF('29152-HTP-001'!$O$5:$O$37,"YES")&" / "&(COUNTA('29152-HTP-001'!$O$5:$O$37)-COUNTIF('29152-HTP-001'!$O$5:$O$37,"N/A")) -> 17 / 17 | N13: =COUNTIF('29152-HTP-001'!$P$5:$P$37,"YES")&" / "&(COUNTA('29152-HTP-001'!$P$5:$P$37)-COUNTIF('29152-HTP-001'!$P$5:$P$37,"N/A")) -> 0 / 0 | O13: =COUNTIF('29152-HTP-001'!$Q$5:$Q$37,"YES")&" / "&(COUNTA('29152-HTP-001'!$Q$5:$Q$37)-COUNTIF('29152-HTP-001'!$Q$5:$Q$37,"N/A")) -> 0 / 0 | P13: =COUNTIF('29152-HTP-001'!$R$5:$R$37,"YES")&" / "&(COUNTA('29152-HTP-001'!$R$5:$R$37)-COUNTIF('29152-HTP-001'!$R$5:$R$37,"N/A")) -> 0 / 33 | Q13: =COUNTIF('29152-HTP-001'!$S$5:$S$37,"YES")&" / "&(COUNTA('29152-HTP-001'!$S$5:$S$37)-COUNTIF('29152-HTP-001'!$S$5:$S$37,"N/A")) -> 0 / 33
A14: Drain Tank Fieldbus | B14: =COUNTA('Drain Tank Fieldbus'!$B$5:$B$13) -> 9 | C14: =COUNTIF('Drain Tank Fieldbus'!$A$5:$A$13,"EHT Trace") -> 0 | D14: =COUNTIF('Drain Tank Fieldbus'!$A$5:$A$13,"Power Cable") -> 0 | E14: =COUNTIF('Drain Tank Fieldbus'!$A$5:$A$13,"RTD") -> 0 | F14: =COUNTIF('Drain Tank Fieldbus'!$A$5:$A$13,"RTD Cable") -> 0 | G14: =COUNTIF('Drain Tank Fieldbus'!$I$5:$I$13,"YES")&" / "&(COUNTA('Drain Tank Fieldbus'!$I$5:$I$13)-COUNTIF('Drain Tank Fieldbus'!$I$5:$I$13,"N/A")) -> 9 / 9 | H14: =COUNTIF('Drain Tank Fieldbus'!$J$5:$J$13,"YES")&" / "&(COUNTA('Drain Tank Fieldbus'!$J$5:$J$13)-COUNTIF('Drain Tank Fieldbus'!$J$5:$J$13,"N/A")) -> 9 / 9 | I14: =COUNTIF('Drain Tank Fieldbus'!$K$5:$K$13,"YES")&" / "&(COUNTA('Drain Tank Fieldbus'!$K$5:$K$13)-COUNTIF('Drain Tank Fieldbus'!$K$5:$K$13,"N/A")) -> 0 / 0 | J14: =COUNTIF('Drain Tank Fieldbus'!$L$5:$L$13,"YES")&" / "&(COUNTA('Drain Tank Fieldbus'!$L$5:$L$13)-COUNTIF('Drain Tank Fieldbus'!$L$5:$L$13,"N/A")) -> 0 / 0 | K14: =COUNTIF('Drain Tank Fieldbus'!$M$5:$M$13,"YES")&" / "&(COUNTA('Drain Tank Fieldbus'!$M$5:$M$13)-COUNTIF('Drain Tank Fieldbus'!$M$5:$M$13,"N/A")) -> 0 / 0 | L14: =COUNTIF('Drain Tank Fieldbus'!$N$5:$N$13,"YES")&" / "&(COUNTA('Drain Tank Fieldbus'!$N$5:$N$13)-COUNTIF('Drain Tank Fieldbus'!$N$5:$N$13,"N/A")) -> 0 / 0 | M14: =COUNTIF('Drain Tank Fieldbus'!$O$5:$O$13,"YES")&" / "&(COUNTA('Drain Tank Fieldbus'!$O$5:$O$13)-COUNTIF('Drain Tank Fieldbus'!$O$5:$O$13,"N/A")) -> 9 / 9 | N14: =COUNTIF('Drain Tank Fieldbus'!$P$5:$P$13,"YES")&" / "&(COUNTA('Drain Tank Fieldbus'!$P$5:$P$13)-COUNTIF('Drain Tank Fieldbus'!$P$5:$P$13,"N/A")) -> 0 / 0 | O14: =COUNTIF('Drain Tank Fieldbus'!$Q$5:$Q$13,"YES")&" / "&(COUNTA('Drain Tank Fieldbus'!$Q$5:$Q$13)-COUNTIF('Drain Tank Fieldbus'!$Q$5:$Q$13,"N/A")) -> 0 / 0 | P14: =COUNTIF('Drain Tank Fieldbus'!$R$5:$R$13,"YES")&" / "&(COUNTA('Drain Tank Fieldbus'!$R$5:$R$13)-COUNTIF('Drain Tank Fieldbus'!$R$5:$R$13,"N/A")) -> 9 / 9 | Q14: =COUNTIF('Drain Tank Fieldbus'!$S$5:$S$13,"YES")&" / "&(COUNTA('Drain Tank Fieldbus'!$S$5:$S$13)-COUNTIF('Drain Tank Fieldbus'!$S$5:$S$13,"N/A")) -> 9 / 9
A15: Total | B15: =SUM(B5:B14) -> 1377 | C15: =SUM(C5:C14) -> 587 | D15: =SUM(D5:D14) -> 296 | E15: =SUM(E5:E14) -> 232 | F15: =SUM(F5:F14) -> 253

Sheet 29103-HTP-102
A1: 29103-HTP-102
I3: CHECKSHEETS | T3: TEST RESULTS
A4: Type | B4: Tag | C4: Circuit | D4: Controller | E4: System | F4: ISO / Dwg | G4: Form | H4: File | I4: ITR | J4: Visual | K4: Rec. Megger | L4: Pre-Insul Megger | M4: Post-Insul Megger | N4: Cable IR | O4: Cable Cont. | P4: RTD Pre | Q4: RTD Post | R4: Dated | S4: Complete | T4: Visual Initials | U4: Rec. IR | V4: Rec. Cont. | W4: Rec. Date | X4: Pre IR | Y4: Pre Cont. | Z4: Pre Date | AA4: Post IR | AB4: Post Cont. | AC4: Post Date | AD4: Cable IR | AE4: Cable Cont. | AF4: Meter | AG4: RTD Ω | AH4: RTD Pre (S/C/Com) | AI4: RTD Post (S/C/Com) | AJ4: Part # / Cable | AK4: Length / Size | AL4: Inspected By | AM4: Date | AN4: Remarks
A5: EHT Trace | B5: 29103-ET-A001-1-1 | C5: 29103-ET-A001-1 | D5: HTC-31 / CB-31 | E5: 29103-A-001 | F5: 29103-65R-ET-A001-01-01 | G5: 13.1 | H5: 29103-ET-A001-1-1.pdf | I5: =IF($H5<>"","YES","NO") -> YES | J5: =IF(N($T5)>0,"YES","NO") -> NO | K5: =IF(OR($A5="EHT Trace"),IF(AND($U5<>"",$V5<>""),"YES","NO"),"N/A") -> NO | L5: =IF(OR($A5="EHT Trace"),IF(AND($X5<>"",$Y5<>""),"YES","NO"),"N/A") -> NO | M5: =IF(OR($A5="EHT Trace"),IF(AND($AA5<>"",$AB5<>""),"YES","NO"),"N/A") -> NO | N5: =IF(OR($A5="Power Cable"),IF(AND($AD5<>""),"YES","NO"),"N/A") -> N/A | O5: =IF(OR($A5="Power Cable",$A5="RTD Cable",$A5="Fieldbus Cable"),IF(AND($AE5<>""),"YES","NO"),"N/A") -> N/A | P5: =IF(OR($A5="RTD"),IF(AND($AH5<>""),"YES","NO"),"N/A") -> N/A | Q5: =IF(OR($A5="RTD"),IF(AND($AI5<>""),"YES","NO"),"N/A") -> N/A | R5: =IF(OR($AM5<>"",$Z5<>"",$AC5<>""),"YES","NO") -> NO | S5: =IF(COUNTIF(I5:R5,"NO")=0,"YES","NO") -> NO | AJ5: 5HTV2-CT | AK5: 5.2 m m | AL5: Levy Ostrup
A6: EHT Trace | B6: 29103-ET-A001-1-2 | C6: 29103-ET-A001-1 | D6: HTC-31 / CB-31 | E6: 29103-A-001 | F6: 29103-65R-ET-A001-01-01 | G6: 13.1 | H6: 29103-ET-A001-1-2.pdf | I6: =IF($H6<>"","YES","NO") -> YES | J6: =IF(N($T6)>0,"YES","NO") -> NO | K6: =IF(OR($A6="EHT Trace"),IF(AND($U6<>"",$V6<>""),"YES","NO"),"N/A") -> NO | L6: =IF(OR($A6="EHT Trace"),IF(AND($X6<>"",$Y6<>""),"YES","NO"),"N/A") -> NO | M6: =IF(OR($A6="EHT Trace"),IF(AND($AA6<>"",$AB6<>""),"YES","NO"),"N/A") -> NO | N6: =IF(OR($A6="Power Cable"),IF(AND($AD6<>""),"YES","NO"),"N/A") -> N/A | O6: =IF(OR($A6="Power Cable",$A6="RTD Cable",$A6="Fieldbus Cable"),IF(AND($AE6<>""),"YES","NO"),"N/A") -> N/A | P6: =IF(OR($A6="RTD"),IF(AND($AH6<>""),"YES","NO"),"N/A") -> N/A | Q6: =IF(OR($A6="RTD"),IF(AND($AI6<>""),"YES","NO"),"N/A") -> N/A | R6: =IF(OR($AM6<>"",$Z6<>"",$AC6<>""),"YES","NO") -> NO | S6: =IF(COUNTIF(I6:R6,"NO")=0,"YES","NO") -> NO | AJ6: 5HTV2-CT | AK6: 5.2 m m | AL6: Levy Ostrup
A7: EHT Trace | B7: 29103-ET-HC1901-1-1 | C7: 29103-ET-HC1901-1 | D7: HTC-05 / CB-05 | E7: 29103-HC-1901 | F7: 29103-65R-ET-HC1901-01-01 | G7: 13.1 | H7: 29103-ET-HC1901-1-1.pdf | I7: =IF($H7<>"","YES","NO") -> YES | J7: =IF(N($T7)>0,"YES","NO") -> NO | K7: =IF(OR($A7="EHT Trace"),IF(AND($U7<>"",$V7<>""),"YES","NO"),"N/A") -> NO | L7: =IF(OR($A7="EHT Trace"),IF(AND($X7<>"",$Y7<>""),"YES","NO"),"N/A") -> NO | M7: =IF(OR($A7="EHT Trace"),IF(AND($AA7<>"",$AB7<>""),"YES","NO"),"N/A") -> NO | N7: =IF(OR($A7="Power Cable"),IF(AND($AD7<>""),"YES","NO"),"N/A") -> N/A | O7: =IF(OR($A7="Power Cable",$A7="RTD Cable",$A7="Fieldbus Cable"),IF(AND($AE7<>""),"YES","NO"),"N/A") -> N/A | P7: =IF(OR($A7="RTD"),IF(AND($AH7<>""),"YES","NO"),"N/A") -> N/A | Q7: =IF(OR($A7="RTD"),IF(AND($AI7<>""),"YES","NO"),"N/A") -> N/A | R7: =IF(OR($AM7<>"",$Z7<>"",$AC7<>""),"YES","NO") -> NO | S7: =IF(COUNTIF(I7:R7,"NO")=0,"YES","NO") -> NO | AJ7: 20HTV2-CT | AK7: 12.1 m m | AL7: Levy Ostrup
A8: EHT Trace | B8: 29103-ET-HC1902-1-1 | C8: 29103-ET-HC1902-1 | D8: 29103-AMB-015 | E8: 29103-HC-1902 | F8: 29103-65R-ET-HC1902-01-01 | G8: 13.1 | H8: 29103-ET-HC1902-1-1.pdf | I8: =IF($H8<>"","YES","NO") -> YES | J8: =IF(N($T8)>0,"YES","NO") -> NO | K8: =IF(OR($A8="EHT Trace"),IF(AND($U8<>"",$V8<>""),"YES","NO"),"N/A") -> NO | L8: =IF(OR($A8="EHT Trace"),IF(AND($X8<>"",$Y8<>""),"YES","NO"),"N/A") -> NO | M8: =IF(OR($A8="EHT Trace"),IF(AND($AA8<>"",$AB8<>""),"YES","NO"),"N/A") -> NO | N8: =IF(OR($A8="Power Cable"),IF(AND($AD8<>""),"YES","NO"),"N/A") -> N/A | O8: =IF(OR($A8="Power Cable",$A8="RTD Cable",$A8="Fieldbus Cable"),IF(AND($AE8<>""),"YES","NO"),"N/A") -> N/A | P8: =IF(OR($A8="RTD"),IF(AND($AH8<>""),"YES","NO"),"N/A") -> N/A | Q8: =IF(OR($A8="RTD"),IF(AND($AI8<>""),"YES","NO"),"N/A") -> N/A | R8: =IF(OR($AM8<>"",$Z8<>"",$AC8<>""),"YES","NO") -> NO | S8: =IF(COUNTIF(I8:R8,"NO")=0,"YES","NO") -> NO | AJ8: 8HTV2-CT | AK8: 17 m m | AL8: Levy Ostrup
A9: EHT Trace | B9: 29103-ET-HC1903-1-1 | C9: 29103-ET-HC1903-1 | D9: HTC-04 / CB-04 | E9: 29103-HC-1903, 29103-HC-1902 | F9: 29103-65R-ET-HC1903-01-01 | G9: 13.1 | H9: 29103-ET-HC1903-1-1.pdf | I9: =IF($H9<>"","YES","NO") -> YES | J9: =IF(N($T9)>0,"YES","NO") -> NO | K9: =IF(OR($A9="EHT Trace"),IF(AND($U9<>"",$V9<>""),"YES","NO"),"N/A") -> NO | L9: =IF(OR($A9="EHT Trace"),IF(AND($X9<>"",$Y9<>""),"YES","NO"),"N/A") -> NO | M9: =IF(OR($A9="EHT Trace"),IF(AND($AA9<>"",$AB9<>""),"YES","NO"),"N/A") -> NO | N9: =IF(OR($A9="Power Cable"),IF(AND($AD9<>""),"YES","NO"),"N/A") -> N/A | O9: =IF(OR($A9="Power Cable",$A9="RTD Cable",$A9="Fieldbus Cable"),IF(AND($AE9<>""),"YES","NO"),"N/A") -> N/A | P9: =IF(OR($A9="RTD"),IF(AND($AH9<>""),"YES","NO"),"N/A") -> N/A | Q9: =IF(OR($A9="RTD"),IF(AND($AI9<>""),"YES","NO"),"N/A") -> N/A | R9: =IF(OR($AM9<>"",$Z9<>"",$AC9<>""),"YES","NO") -> NO | S9: =IF(COUNTIF(I9:R9,"NO")=0,"YES","NO") -> NO | AJ9: 8HTV2-CT | AK9: 28.7 m m | AL9: Levy Ostrup
A10: EHT Trace | B10: 29103-ET-HC1903-1-2 | C10: 29103-ET-HC1903-1 | D10: HTC-04 / CB-04 | E10: 29103-HC-1904 | F10: 29103-65R-ET-HC1903-01-01 | G10: 13.1 | H10: 29103-ET-HC1903-1-2.pdf | I10: =IF($H10<>"","YES","NO") -> YES | J10: =IF(N($T10)>0,"YES","NO") -> NO | K10: =IF(OR($A10="EHT Trace"),IF(AND($U10<>"",$V10<>""),"YES","NO"),"N/A") -> NO | L10: =IF(OR($A10="EHT Trace"),IF(AND($X10<>"",$Y10<>""),"YES","NO"),"N/A") -> NO | M10: =IF(OR($A10="EHT Trace"),IF(AND($AA10<>"",$AB10<>""),"YES","NO"),"N/A") -> NO | N10: =IF(OR($A10="Power Cable"),IF(AND($AD10<>""),"YES","NO"),"N/A") -> N/A | O10: =IF(OR($A10="Power Cable",$A10="RTD Cable",$A10="Fieldbus Cable"),IF(AND($AE10<>""),"YES","NO"),"N/A") -> N/A | P10: =IF(OR($A10="RTD"),IF(AND($AH10<>""),"YES","NO"),"N/A") -> N/A | Q10: =IF(OR($A10="RTD"),IF(AND($AI10<>""),"YES","NO"),"N/A") -> N/A | R10: =IF(OR($AM10<>"",$Z10<>"",$AC10<>""),"YES","NO") -> NO | S10: =IF(COUNTIF(I10:R10,"NO")=0,"YES","NO") -> NO | AJ10: 8HTV2-CT | AK10: 32 m m | AL10: Levy Ostrup
A11: EHT Trace | B11: 29103-ET-HC1905-1-1 | C11: 29103-ET-HC1905-1 | D11: 29103-AMB-015 | E11: 29103-HC-1910, 29103-HC-1905 | F11: 29103-65R-ET-HC1905-01-01 | G11: 13.1 | H11: 29103-ET-HC1905-1-1.pdf | I11: =IF($H11<>"","YES","NO") -> YES | J11: =IF(N($T11)>0,"YES","NO") -> NO | K11: =IF(OR($A11="EHT Trace"),IF(AND($U11<>"",$V11<>""),"YES","NO"),"N/A") -> NO | L11: =IF(OR($A11="EHT Trace"),IF(AND($X11<>"",$Y11<>""),"YES","NO"),"N/A") -> NO | M11: =IF(OR($A11="EHT Trace"),IF(AND($AA11<>"",$AB11<>""),"YES","NO"),"N/A") -> NO | N11: =IF(OR($A11="Power Cable"),IF(AND($AD11<>""),"YES","NO"),"N/A") -> N/A | O11: =IF(OR($A11="Power Cable",$A11="RTD Cable",$A11="Fieldbus Cable"),IF(AND($AE11<>""),"YES","NO"),"N/A") -> N/A | P11: =IF(OR($A11="RTD"),IF(AND($AH11<>""),"YES","NO"),"N/A") -> N/A | Q11: =IF(OR($A11="RTD"),IF(AND($AI11<>""),"YES","NO"),"N/A") -> N/A | R11: =IF(OR($AM11<>"",$Z11<>"",$AC11<>""),"YES","NO") -> NO | S11: =IF(COUNTIF(I11:R11,"NO")=0,"YES","NO") -> NO | AJ11: 8HTV2-CT | AK11: 55.5 m m | AL11: Levy Ostrup
A12: EHT Trace | B12: 29103-ET-HC1906-1-1 | C12: 29103-ET-HC1906-1 | D12: HTC-06 / CB-06 | E12: 29103-HC-1906, 29103-HC-1902 | F12: 29103-65R-ET-HC1906-01-01 | G12: 13.1 | H12: 29103-ET-HC1906-1-1.pdf | I12: =IF($H12<>"","YES","NO") -> YES | J12: =IF(N($T12)>0,"YES","NO") -> NO | K12: =IF(OR($A12="EHT Trace"),IF(AND($U12<>"",$V12<>""),"YES","NO"),"N/A") -> NO | L12: =IF(OR($A12="EHT Trace"),IF(AND($X12<>"",$Y12<>""),"YES","NO"),"N/A") -> NO | M12: =IF(OR($A12="EHT Trace"),IF(AND($AA12<>"",$AB12<>""),"YES","NO"),"N/A") -> NO | N12: =IF(OR($A12="Power Cable"),IF(AND($AD12<>""),"YES","NO"),"N/A") -> N/A | O12: =IF(OR($A12="Power Cable",$A12="RTD Cable",$A12="Fieldbus Cable"),IF(AND($AE12<>""),"YES","NO"),"N/A") -> N/A | P12: =IF(OR($A12="RTD"),IF(AND($AH12<>""),"YES","NO"),"N/A") -> N/A | Q12: =IF(OR($A12="RTD"),IF(AND($AI12<>""),"YES","NO"),"N/A") -> N/A | R12: =IF(OR($AM12<>"",$Z12<>"",$AC12<>""),"YES","NO") -> NO | S12: =IF(COUNTIF(I12:R12,"NO")=0,"YES","NO") -> NO | AJ12: 8HTV2-CT | AK12: 29.9 m m | AL12: Levy Ostrup
A13: EHT Trace | B13: 29103-ET-HC1906-1-2 | C13: 29103-ET-HC1906-1 | D13: HTC-06 / CB-06 | E13: 29103-HC-1907 | F13: 29103-65R-ET-HC1906-01-01 | G13: 13.1 | H13: 29103-ET-HC1906-1-2.pdf | I13: =IF($H13<>"","YES","NO") -> YES | J13: =IF(N($T13)>0,"YES","NO") -> NO | K13: =IF(OR($A13="EHT Trace"),IF(AND($U13<>"",$V13<>""),"YES","NO"),"N/A") -> NO | L13: =IF(OR($A13="EHT Trace"),IF(AND($X13<>"",$Y13<>""),"YES","NO"),"N/A") -> NO | M13: =IF(OR($A13="EHT Trace"),IF(AND($AA13<>"",$AB13<>""),"YES","NO"),"N/A") -> NO | N13: =IF(OR($A13="Power Cable"),IF(AND($AD13<>""),"YES","NO"),"N/A") -> N/A | O13: =IF(OR($A13="Power Cable",$A13="RTD Cable",$A13="Fieldbus Cable"),IF(AND($AE13<>""),"YES","NO"),"N/A") -> N/A | P13: =IF(OR($A13="RTD"),IF(AND($AH13<>""),"YES","NO"),"N/A") -> N/A | Q13: =IF(OR($A13="RTD"),IF(AND($AI13<>""),"YES","NO"),"N/A") -> N/A | R13: =IF(OR($AM13<>"",$Z13<>"",$AC13<>""),"YES","NO") -> NO | S13: =IF(COUNTIF(I13:R13,"NO")=0,"YES","NO") -> NO | AJ13: 8HTV2-CT | AK13: 31.5 m m | AL13: Levy Ostrup
A14: EHT Trace | B14: 29103-ET-HC1909-1-1 | C14: 29103-ET-HC1909-1 | D14: 29103-AMB-015 | E14: 29103-HC-1909, 29103-HC-1908 | F14: 29103-65R-ET-HC1909-01-01 | G14: 13.1 | H14: 29103-ET-HC1909-1-1.pdf | I14: =IF($H14<>"","YES","NO") -> YES | J14: =IF(N($T14)>0,"YES","NO") -> NO | K14: =IF(OR($A14="EHT Trace"),IF(AND($U14<>"",$V14<>""),"YES","NO"),"N/A") -> NO | L14: =IF(OR($A14="EHT Trace"),IF(AND($X14<>"",$Y14<>""),"YES","NO"),"N/A") -> NO | M14: =IF(OR($A14="EHT Trace"),IF(AND($AA14<>"",$AB14<>""),"YES","NO"),"N/A") -> NO | N14: =IF(OR($A14="Power Cable"),IF(AND($AD14<>""),"YES","NO"),"N/A") -> N/A | O14: =IF(OR($A14="Power Cable",$A14="RTD Cable",$A14="Fieldbus Cable"),IF(AND($AE14<>""),"YES","NO"),"N/A") -> N/A | P14: =IF(OR($A14="RTD"),IF(AND($AH14<>""),"YES","NO"),"N/A") -> N/A | Q14: =IF(OR($A14="RTD"),IF(AND($AI14<>""),"YES","NO"),"N/A") -> N/A | R14: =IF(OR($AM14<>"",$Z14<>"",$AC14<>""),"YES","NO") -> NO | S14: =IF(COUNTIF(I14:R14,"NO")=0,"YES","NO") -> NO | AJ14: 8HTV2-CT | AK14: 49 m m | AL14: Levy Ostrup
A15: EHT Trace | B15: 29103-ET-MT0001-1-1 | C15: 29103-ET-MT0001-1 | D15: HTC-09 / CB-09 | E15: 29103-MT-0001 | F15: 29103-65R-ET-MT0001-01-01 | G15: 13.1 | H15: 29103-ET-MT0001-1-1.pdf | I15: =IF($H15<>"","YES","NO") -> YES | J15: =IF(N($T15)>0,"YES","NO") -> NO | K15: =IF(OR($A15="EHT Trace"),IF(AND($U15<>"",$V15<>""),"YES","NO"),"N/A") -> NO | L15: =IF(OR($A15="EHT Trace"),IF(AND($X15<>"",$Y15<>""),"YES","NO"),"N/A") -> NO | M15: =IF(OR($A15="EHT Trace"),IF(AND($AA15<>"",$AB15<>""),"YES","NO"),"N/A") -> NO | N15: =IF(OR($A15="Power Cable"),IF(AND($AD15<>""),"YES","NO"),"N/A") -> N/A | O15: =IF(OR($A15="Power Cable",$A15="RTD Cable",$A15="Fieldbus Cable"),IF(AND($AE15<>""),"YES","NO"),"N/A") -> N/A | P15: =IF(OR($A15="RTD"),IF(AND($AH15<>""),"YES","NO"),"N/A") -> N/A | Q15: =IF(OR($A15="RTD"),IF(AND($AI15<>""),"YES","NO"),"N/A") -> N/A | R15: =IF(OR($AM15<>"",$Z15<>"",$AC15<>""),"YES","NO") -> NO | S15: =IF(COUNTIF(I15:R15,"NO")=0,"YES","NO") -> NO | AJ15: 20HTV2-CT | AK15: 3.7 m m | AL15: Levy Ostrup
A16: EHT Trace | B16: 29103-ET-MT0001-1-2 | C16: 29103-ET-MT0001-1 | D16: HTC-09 / CB-09 | E16: 29103-MT-0001 | F16: 29103-65R-ET-MT0001-01-01 | G16: 13.1 | H16: 29103-ET-MT0001-1-2.pdf | I16: =IF($H16<>"","YES","NO") -> YES | J16: =IF(N($T16)>0,"YES","NO") -> NO | K16: =IF(OR($A16="EHT Trace"),IF(AND($U16<>"",$V16<>""),"YES","NO"),"N/A") -> NO | L16: =IF(OR($A16="EHT Trace"),IF(AND($X16<>"",$Y16<>""),"YES","NO"),"N/A") -> NO | M16: =IF(OR($A16="EHT Trace"),IF(AND($AA16<>"",$AB16<>""),"YES","NO"),"N/A") -> NO | N16: =IF(OR($A16="Power Cable"),IF(AND($AD16<>""),"YES","NO"),"N/A") -> N/A | O16: =IF(OR($A16="Power Cable",$A16="RTD Cable",$A16="Fieldbus Cable"),IF(AND($AE16<>""),"YES","NO"),"N/A") -> N/A | P16: =IF(OR($A16="RTD"),IF(AND($AH16<>""),"YES","NO"),"N/A") -> N/A | Q16: =IF(OR($A16="RTD"),IF(AND($AI16<>""),"YES","NO"),"N/A") -> N/A | R16: =IF(OR($AM16<>"",$Z16<>"",$AC16<>""),"YES","NO") -> NO | S16: =IF(COUNTIF(I16:R16,"NO")=0,"YES","NO") -> NO | AJ16: 20HTV2-CT | AK16: 12.3 m m | AL16: Levy Ostrup
... A28: EHT Trace | B28: 29103-ET-P001B-4-2 | C28: 29103-ET-P001B-4 | D28: HTC-16 / CB-16 | E28: 29103-P-001B | F28: 29103-65R-ET-P001B-04-01 | G28: 13.1 | H28: 29103-ET-P001B-4-2.pdf | I28: =IF($H28<>"","YES","NO") -> YES | J28: =IF(N($T28)>0,"YES","NO") -> NO | K28: =IF(OR($A28="EHT Trace"),IF(AND($U28<>"",$V28<>""),"YES","NO"),"N/A") -> NO | L28: =IF(OR($A28="EHT Trace"),IF(AND($X28<>"",$Y28<>""),"YES","NO"),"N/A") -> NO | M28: =IF(OR($A28="EHT Trace"),IF(AND($AA28<>"",$AB28<>""),"YES","NO"),"N/A") -> NO | N28: =IF(OR($A28="Power Cable"),IF(AND($AD28<>""),"YES","NO"),"N/A") -> N/A | O28: =IF(OR($A28="Power Cable",$A28="RTD Cable",$A28="Fieldbus Cable"),IF(AND($AE28<>""),"YES","NO"),"N/A") -> N/A | P28: =IF(OR($A28="RTD"),IF(AND($AH28<>""),"YES","NO"),"N/A") -> N/A | Q28: =IF(OR($A28="RTD"),IF(AND($AI28<>""),"YES","NO"),"N/A") -> N/A | R28: =IF(OR($AM28<>"",$Z28<>"",$AC28<>""),"YES","NO") -> NO | S28: =IF(COUNTIF(I28:R28,"NO")=0,"YES","NO") -> NO | AJ28: 10XTVR2-CT | AK28: 24.6 m m | AL28: Levy Ostrup
A29: EHT Trace | B29: 29103-ET-P1003-1-1 | C29: 29103-ET-P1003-1 | D29: HTC-19 / CB-19 | E29: 29103-P-1003 | F29: 29103-65R-ET-P1003-01-01 | G29: 13.1 | H29: 29103-ET-P1003-1-1.pdf | I29: =IF($H29<>"","YES","NO") -> YES | J29: =IF(N($T29)>0,"YES","NO") -> NO | K29: =IF(OR($A29="EHT Trace"),IF(AND($U29<>"",$V29<>""),"YES","NO"),"N/A") -> YES | L29: =IF(OR($A29="EHT Trace"),IF(AND($X29<>"",$Y29<>""),"YES","NO"),"N/A") -> NO | M29: =IF(OR($A29="EHT Trace"),IF(AND($AA29<>"",$AB29<>""),"YES","NO"),"N/A") -> NO | N29: =IF(OR($A29="Power Cable"),IF(AND($AD29<>""),"YES","NO"),"N/A") -> N/A | O29: =IF(OR($A29="Power Cable",$A29="RTD Cable",$A29="Fieldbus Cable"),IF(AND($AE29<>""),"YES","NO"),"N/A") -> N/A | P29: =IF(OR($A29="RTD"),IF(AND($AH29<>""),"YES","NO"),"N/A") -> N/A | Q29: =IF(OR($A29="RTD"),IF(AND($AI29<>""),"YES","NO"),"N/A") -> N/A | R29: =IF(OR($AM29<>"",$Z29<>"",$AC29<>""),"YES","NO") -> NO | S29: =IF(COUNTIF(I29:R29,"NO")=0,"YES","NO") -> NO | U29: >2.2 GΩ | V29: 38.1 Ω | W29: 2026-05-17 | AJ29: D/32SQ3374/30.1M/1899/277/2.1M/LS23A/X/N12 | AK29: 30.1 m m | AL29: Levy Ostrup
A30: EHT Trace | B30: 29103-ET-P1003-1-2 | C30: 29103-ET-P1003-1 | D30: HTC-19 / CB-19 | E30: 29103-P-1003 | F30: 29103-65R-ET-P1003-01-01 | G30: 13.1 | H30: 29103-ET-P1003-1-2.pdf | I30: =IF($H30<>"","YES","NO") -> YES | J30: =IF(N($T30)>0,"YES","NO") -> NO | K30: =IF(OR($A30="EHT Trace"),IF(AND($U30<>"",$V30<>""),"YES","NO"),"N/A") -> YES | L30: =IF(OR($A30="EHT Trace"),IF(AND($X30<>"",$Y30<>""),"YES","NO"),"N/A") -> NO | M30: =IF(OR($A30="EHT Trace"),IF(AND($AA30<>"",$AB30<>""),"YES","NO"),"N/A") -> NO | N30: =IF(OR($A30="Power Cable"),IF(AND($AD30<>""),"YES","NO"),"N/A") -> N/A | O30: =IF(OR($A30="Power Cable",$A30="RTD Cable",$A30="Fieldbus Cable"),IF(AND($AE30<>""),"YES","NO"),"N/A") -> N/A | P30: =IF(OR($A30="RTD"),IF(AND($AH30<>""),"YES","NO"),"N/A") -> N/A | Q30: =IF(OR($A30="RTD"),IF(AND($AI30<>""),"YES","NO"),"N/A") -> N/A | R30: =IF(OR($AM30<>"",$Z30<>"",$AC30<>""),"YES","NO") -> NO | S30: =IF(COUNTIF(I30:R30,"NO")=0,"YES","NO") -> NO | U30: >2.2 GΩ | V30: 38.1 Ω | W30: 2026-05-17 | AJ30: D/32SQ3374/30.1M/1899/277/2.1M/LS23A/X/N12 | AK30: 30.1 m m | AL30: Levy Ostrup
A31: EHT Trace | B31: 29103-ET-P1004-1-1 | C31: 29103-ET-P1004-1 | D31: HTC-20 / CB-20 | E31: 29103-P-1004 | F31: 29103-65R-ET-P1004-01-01 | G31: 13.1 | H31: 29103-ET-P1004-1-1.pdf | I31: =IF($H31<>"","YES","NO") -> YES | J31: =IF(N($T31)>0,"YES","NO") -> NO | K31: =IF(OR($A31="EHT Trace"),IF(AND($U31<>"",$V31<>""),"YES","NO"),"N/A") -> YES | L31: =IF(OR($A31="EHT Trace"),IF(AND($X31<>"",$Y31<>""),"YES","NO"),"N/A") -> NO | M31: =IF(OR($A31="EHT Trace"),IF(AND($AA31<>"",$AB31<>""),"YES","NO"),"N/A") -> NO | N31: =IF(OR($A31="Power Cable"),IF(AND($AD31<>""),"YES","NO"),"N/A") -> N/A | O31: =IF(OR($A31="Power Cable",$A31="RTD Cable",$A31="Fieldbus Cable"),IF(AND($AE31<>""),"YES","NO"),"N/A") -> N/A | P31: =IF(OR($A31="RTD"),IF(AND($AH31<>""),"YES","NO"),"N/A") -> N/A | Q31: =IF(OR($A31="RTD"),IF(AND($AI31<>""),"YES","NO"),"N/A") -> N/A | R31: =IF(OR($AM31<>"",$Z31<>"",$AC31<>""),"YES","NO") -> NO | S31: =IF(COUNTIF(I31:R31,"NO")=0,"YES","NO") -> NO | U31: >2.2 GΩ | V31: 30.3 Ω | W31: 2026-05-17 | AJ31: D/32SQ3200/44.1M/2426/277/2.1M/LS23A/X/N12 | AK31: 44.1 m m | AL31: Levy Ostrup
A32: EHT Trace | B32: 29103-ET-P1004-1-2 | C32: 29103-ET-P1004-1 | D32: HTC-20 / CB-20 | E32: 29103-P-1004 | F32: 29103-65R-ET-P1004-01-01 | G32: 13.1 | H32: 29103-ET-P1004-1-2.pdf | I32: =IF($H32<>"","YES","NO") -> YES | J32: =IF(N($T32)>0,"YES","NO") -> NO | K32: =IF(OR($A32="EHT Trace"),IF(AND($U32<>"",$V32<>""),"YES","NO"),"N/A") -> YES | L32: =IF(OR($A32="EHT Trace"),IF(AND($X32<>"",$Y32<>""),"YES","NO"),"N/A") -> NO | M32: =IF(OR($A32="EHT Trace"),IF(AND($AA32<>"",$AB32<>""),"YES","NO"),"N/A") -> NO | N32: =IF(OR($A32="Power Cable"),IF(AND($AD32<>""),"YES","NO"),"N/A") -> N/A | O32: =IF(OR($A32="Power Cable",$A32="RTD Cable",$A32="Fieldbus Cable"),IF(AND($AE32<>""),"YES","NO"),"N/A") -> N/A | P32: =IF(OR($A32="RTD"),IF(AND($AH32<>""),"YES","NO"),"N/A") -> N/A | Q32: =IF(OR($A32="RTD"),IF(AND($AI32<>""),"YES","NO"),"N/A") -> N/A | R32: =IF(OR($AM32<>"",$Z32<>"",$AC32<>""),"YES","NO") -> NO | S32: =IF(COUNTIF(I32:R32,"NO")=0,"YES","NO") -> NO | U32: >2.2 GΩ | V32: 30.2 Ω | W32: 2026-05-17 | AJ32: D/32SQ3200/44.1M/2426/277/2.1M/LS23A/X/N12 | AK32: 44.1 m m | AL32: Levy Ostrup
A33: EHT Trace | B33: 29103-ET-P1920-1-1 | C33: 29103-ET-P1920-1 | D33: HTC-22 / CB-22 | E33: 29103-P-1920 | F33: 29103-65R-ET-P1920-01-01 | G33: 13.1 | H33: 29103-ET-P1920-1-1.pdf | I33: =IF($H33<>"","YES","NO") -> YES | J33: =IF(N($T33)>0,"YES","NO") -> NO | K33: =IF(OR($A33="EHT Trace"),IF(AND($U33<>"",$V33<>""),"YES","NO"),"N/A") -> NO | L33: =IF(OR($A33="EHT Trace"),IF(AND($X33<>"",$Y33<>""),"YES","NO"),"N/A") -> NO | M33: =IF(OR($A33="EHT Trace"),IF(AND($AA33<>"",$AB33<>""),"YES","NO"),"N/A") -> NO | N33: =IF(OR($A33="Power Cable"),IF(AND($AD33<>""),"YES","NO"),"N/A") -> N/A | O33: =IF(OR($A33="Power Cable",$A33="RTD Cable",$A33="Fieldbus Cable"),IF(AND($AE33<>""),"YES","NO"),"N/A") -> N/A | P33: =IF(OR($A33="RTD"),IF(AND($AH33<>""),"YES","NO"),"N/A") -> N/A | Q33: =IF(OR($A33="RTD"),IF(AND($AI33<>""),"YES","NO"),"N/A") -> N/A | R33: =IF(OR($AM33<>"",$Z33<>"",$AC33<>""),"YES","NO") -> NO | S33: =IF(COUNTIF(I33:R33,"NO")=0,"YES","NO") -> NO | AJ33: 5HTV2-CT | AK33: 117.5 m m | AL33: Levy Ostrup
A34: EHT Trace | B34: 29103-ET-P1920-2-1 | C34: 29103-ET-P1920-2 | D34: 29103-AMB-016 | E34: 29103-P-1920 | F34: 29103-65R-ET-P1920-02-01 | G34: 13.1 | H34: 29103-ET-P1920-2-1.pdf | I34: =IF($H34<>"","YES","NO") -> YES | J34: =IF(N($T34)>0,"YES","NO") -> NO | K34: =IF(OR($A34="EHT Trace"),IF(AND($U34<>"",$V34<>""),"YES","NO"),"N/A") -> NO | L34: =IF(OR($A34="EHT Trace"),IF(AND($X34<>"",$Y34<>""),"YES","NO"),"N/A") -> NO | M34: =IF(OR($A34="EHT Trace"),IF(AND($AA34<>"",$AB34<>""),"YES","NO"),"N/A") -> NO | N34: =IF(OR($A34="Power Cable"),IF(AND($AD34<>""),"YES","NO"),"N/A") -> N/A | O34: =IF(OR($A34="Power Cable",$A34="RTD Cable",$A34="Fieldbus Cable"),IF(AND($AE34<>""),"YES","NO"),"N/A") -> N/A | P34: =IF(OR($A34="RTD"),IF(AND($AH34<>""),"YES","NO"),"N/A") -> N/A | Q34: =IF(OR($A34="RTD"),IF(AND($AI34<>""),"YES","NO"),"N/A") -> N/A | R34: =IF(OR($AM34<>"",$Z34<>"",$AC34<>""),"YES","NO") -> NO | S34: =IF(COUNTIF(I34:R34,"NO")=0,"YES","NO") -> NO | AJ34: 5HTV2-CT | AK34: 32.4 m m | AL34: Levy Ostrup
A35: EHT Trace | B35: 29103-ET-PG1901-1-1 | C35: 29103-ET-PG1901-1 | D35: 29103-AMB-016 | E35: 29103-PG-1902, 29103-PG-1901 | F35: 29103-65R-ET-PG1901-01-01 | G35: 13.1 | H35: 29103-ET-PG1901-1-1.pdf | I35: =IF($H35<>"","YES","NO") -> YES | J35: =IF(N($T35)>0,"YES","NO") -> NO | K35: =IF(OR($A35="EHT Trace"),IF(AND($U35<>"",$V35<>""),"YES","NO"),"N/A") -> NO | L35: =IF(OR($A35="EHT Trace"),IF(AND($X35<>"",$Y35<>""),"YES","NO"),"N/A") -> NO | M35: =IF(OR($A35="EHT Trace"),IF(AND($AA35<>"",$AB35<>""),"YES","NO"),"N/A") -> NO | N35: =IF(OR($A35="Power Cable"),IF(AND($AD35<>""),"YES","NO"),"N/A") -> N/A | O35: =IF(OR($A35="Power Cable",$A35="RTD Cable",$A35="Fieldbus Cable"),IF(AND($AE35<>""),"YES","NO"),"N/A") -> N/A | P35: =IF(OR($A35="RTD"),IF(AND($AH35<>""),"YES","NO"),"N/A") -> N/A | Q35: =IF(OR($A35="RTD"),IF(AND($AI35<>""),"YES","NO"),"N/A") -> N/A | R35: =IF(OR($AM35<>"",$Z35<>"",$AC35<>""),"YES","NO") -> NO | S35: =IF(COUNTIF(I35:R35,"NO")=0,"YES","NO") -> NO | AJ35: 8HTV2-CT | AK35: 16.3 m m | AL35: Levy Ostrup
A36: EHT Trace | B36: 29103-ET-PG1903-1-1 | C36: 29103-ET-PG1903-1 | D36: HTC-12 / CB-12 | E36: 29103-PG-1903 | F36: 29103-65R-ET-PG1903-01-01 | G36: 13.1 | H36: 29103-ET-PG1903-1-1.pdf | I36: =IF($H36<>"","YES","NO") -> YES | J36: =IF(N($T36)>0,"YES","NO") -> NO | K36: =IF(OR($A36="EHT Trace"),IF(AND($U36<>"",$V36<>""),"YES","NO"),"N/A") -> NO | L36: =IF(OR($A36="EHT Trace"),IF(AND($X36<>"",$Y36<>""),"YES","NO"),"N/A") -> NO | M36: =IF(OR($A36="EHT Trace"),IF(AND($AA36<>"",$AB36<>""),"YES","NO"),"N/A") -> NO | N36: =IF(OR($A36="Power Cable"),IF(AND($AD36<>""),"YES","NO"),"N/A") -> N/A | O36: =IF(OR($A36="Power Cable",$A36="RTD Cable",$A36="Fieldbus Cable"),IF(AND($AE36<>""),"YES","NO"),"N/A") -> N/A | P36: =IF(OR($A36="RTD"),IF(AND($AH36<>""),"YES","NO"),"N/A") -> N/A | Q36: =IF(OR($A36="RTD"),IF(AND($AI36<>""),"YES","NO"),"N/A") -> N/A | R36: =IF(OR($AM36<>"",$Z36<>"",$AC36<>""),"YES","NO") -> NO | S36: =IF(COUNTIF(I36:R36,"NO")=0,"YES","NO") -> NO | AJ36: 10HTV2-CT | AK36: 54.1 m m | AL36: Levy Ostrup
A37: EHT Trace | B37: 29103-ET-ST0001-1-1 | C37: 29103-ET-ST0001-1 | D37: HTC-14 / CB-14 | E37: 29103-ST-0001 | F37: 29103-65R-ET-ST0001-01-01 | G37: 13.1 | H37: 29103-ET-ST0001-1-1.pdf | I37: =IF($H37<>"","YES","NO") -> YES | J37: =IF(N($T37)>0,"YES","NO") -> NO | K37: =IF(OR($A37="EHT Trace"),IF(AND($U37<>"",$V37<>""),"YES","NO"),"N/A") -> NO | L37: =IF(OR($A37="EHT Trace"),IF(AND($X37<>"",$Y37<>""),"YES","NO"),"N/A") -> NO | M37: =IF(OR($A37="EHT Trace"),IF(AND($AA37<>"",$AB37<>""),"YES","NO"),"N/A") -> NO | N37: =IF(OR($A37="Power Cable"),IF(AND($AD37<>""),"YES","NO"),"N/A") -> N/A | O37: =IF(OR($A37="Power Cable",$A37="RTD Cable",$A37="Fieldbus Cable"),IF(AND($AE37<>""),"YES","NO"),"N/A") -> N/A | P37: =IF(OR($A37="RTD"),IF(AND($AH37<>""),"YES","NO"),"N/A") -> N/A | Q37: =IF(OR($A37="RTD"),IF(AND($AI37<>""),"YES","NO"),"N/A") -> N/A | R37: =IF(OR($AM37<>"",$Z37<>"",$AC37<>""),"YES","NO") -> NO | S37: =IF(COUNTIF(I37:R37,"NO")=0,"YES","NO") -> NO | AJ37: D/32SA2275/24.1M/352/277/1.2M/LS23A/X/N12 | AK37: 24.1 m m | AL37: Levy Ostrup
A38: EHT Trace | B38: 29103-ET-ST0003-1-1 | C38: 29103-ET-ST0003-1 | D38: 29103-AMB-016 | E38: 29103-V-0001, 29103-ST-0003 | F38: 29103-65R-ET-ST0003-01-01 | G38: 13.1 | H38: 29103-ET-ST0003-1-1.pdf | I38: =IF($H38<>"","YES","NO") -> YES | J38: =IF(N($T38)>0,"YES","NO") -> NO | K38: =IF(OR($A38="EHT Trace"),IF(AND($U38<>"",$V38<>""),"YES","NO"),"N/A") -> NO | L38: =IF(OR($A38="EHT Trace"),IF(AND($X38<>"",$Y38<>""),"YES","NO"),"N/A") -> NO | M38: =IF(OR($A38="EHT Trace"),IF(AND($AA38<>"",$AB38<>""),"YES","NO"),"N/A") -> NO | N38: =IF(OR($A38="Power Cable"),IF(AND($AD38<>""),"YES","NO"),"N/A") -> N/A | O38: =IF(OR($A38="Power Cable",$A38="RTD Cable",$A38="Fieldbus Cable"),IF(AND($AE38<>""),"YES","NO"),"N/A") -> N/A | P38: =IF(OR($A38="RTD"),IF(AND($AH38<>""),"YES","NO"),"N/A") -> N/A | Q38: =IF(OR($A38="RTD"),IF(AND($AI38<>""),"YES","NO"),"N/A") -> N/A | R38: =IF(OR($AM38<>"",$Z38<>"",$AC38<>""),"YES","NO") -> NO | S38: =IF(COUNTIF(I38:R38,"NO")=0,"YES","NO") -> NO | AJ38: 5HTV2-CT | AK38: 10.2 m m | AL38: Levy Ostrup
A39: EHT Trace | B39: 29103-ET-ST1816-1-1 | C39: 29103-ET-ST1816-1 | D39: 29103-AMB-016 | E39: 29103-ST-1817, 29103-ST-1816, 29103-ST-0002 | F39: 29103-65R-ET-ST1816-01-01 | G39: 13.1 | H39: 29103-ET-ST1816-1-1.pdf | I39: =IF($H39<>"","YES","NO") -> YES | J39: =IF(N($T39)>0,"YES","NO") -> NO | K39: =IF(OR($A39="EHT Trace"),IF(AND($U39<>"",$V39<>""),"YES","NO"),"N/A") -> NO | L39: =IF(OR($A39="EHT Trace"),IF(AND($X39<>"",$Y39<>""),"YES","NO"),"N/A") -> NO | M39: =IF(OR($A39="EHT Trace"),IF(AND($AA39<>"",$AB39<>""),"YES","NO"),"N/A") -> NO | N39: =IF(OR($A39="Power Cable"),IF(AND($AD39<>""),"YES","NO"),"N/A") -> N/A | O39: =IF(OR($A39="Power Cable",$A39="RTD Cable",$A39="Fieldbus Cable"),IF(AND($AE39<>""),"YES","NO"),"N/A") -> N/A | P39: =IF(OR($A39="RTD"),IF(AND($AH39<>""),"YES","NO"),"N/A") -> N/A | Q39: =IF(OR($A39="RTD"),IF(AND($AI39<>""),"YES","NO"),"N/A") -> N/A | R39: =IF(OR($AM39<>"",$Z39<>"",$AC39<>""),"YES","NO") -> NO | S39: =IF(COUNTIF(I39:R39,"NO")=0,"YES","NO") -> NO | AJ39: 5HTV2-CT | AK39: 34.2 m m | AL39: Levy Ostrup
A40: EHT Trace | B40: 29103-ET-ST1816-1-2 | C40: 29103-ET-ST1816-1 | D40: 29103-AMB-016 | E40: 29103-ST-1818, 29103-ST-1816 | F40: 29103-65R-ET-ST1816-01-01 | G40: 13.1 | H40: 29103-ET-ST1816-1-2.pdf | I40: =IF($H40<>"","YES","NO") -> YES | J40: =IF(N($T40)>0,"YES","NO") -> NO | K40: =IF(OR($A40="EHT Trace"),IF(AND($U40<>"",$V40<>""),"YES","NO"),"N/A") -> NO | L40: =IF(OR($A40="EHT Trace"),IF(AND($X40<>"",$Y40<>""),"YES","NO"),"N/A") -> NO | M40: =IF(OR($A40="EHT Trace"),IF(AND($AA40<>"",$AB40<>""),"YES","NO"),"N/A") -> NO | N40: =IF(OR($A40="Power Cable"),IF(AND($AD40<>""),"YES","NO"),"N/A") -> N/A | O40: =IF(OR($A40="Power Cable",$A40="RTD Cable",$A40="Fieldbus Cable"),IF(AND($AE40<>""),"YES","NO"),"N/A") -> N/A | P40: =IF(OR($A40="RTD"),IF(AND($AH40<>""),"YES","NO"),"N/A") -> N/A | Q40: =IF(OR($A40="RTD"),IF(AND($AI40<>""),"YES","NO"),"N/A") -> N/A | R40: =IF(OR($AM40<>"",$Z40<>"",$AC40<>""),"YES","NO") -> NO | S40: =IF(COUNTIF(I40:R40,"NO")=0,"YES","NO") -> NO | AJ40: 5HTV2-CT | AK40: 27.1 m m | AL40: Levy Ostrup
A41: EHT Trace | B41: 29103-ET-V1900-1-1 | C41: 29103-ET-V1900-1 | D41: HTC-17 / CB-17 | E41: 29103-V-1900 | F41: 29103-65R-ET-V1900-01-01 | G41: 13.1 | H41: 29103-ET-V1900-1-1.pdf | I41: =IF($H41<>"","YES","NO") -> YES | J41: =IF(N($T41)>0,"YES","NO") -> NO | K41: =IF(OR($A41="EHT Trace"),IF(AND($U41<>"",$V41<>""),"YES","NO"),"N/A") -> NO | L41: =IF(OR($A41="EHT Trace"),IF(AND($X41<>"",$Y41<>""),"YES","NO"),"N/A") -> NO | M41: =IF(OR($A41="EHT Trace"),IF(AND($AA41<>"",$AB41<>""),"YES","NO"),"N/A") -> NO | N41: =IF(OR($A41="Power Cable"),IF(AND($AD41<>""),"YES","NO"),"N/A") -> N/A | O41: =IF(OR($A41="Power Cable",$A41="RTD Cable",$A41="Fieldbus Cable"),IF(AND($AE41<>""),"YES","NO"),"N/A") -> N/A | P41: =IF(OR($A41="RTD"),IF(AND($AH41<>""),"YES","NO"),"N/A") -> N/A | Q41: =IF(OR($A41="RTD"),IF(AND($AI41<>""),"YES","NO"),"N/A") -> N/A | R41: =IF(OR($AM41<>"",$Z41<>"",$AC41<>""),"YES","NO") -> NO | S41: =IF(COUNTIF(I41:R41,"NO")=0,"YES","NO") -> NO | AJ41: 20HTV2-CT | AK41: 17.1 m m | AL41: Levy Ostrup
A42: EHT Trace | B42: 29103-ET-V1900-1-2 | C42: 29103-ET-V1900-1 | D42: HTC-17 / CB-17 | E42: 29103-V-1900 | F42: 29103-65R-ET-V1900-01-01 | G42: 13.1 | H42: 29103-ET-V1900-1-2.pdf | I42: =IF($H42<>"","YES","NO") -> YES | J42: =IF(N($T42)>0,"YES","NO") -> NO | K42: =IF(OR($A42="EHT Trace"),IF(AND($U42<>"",$V42<>""),"YES","NO"),"N/A") -> NO | L42: =IF(OR($A42="EHT Trace"),IF(AND($X42<>"",$Y42<>""),"YES","NO"),"N/A") -> NO | M42: =IF(OR($A42="EHT Trace"),IF(AND($AA42<>"",$AB42<>""),"YES","NO"),"N/A") -> NO | N42: =IF(OR($A42="Power Cable"),IF(AND($AD42<>""),"YES","NO"),"N/A") -> N/A | O42: =IF(OR($A42="Power Cable",$A42="RTD Cable",$A42="Fieldbus Cable"),IF(AND($AE42<>""),"YES","NO"),"N/A") -> N/A | P42: =IF(OR($A42="RTD"),IF(AND($AH42<>""),"YES","NO"),"N/A") -> N/A | Q42: =IF(OR($A42="RTD"),IF(AND($AI42<>""),"YES","NO"),"N/A") -> N/A | R42: =IF(OR($AM42<>"",$Z42<>"",$AC42<>""),"YES","NO") -> NO | S42: =IF(COUNTIF(I42:R42,"NO")=0,"YES","NO") -> NO | AJ42: 20HTV2-CT | AK42: 15.2 m m | AL42: Levy Ostrup
A43: EHT Trace | B43: 29209-ET-A001-1-1 | C43: 29209-ET-A001-1 | D43: HTC-29 / CB-29 | E43: 29209-A-001 | F43: 29209-65R-ET-A001-01-01 | G43: 13.1 | H43: 29209-ET-A001-1-1.pdf | I43: =IF($H43<>"","YES","NO") -> YES | J43: =IF(N($T43)>0,"YES","NO") -> NO | K43: =IF(OR($A43="EHT Trace"),IF(AND($U43<>"",$V43<>""),"YES","NO"),"N/A") -> NO | L43: =IF(OR($A43="EHT Trace"),IF(AND($X43<>"",$Y43<>""),"YES","NO"),"N/A") -> NO | M43: =IF(OR($A43="EHT Trace"),IF(AND($AA43<>"",$AB43<>""),"YES","NO"),"N/A") -> NO | N43: =IF(OR($A43="Power Cable"),IF(AND($AD43<>""),"YES","NO"),"N/A") -> N/A | O43: =IF(OR($A43="Power Cable",$A43="RTD Cable",$A43="Fieldbus Cable"),IF(AND($AE43<>""),"YES","NO"),"N/A") -> N/A | P43: =IF(OR($A43="RTD"),IF(AND($AH43<>""),"YES","NO"),"N/A") -> N/A | Q43: =IF(OR($A43="RTD"),IF(AND($AI43<>""),"YES","NO"),"N/A") -> N/A | R43: =IF(OR($AM43<>"",$Z43<>"",$AC43<>""),"YES","NO") -> NO | S43: =IF(COUNTIF(I43:R43,"NO")=0,"YES","NO") -> NO | AJ43: 5HTV2-CT | AK43: 4.9 m m | AL43: Levy Ostrup
A44: EHT Trace | B44: 29209-ET-A001-1-2 | C44: 29209-ET-A001-1 | D44: HTC-29 / CB-29 | E44: 29209-A-001 | F44: 29209-65R-ET-A001-01-01 | G44: 13.1 | H44: 29209-ET-A001-1-2.pdf | I44: =IF($H44<>"","YES","NO") -> YES | J44: =IF(N($T44)>0,"YES","NO") -> NO | K44: =IF(OR($A44="EHT Trace"),IF(AND($U44<>"",$V44<>""),"YES","NO"),"N/A") -> NO | L44: =IF(OR($A44="EHT Trace"),IF(AND($X44<>"",$Y44<>""),"YES","NO"),"N/A") -> NO | M44: =IF(OR($A44="EHT Trace"),IF(AND($AA44<>"",$AB44<>""),"YES","NO"),"N/A") -> NO | N44: =IF(OR($A44="Power Cable"),IF(AND($AD44<>""),"YES","NO"),"N/A") -> N/A | O44: =IF(OR($A44="Power Cable",$A44="RTD Cable",$A44="Fieldbus Cable"),IF(AND($AE44<>""),"YES","NO"),"N/A") -> N/A | P44: =IF(OR($A44="RTD"),IF(AND($AH44<>""),"YES","NO"),"N/A") -> N/A | Q44: =IF(OR($A44="RTD"),IF(AND($AI44<>""),"YES","NO"),"N/A") -> N/A | R44: =IF(OR($AM44<>"",$Z44<>"",$AC44<>""),"YES","NO") -> NO | S44: =IF(COUNTIF(I44:R44,"NO")=0,"YES","NO") -> NO | AJ44: 5HTV2-CT | AK44: 4.9 m m | AL44: Levy Ostrup
... A48: EHT Trace | B48: 29209-ET-P6020-1-1 | C48: 29209-ET-P6020-1 | D48: HTC-23 / CB-23 | E48: 29209-P-6020 | F48: 29209-65R-ET-P6020-01-01 | G48: 13.1 | H48: 29209-ET-P6020-1-1.pdf | I48: =IF($H48<>"","YES","NO") -> YES | J48: =IF(N($T48)>0,"YES","NO") -> NO | K48: =IF(OR($A48="EHT Trace"),IF(AND($U48<>"",$V48<>""),"YES","NO"),"N/A") -> NO | L48: =IF(OR($A48="EHT Trace"),IF(AND($X48<>"",$Y48<>""),"YES","NO"),"N/A") -> NO | M48: =IF(OR($A48="EHT Trace"),IF(AND($AA48<>"",$AB48<>""),"YES","NO"),"N/A") -> NO | N48: =IF(OR($A48="Power Cable"),IF(AND($AD48<>""),"YES","NO"),"N/A") -> N/A | O48: =IF(OR($A48="Power Cable",$A48="RTD Cable",$A48="Fieldbus Cable"),IF(AND($AE48<>""),"YES","NO"),"N/A") -> N/A | P48: =IF(OR($A48="RTD"),IF(AND($AH48<>""),"YES","NO"),"N/A") -> N/A | Q48: =IF(OR($A48="RTD"),IF(AND($AI48<>""),"YES","NO"),"N/A") -> N/A | R48: =IF(OR($AM48<>"",$Z48<>"",$AC48<>""),"YES","NO") -> NO | S48: =IF(COUNTIF(I48:R48,"NO")=0,"YES","NO") -> NO | AJ48: D/32SQ3200/54.9M/1976/277/2.1M/LS23A/X/N12 | AK48: 54.9 m m | AL48: Levy Ostrup
A49: EHT Trace | B49: 29209-ET-P6020-1-2 | C49: 29209-ET-P6020-1 | D49: HTC-23 / CB-23 | E49: 29209-P-6020 | F49: 29209-65R-ET-P6020-01-01 | G49: 13.1 | H49: 29209-ET-P6020-1-2.pdf | I49: =IF($H49<>"","YES","NO") -> YES | J49: =IF(N($T49)>0,"YES","NO") -> NO | K49: =IF(OR($A49="EHT Trace"),IF(AND($U49<>"",$V49<>""),"YES","NO"),"N/A") -> YES | L49: =IF(OR($A49="EHT Trace"),IF(AND($X49<>"",$Y49<>""),"YES","NO"),"N/A") -> NO | M49: =IF(OR($A49="EHT Trace"),IF(AND($AA49<>"",$AB49<>""),"YES","NO"),"N/A") -> NO | N49: =IF(OR($A49="Power Cable"),IF(AND($AD49<>""),"YES","NO"),"N/A") -> N/A | O49: =IF(OR($A49="Power Cable",$A49="RTD Cable",$A49="Fieldbus Cable"),IF(AND($AE49<>""),"YES","NO"),"N/A") -> N/A | P49: =IF(OR($A49="RTD"),IF(AND($AH49<>""),"YES","NO"),"N/A") -> N/A | Q49: =IF(OR($A49="RTD"),IF(AND($AI49<>""),"YES","NO"),"N/A") -> N/A | R49: =IF(OR($AM49<>"",$Z49<>"",$AC49<>""),"YES","NO") -> NO | S49: =IF(COUNTIF(I49:R49,"NO")=0,"YES","NO") -> NO | U49: >2.2 GΩ | V49: 12.6 Ω | W49: 2026-05-17 | AJ49: E/32SQ3100/36.6M/1486/138/2.1M/LS23A/X/N12 | AK49: 36.6 m m | AL49: Levy Ostrup
A50: EHT Trace | B50: 29209-ET-P6020-1-3 | C50: 29209-ET-P6020-1 | D50: HTC-23 / CB-23 | E50: 29209-P-6020 | F50: 29209-65R-ET-P6020-01-01 | G50: 13.1 | H50: 29209-ET-P6020-1-3.pdf | I50: =IF($H50<>"","YES","NO") -> YES | J50: =IF(N($T50)>0,"YES","NO") -> NO | K50: =IF(OR($A50="EHT Trace"),IF(AND($U50<>"",$V50<>""),"YES","NO"),"N/A") -> YES | L50: =IF(OR($A50="EHT Trace"),IF(AND($X50<>"",$Y50<>""),"YES","NO"),"N/A") -> NO | M50: =IF(OR($A50="EHT Trace"),IF(AND($AA50<>"",$AB50<>""),"YES","NO"),"N/A") -> NO | N50: =IF(OR($A50="Power Cable"),IF(AND($AD50<>""),"YES","NO"),"N/A") -> N/A | O50: =IF(OR($A50="Power Cable",$A50="RTD Cable",$A50="Fieldbus Cable"),IF(AND($AE50<>""),"YES","NO"),"N/A") -> N/A | P50: =IF(OR($A50="RTD"),IF(AND($AH50<>""),"YES","NO"),"N/A") -> N/A | Q50: =IF(OR($A50="RTD"),IF(AND($AI50<>""),"YES","NO"),"N/A") -> N/A | R50: =IF(OR($AM50<>"",$Z50<>"",$AC50<>""),"YES","NO") -> NO | S50: =IF(COUNTIF(I50:R50,"NO")=0,"YES","NO") -> NO | U50: >2.2 GΩ | V50: 12.6 Ω | W50: 2026-05-17 | AJ50: D/32SQ3100/36.6M/1486/138/2.1M/LS23A/X/N12 | AK50: 36.6 m m | AL50: Levy Ostrup
A51: EHT Trace | B51: 29209-ET-P6021-1-1 | C51: 29209-ET-P6021-1 | D51: HTC-18 / CB-18 | E51: 29209-P-6021 | F51: 29209-65R-ET-P6021-01-01 | G51: 13.1 | H51: 29209-ET-P6021-1-1.pdf | I51: =IF($H51<>"","YES","NO") -> YES | J51: =IF(N($T51)>0,"YES","NO") -> NO | K51: =IF(OR($A51="EHT Trace"),IF(AND($U51<>"",$V51<>""),"YES","NO"),"N/A") -> NO | L51: =IF(OR($A51="EHT Trace"),IF(AND($X51<>"",$Y51<>""),"YES","NO"),"N/A") -> NO | M51: =IF(OR($A51="EHT Trace"),IF(AND($AA51<>"",$AB51<>""),"YES","NO"),"N/A") -> NO | N51: =IF(OR($A51="Power Cable"),IF(AND($AD51<>""),"YES","NO"),"N/A") -> N/A | O51: =IF(OR($A51="Power Cable",$A51="RTD Cable",$A51="Fieldbus Cable"),IF(AND($AE51<>""),"YES","NO"),"N/A") -> N/A | P51: =IF(OR($A51="RTD"),IF(AND($AH51<>""),"YES","NO"),"N/A") -> N/A | Q51: =IF(OR($A51="RTD"),IF(AND($AI51<>""),"YES","NO"),"N/A") -> N/A | R51: =IF(OR($AM51<>"",$Z51<>"",$AC51<>""),"YES","NO") -> NO | S51: =IF(COUNTIF(I51:R51,"NO")=0,"YES","NO") -> NO | AJ51: D/32SQ3200/54.9M/1976/277/2.1M/LS23A/X/N12 | AK51: 54.9 m m | AL51: Levy Ostrup
A52: EHT Trace | B52: 29209-ET-P6021-1-2 | C52: 29209-ET-P6021-1 | D52: HTC-18 / CB-18 | E52: 29209-P-6021 | F52: 29209-65R-ET-P6021-01-01 | G52: 13.1 | H52: 29209-ET-P6021-1-2.pdf | I52: =IF($H52<>"","YES","NO") -> YES | J52: =IF(N($T52)>0,"YES","NO") -> NO | K52: =IF(OR($A52="EHT Trace"),IF(AND($U52<>"",$V52<>""),"YES","NO"),"N/A") -> NO | L52: =IF(OR($A52="EHT Trace"),IF(AND($X52<>"",$Y52<>""),"YES","NO"),"N/A") -> NO | M52: =IF(OR($A52="EHT Trace"),IF(AND($AA52<>"",$AB52<>""),"YES","NO"),"N/A") -> NO | N52: =IF(OR($A52="Power Cable"),IF(AND($AD52<>""),"YES","NO"),"N/A") -> N/A | O52: =IF(OR($A52="Power Cable",$A52="RTD Cable",$A52="Fieldbus Cable"),IF(AND($AE52<>""),"YES","NO"),"N/A") -> N/A | P52: =IF(OR($A52="RTD"),IF(AND($AH52<>""),"YES","NO"),"N/A") -> N/A | Q52: =IF(OR($A52="RTD"),IF(AND($AI52<>""),"YES","NO"),"N/A") -> N/A | R52: =IF(OR($AM52<>"",$Z52<>"",$AC52<>""),"YES","NO") -> NO | S52: =IF(COUNTIF(I52:R52,"NO")=0,"YES","NO") -> NO | AJ52: E/32SQ3100/36.6M/1486/138/2.1M/LS23A/X/N12 | AK52: 36.6 m m | AL52: Levy Ostrup
A53: EHT Trace | B53: 29209-ET-P6021-1-3 | C53: 29209-ET-P6021-1 | D53: HTC-18 / CB-18 | E53: 29209-P-6021 | F53: 29209-65R-ET-P6021-01-01 | G53: 13.1 | H53: 29209-ET-P6021-1-3.pdf | I53: =IF($H53<>"","YES","NO") -> YES | J53: =IF(N($T53)>0,"YES","NO") -> NO | K53: =IF(OR($A53="EHT Trace"),IF(AND($U53<>"",$V53<>""),"YES","NO"),"N/A") -> NO | L53: =IF(OR($A53="EHT Trace"),IF(AND($X53<>"",$Y53<>""),"YES","NO"),"N/A") -> NO | M53: =IF(OR($A53="EHT Trace"),IF(AND($AA53<>"",$AB53<>""),"YES","NO"),"N/A") -> NO | N53: =IF(OR($A53="Power Cable"),IF(AND($AD53<>""),"YES","NO"),"N/A") -> N/A | O53: =IF(OR($A53="Power Cable",$A53="RTD Cable",$A53="Fieldbus Cable"),IF(AND($AE53<>""),"YES","NO"),"N/A") -> N/A | P53: =IF(OR($A53="RTD"),IF(AND($AH53<>""),"YES","NO"),"N/A") -> N/A | Q53: =IF(OR($A53="RTD"),IF(AND($AI53<>""),"YES","NO"),"N/A") -> N/A | R53: =IF(OR($AM53<>"",$Z53<>"",$AC53<>""),"YES","NO") -> NO | S53: =IF(COUNTIF(I53:R53,"NO")=0,"YES","NO") -> NO | AJ53: D/32SQ3100/36.6M/1486/138/2.1M/LS23A/X/N12 | AK53: 36.6 m m | AL53: Levy Ostrup
A54: EHT Trace | B54: 29209-ET-P6022-1-1 | C54: 29209-ET-P6022-1 | D54: HTC-21 / CB-21 | E54: 29209-P-6022 | F54: 29209-65R-ET-P6022-01-01 | G54: 13.1 | H54: 29209-ET-P6022-1-1.pdf | I54: =IF($H54<>"","YES","NO") -> YES | J54: =IF(N($T54)>0,"YES","NO") -> NO | K54: =IF(OR($A54="EHT Trace"),IF(AND($U54<>"",$V54<>""),"YES","NO"),"N/A") -> NO | L54: =IF(OR($A54="EHT Trace"),IF(AND($X54<>"",$Y54<>""),"YES","NO"),"N/A") -> NO | M54: =IF(OR($A54="EHT Trace"),IF(AND($AA54<>"",$AB54<>""),"YES","NO"),"N/A") -> NO | N54: =IF(OR($A54="Power Cable"),IF(AND($AD54<>""),"YES","NO"),"N/A") -> N/A | O54: =IF(OR($A54="Power Cable",$A54="RTD Cable",$A54="Fieldbus Cable"),IF(AND($AE54<>""),"YES","NO"),"N/A") -> N/A | P54: =IF(OR($A54="RTD"),IF(AND($AH54<>""),"YES","NO"),"N/A") -> N/A | Q54: =IF(OR($A54="RTD"),IF(AND($AI54<>""),"YES","NO"),"N/A") -> N/A | R54: =IF(OR($AM54<>"",$Z54<>"",$AC54<>""),"YES","NO") -> NO | S54: =IF(COUNTIF(I54:R54,"NO")=0,"YES","NO") -> NO | AJ54: D/32SQ3293/42.6M/1742/277/1.2M/LS23A/X/N12 | AK54: 42.6 m m | AL54: Levy Ostrup
A55: EHT Trace | B55: 29209-ET-P6022-1-2 | C55: 29209-ET-P6022-1 | D55: HTC-21 / CB-21 | E55: 29209-P-6022 | F55: 29209-65R-ET-P6022-01-01 | G55: 13.1 | H55: 29209-ET-P6022-1-2.pdf | I55: =IF($H55<>"","YES","NO") -> YES | J55: =IF(N($T55)>0,"YES","NO") -> NO | K55: =IF(OR($A55="EHT Trace"),IF(AND($U55<>"",$V55<>""),"YES","NO"),"N/A") -> NO | L55: =IF(OR($A55="EHT Trace"),IF(AND($X55<>"",$Y55<>""),"YES","NO"),"N/A") -> NO | M55: =IF(OR($A55="EHT Trace"),IF(AND($AA55<>"",$AB55<>""),"YES","NO"),"N/A") -> NO | N55: =IF(OR($A55="Power Cable"),IF(AND($AD55<>""),"YES","NO"),"N/A") -> N/A | O55: =IF(OR($A55="Power Cable",$A55="RTD Cable",$A55="Fieldbus Cable"),IF(AND($AE55<>""),"YES","NO"),"N/A") -> N/A | P55: =IF(OR($A55="RTD"),IF(AND($AH55<>""),"YES","NO"),"N/A") -> N/A | Q55: =IF(OR($A55="RTD"),IF(AND($AI55<>""),"YES","NO"),"N/A") -> N/A | R55: =IF(OR($AM55<>"",$Z55<>"",$AC55<>""),"YES","NO") -> NO | S55: =IF(COUNTIF(I55:R55,"NO")=0,"YES","NO") -> NO | AJ55: E/32SQ3100/38.2M/1429/138/1.2M/LS23A/X/N12 | AK55: 38.2 m m | AL55: Levy Ostrup
A56: EHT Trace | B56: 29209-ET-P6022-1-3 | C56: 29209-ET-P6022-1 | D56: HTC-21 / CB-21 | E56: 29209-P-6022 | F56: 29209-65R-ET-P6022-01-01 | G56: 13.1 | H56: 29209-ET-P6022-1-3.pdf | I56: =IF($H56<>"","YES","NO") -> YES | J56: =IF(N($T56)>0,"YES","NO") -> NO | K56: =IF(OR($A56="EHT Trace"),IF(AND($U56<>"",$V56<>""),"YES","NO"),"N/A") -> NO | L56: =IF(OR($A56="EHT Trace"),IF(AND($X56<>"",$Y56<>""),"YES","NO"),"N/A") -> NO | M56: =IF(OR($A56="EHT Trace"),IF(AND($AA56<>"",$AB56<>""),"YES","NO"),"N/A") -> NO | N56: =IF(OR($A56="Power Cable"),IF(AND($AD56<>""),"YES","NO"),"N/A") -> N/A | O56: =IF(OR($A56="Power Cable",$A56="RTD Cable",$A56="Fieldbus Cable"),IF(AND($AE56<>""),"YES","NO"),"N/A") -> N/A | P56: =IF(OR($A56="RTD"),IF(AND($AH56<>""),"YES","NO"),"N/A") -> N/A | Q56: =IF(OR($A56="RTD"),IF(AND($AI56<>""),"YES","NO"),"N/A") -> N/A | R56: =IF(OR($AM56<>"",$Z56<>"",$AC56<>""),"YES","NO") -> NO | S56: =IF(COUNTIF(I56:R56,"NO")=0,"YES","NO") -> NO | AJ56: D/32SQ3100/38.2M/1429/138/1.2M/LS23A/X/N12 | AK56: 38.2 m m | AL56: Levy Ostrup
A57: EHT Trace | B57: 29209-ET-PG6003-1-1 | C57: 29209-ET-PG6003-1 | D57: HTC-27 / CB-27 | E57: 29209-PG-6003 | F57: 29209-65R-ET-PG6003-01-01 | G57: 13.1 | H57: 29209-ET-PG6003-1-1.pdf | I57: =IF($H57<>"","YES","NO") -> YES | J57: =IF(N($T57)>0,"YES","NO") -> NO | K57: =IF(OR($A57="EHT Trace"),IF(AND($U57<>"",$V57<>""),"YES","NO"),"N/A") -> YES | L57: =IF(OR($A57="EHT Trace"),IF(AND($X57<>"",$Y57<>""),"YES","NO"),"N/A") -> NO | M57: =IF(OR($A57="EHT Trace"),IF(AND($AA57<>"",$AB57<>""),"YES","NO"),"N/A") -> NO | N57: =IF(OR($A57="Power Cable"),IF(AND($AD57<>""),"YES","NO"),"N/A") -> N/A | O57: =IF(OR($A57="Power Cable",$A57="RTD Cable",$A57="Fieldbus Cable"),IF(AND($AE57<>""),"YES","NO"),"N/A") -> N/A | P57: =IF(OR($A57="RTD"),IF(AND($AH57<>""),"YES","NO"),"N/A") -> N/A | Q57: =IF(OR($A57="RTD"),IF(AND($AI57<>""),"YES","NO"),"N/A") -> N/A | R57: =IF(OR($AM57<>"",$Z57<>"",$AC57<>""),"YES","NO") -> NO | S57: =IF(COUNTIF(I57:R57,"NO")=0,"YES","NO") -> NO | U57: >550 MΩ | V57: 34.5 Ω | W57: 2026-05-18 | AJ57: D/32SQ3200/50M/2160/277/2.1M/LS23A/X/N12 | AK57: 50 m m | AL57: Levy Ostrup
A58: EHT Trace | B58: 29209-ET-PG6003-1-2 | C58: 29209-ET-PG6003-1 | D58: HTC-27 / CB-27 | E58: 29209-PG-6003 | F58: 29209-65R-ET-PG6003-01-01 | G58: 13.1 | H58: 29209-ET-PG6003-1-2.pdf | I58: =IF($H58<>"","YES","NO") -> YES | J58: =IF(N($T58)>0,"YES","NO") -> NO | K58: =IF(OR($A58="EHT Trace"),IF(AND($U58<>"",$V58<>""),"YES","NO"),"N/A") -> YES | L58: =IF(OR($A58="EHT Trace"),IF(AND($X58<>"",$Y58<>""),"YES","NO"),"N/A") -> NO | M58: =IF(OR($A58="EHT Trace"),IF(AND($AA58<>"",$AB58<>""),"YES","NO"),"N/A") -> NO | N58: =IF(OR($A58="Power Cable"),IF(AND($AD58<>""),"YES","NO"),"N/A") -> N/A | O58: =IF(OR($A58="Power Cable",$A58="RTD Cable",$A58="Fieldbus Cable"),IF(AND($AE58<>""),"YES","NO"),"N/A") -> N/A | P58: =IF(OR($A58="RTD"),IF(AND($AH58<>""),"YES","NO"),"N/A") -> N/A | Q58: =IF(OR($A58="RTD"),IF(AND($AI58<>""),"YES","NO"),"N/A") -> N/A | R58: =IF(OR($AM58<>"",$Z58<>"",$AC58<>""),"YES","NO") -> NO | S58: =IF(COUNTIF(I58:R58,"NO")=0,"YES","NO") -> NO | U58: >550 MΩ | V58: 82.7 Ω | W58: 2026-05-18 | AJ58: D/32SB2114/21.2M/962/277/2.1M/LS23A/X/N12 | AK58: 21.2 m m | AL58: Levy Ostrup
A59: EHT Trace | B59: 29209-ET-ST6005-1-1 | C59: 29209-ET-ST6005-1 | D59: HTC-24 / CB-24 | E59: 29209-ST-6005 | F59: 29209-65R-ET-ST6005-01-01 | G59: 13.1 | H59: 29209-ET-ST6005-1-1.pdf | I59: =IF($H59<>"","YES","NO") -> YES | J59: =IF(N($T59)>0,"YES","NO") -> NO | K59: =IF(OR($A59="EHT Trace"),IF(AND($U59<>"",$V59<>""),"YES","NO"),"N/A") -> YES | L59: =IF(OR($A59="EHT Trace"),IF(AND($X59<>"",$Y59<>""),"YES","NO"),"N/A") -> NO | M59: =IF(OR($A59="EHT Trace"),IF(AND($AA59<>"",$AB59<>""),"YES","NO"),"N/A") -> NO | N59: =IF(OR($A59="Power Cable"),IF(AND($AD59<>""),"YES","NO"),"N/A") -> N/A | O59: =IF(OR($A59="Power Cable",$A59="RTD Cable",$A59="Fieldbus Cable"),IF(AND($AE59<>""),"YES","NO"),"N/A") -> N/A | P59: =IF(OR($A59="RTD"),IF(AND($AH59<>""),"YES","NO"),"N/A") -> N/A | Q59: =IF(OR($A59="RTD"),IF(AND($AI59<>""),"YES","NO"),"N/A") -> N/A | R59: =IF(OR($AM59<>"",$Z59<>"",$AC59<>""),"YES","NO") -> NO | S59: =IF(COUNTIF(I59:R59,"NO")=0,"YES","NO") -> NO | U59: 550 MΩ | V59: 288.1 Ω | W59: 2026-05-18 | AJ59: D/32SA2400/21.2M/276/277/1.2M/LS23A/X/N12 | AK59: 21.2 m m | AL59: Levy Ostrup
A60: EHT Trace | B60: 29209-ET-ST6005-2-1 | C60: 29209-ET-ST6005-2 | D60: HTC-26 / CB-26 | E60: 29209-ST-6005 | F60: 29209-65R-ET-ST6005-02-01 | G60: 13.1 | H60: 29209-ET-ST6005-2-1.pdf | I60: =IF($H60<>"","YES","NO") -> YES | J60: =IF(N($T60)>0,"YES","NO") -> NO | K60: =IF(OR($A60="EHT Trace"),IF(AND($U60<>"",$V60<>""),"YES","NO"),"N/A") -> YES | L60: =IF(OR($A60="EHT Trace"),IF(AND($X60<>"",$Y60<>""),"YES","NO"),"N/A") -> NO | M60: =IF(OR($A60="EHT Trace"),IF(AND($AA60<>"",$AB60<>""),"YES","NO"),"N/A") -> NO | N60: =IF(OR($A60="Power Cable"),IF(AND($AD60<>""),"YES","NO"),"N/A") -> N/A | O60: =IF(OR($A60="Power Cable",$A60="RTD Cable",$A60="Fieldbus Cable"),IF(AND($AE60<>""),"YES","NO"),"N/A") -> N/A | P60: =IF(OR($A60="RTD"),IF(AND($AH60<>""),"YES","NO"),"N/A") -> N/A | Q60: =IF(OR($A60="RTD"),IF(AND($AI60<>""),"YES","NO"),"N/A") -> N/A | R60: =IF(OR($AM60<>"",$Z60<>"",$AC60<>""),"YES","NO") -> NO | S60: =IF(COUNTIF(I60:R60,"NO")=0,"YES","NO") -> NO | U60: 550 MΩ | V60: 217.5 Ω | W60: 2026-05-18 | AJ60: D/32SA2275/23.6M/359/277/1.2M/LS23A/X/N12 | AK60: 23.6 m m | AL60: Levy Ostrup
A61: Power Cable | B61: 29103-AMB-015 | D61: 29103-HTP-102 HTC-01 | E61: 29103-HTP-102 | G61: 113 | H61: 29103-AMB-015.pdf | I61: =IF($H61<>"","YES","NO") -> YES | J61: =IF(N($T61)>0,"YES","NO") -> NO | K61: =IF(OR($A61="EHT Trace"),IF(AND($U61<>"",$V61<>""),"YES","NO"),"N/A") -> N/A | L61: =IF(OR($A61="EHT Trace"),IF(AND($X61<>"",$Y61<>""),"YES","NO"),"N/A") -> N/A | M61: =IF(OR($A61="EHT Trace"),IF(AND($AA61<>"",$AB61<>""),"YES","NO"),"N/A") -> N/A | N61: =IF(OR($A61="Power Cable"),IF(AND($AD61<>""),"YES","NO"),"N/A") -> NO | O61: =IF(OR($A61="Power Cable",$A61="RTD Cable",$A61="Fieldbus Cable"),IF(AND($AE61<>""),"YES","NO"),"N/A") -> NO | P61: =IF(OR($A61="RTD"),IF(AND($AH61<>""),"YES","NO"),"N/A") -> N/A | Q61: =IF(OR($A61="RTD"),IF(AND($AI61<>""),"YES","NO"),"N/A") -> N/A | R61: =IF(OR($AM61<>"",$Z61<>"",$AC61<>""),"YES","NO") -> NO | S61: =IF(COUNTIF(I61:R61,"NO")=0,"YES","NO") -> NO | AJ61: Teck | AK61: 8AWG | AL61: Levy Ostrup
A62: Power Cable | B62: 29103-AMB-016 | D62: 29103-HTP-102 HTC-03 | E62: 29103-HTP-102 | G62: 113 | H62: 29103-AMB-016.pdf | I62: =IF($H62<>"","YES","NO") -> YES | J62: =IF(N($T62)>0,"YES","NO") -> NO | K62: =IF(OR($A62="EHT Trace"),IF(AND($U62<>"",$V62<>""),"YES","NO"),"N/A") -> N/A | L62: =IF(OR($A62="EHT Trace"),IF(AND($X62<>"",$Y62<>""),"YES","NO"),"N/A") -> N/A | M62: =IF(OR($A62="EHT Trace"),IF(AND($AA62<>"",$AB62<>""),"YES","NO"),"N/A") -> N/A | N62: =IF(OR($A62="Power Cable"),IF(AND($AD62<>""),"YES","NO"),"N/A") -> NO | O62: =IF(OR($A62="Power Cable",$A62="RTD Cable",$A62="Fieldbus Cable"),IF(AND($AE62<>""),"YES","NO"),"N/A") -> NO | P62: =IF(OR($A62="RTD"),IF(AND($AH62<>""),"YES","NO"),"N/A") -> N/A | Q62: =IF(OR($A62="RTD"),IF(AND($AI62<>""),"YES","NO"),"N/A") -> N/A | R62: =IF(OR($AM62<>"",$Z62<>"",$AC62<>""),"YES","NO") -> NO | S62: =IF(COUNTIF(I62:R62,"NO")=0,"YES","NO") -> NO | AJ62: Teck | AK62: 8AWG | AL62: Levy Ostrup
A63: Power Cable | B63: 29103-ET-A001-1-PWK-1 | C63: 29103-ET-A001-1 | D63: 29103-HTP-102 HTC-31 | E63: 29103-HTP-102 | G63: 113 | H63: 29103-ET-A001-1-PWK-1.pdf | I63: =IF($H63<>"","YES","NO") -> YES | J63: =IF(N($T63)>0,"YES","NO") -> NO | K63: =IF(OR($A63="EHT Trace"),IF(AND($U63<>"",$V63<>""),"YES","NO"),"N/A") -> N/A | L63: =IF(OR($A63="EHT Trace"),IF(AND($X63<>"",$Y63<>""),"YES","NO"),"N/A") -> N/A | M63: =IF(OR($A63="EHT Trace"),IF(AND($AA63<>"",$AB63<>""),"YES","NO"),"N/A") -> N/A | N63: =IF(OR($A63="Power Cable"),IF(AND($AD63<>""),"YES","NO"),"N/A") -> NO | O63: =IF(OR($A63="Power Cable",$A63="RTD Cable",$A63="Fieldbus Cable"),IF(AND($AE63<>""),"YES","NO"),"N/A") -> NO | P63: =IF(OR($A63="RTD"),IF(AND($AH63<>""),"YES","NO"),"N/A") -> N/A | Q63: =IF(OR($A63="RTD"),IF(AND($AI63<>""),"YES","NO"),"N/A") -> N/A | R63: =IF(OR($AM63<>"",$Z63<>"",$AC63<>""),"YES","NO") -> NO | S63: =IF(COUNTIF(I63:R63,"NO")=0,"YES","NO") -> NO | AJ63: Teck | AK63: 10AWG | AL63: Levy Ostrup
A64: Power Cable | B64: 29103-ET-HC1901-1-PWK-1 | C64: 29103-ET-HC1901-1 | D64: 29103-HTP-102 HTC-05 | E64: 29103-HTP-102 | G64: 113 | H64: 29103-ET-HC1901-1-PWK-1.pdf | I64: =IF($H64<>"","YES","NO") -> YES | J64: =IF(N($T64)>0,"YES","NO") -> NO | K64: =IF(OR($A64="EHT Trace"),IF(AND($U64<>"",$V64<>""),"YES","NO"),"N/A") -> N/A | L64: =IF(OR($A64="EHT Trace"),IF(AND($X64<>"",$Y64<>""),"YES","NO"),"N/A") -> N/A | M64: =IF(OR($A64="EHT Trace"),IF(AND($AA64<>"",$AB64<>""),"YES","NO"),"N/A") -> N/A | N64: =IF(OR($A64="Power Cable"),IF(AND($AD64<>""),"YES","NO"),"N/A") -> NO | O64: =IF(OR($A64="Power Cable",$A64="RTD Cable",$A64="Fieldbus Cable"),IF(AND($AE64<>""),"YES","NO"),"N/A") -> NO | P64: =IF(OR($A64="RTD"),IF(AND($AH64<>""),"YES","NO"),"N/A") -> N/A | Q64: =IF(OR($A64="RTD"),IF(AND($AI64<>""),"YES","NO"),"N/A") -> N/A | R64: =IF(OR($AM64<>"",$Z64<>"",$AC64<>""),"YES","NO") -> NO | S64: =IF(COUNTIF(I64:R64,"NO")=0,"YES","NO") -> NO | AJ64: Teck | AK64: 10AWG | AL64: Levy Ostrup
A65: Power Cable | B65: 29103-ET-HC1902-1-PWK-1 | C65: 29103-ET-HC1902-1 | D65: 29103-AMB-015 | E65: 29103-HTP-102 | G65: 113 | H65: 29103-ET-HC1902-1-PWK-1.pdf | I65: =IF($H65<>"","YES","NO") -> YES | J65: =IF(N($T65)>0,"YES","NO") -> NO | K65: =IF(OR($A65="EHT Trace"),IF(AND($U65<>"",$V65<>""),"YES","NO"),"N/A") -> N/A | L65: =IF(OR($A65="EHT Trace"),IF(AND($X65<>"",$Y65<>""),"YES","NO"),"N/A") -> N/A | M65: =IF(OR($A65="EHT Trace"),IF(AND($AA65<>"",$AB65<>""),"YES","NO"),"N/A") -> N/A | N65: =IF(OR($A65="Power Cable"),IF(AND($AD65<>""),"YES","NO"),"N/A") -> NO | O65: =IF(OR($A65="Power Cable",$A65="RTD Cable",$A65="Fieldbus Cable"),IF(AND($AE65<>""),"YES","NO"),"N/A") -> NO | P65: =IF(OR($A65="RTD"),IF(AND($AH65<>""),"YES","NO"),"N/A") -> N/A | Q65: =IF(OR($A65="RTD"),IF(AND($AI65<>""),"YES","NO"),"N/A") -> N/A | R65: =IF(OR($AM65<>"",$Z65<>"",$AC65<>""),"YES","NO") -> NO | S65: =IF(COUNTIF(I65:R65,"NO")=0,"YES","NO") -> NO | AJ65: Teck | AK65: 10AWG | AL65: Levy Ostrup
A66: Power Cable | B66: 29103-ET-HC1903-1-PWK-1 | C66: 29103-ET-HC1903-1 | D66: 29103-HTP-102 HTC-04 | E66: 29103-HTP-102 | G66: 113 | H66: 29103-ET-HC1903-1-PWK-1.pdf | I66: =IF($H66<>"","YES","NO") -> YES | J66: =IF(N($T66)>0,"YES","NO") -> NO | K66: =IF(OR($A66="EHT Trace"),IF(AND($U66<>"",$V66<>""),"YES","NO"),"N/A") -> N/A | L66: =IF(OR($A66="EHT Trace"),IF(AND($X66<>"",$Y66<>""),"YES","NO"),"N/A") -> N/A | M66: =IF(OR($A66="EHT Trace"),IF(AND($AA66<>"",$AB66<>""),"YES","NO"),"N/A") -> N/A | N66: =IF(OR($A66="Power Cable"),IF(AND($AD66<>""),"YES","NO"),"N/A") -> NO | O66: =IF(OR($A66="Power Cable",$A66="RTD Cable",$A66="Fieldbus Cable"),IF(AND($AE66<>""),"YES","NO"),"N/A") -> NO | P66: =IF(OR($A66="RTD"),IF(AND($AH66<>""),"YES","NO"),"N/A") -> N/A | Q66: =IF(OR($A66="RTD"),IF(AND($AI66<>""),"YES","NO"),"N/A") -> N/A | R66: =IF(OR($AM66<>"",$Z66<>"",$AC66<>""),"YES","NO") -> NO | S66: =IF(COUNTIF(I66:R66,"NO")=0,"YES","NO") -> NO | AJ66: Teck | AK66: 10AWG | AL66: Levy Ostrup
A67: Power Cable | B67: 29103-ET-HC1905-1-PWK-1 | C67: 29103-ET-HC1905-1 | D67: 29103-AMB-015 | E67: 29103-HTP-102 | G67: 113 | H67: 29103-ET-HC1905-1-PWK-1.pdf | I67: =IF($H67<>"","YES","NO") -> YES | J67: =IF(N($T67)>0,"YES","NO") -> NO | K67: =IF(OR($A67="EHT Trace"),IF(AND($U67<>"",$V67<>""),"YES","NO"),"N/A") -> N/A | L67: =IF(OR($A67="EHT Trace"),IF(AND($X67<>"",$Y67<>""),"YES","NO"),"N/A") -> N/A | M67: =IF(OR($A67="EHT Trace"),IF(AND($AA67<>"",$AB67<>""),"YES","NO"),"N/A") -> N/A | N67: =IF(OR($A67="Power Cable"),IF(AND($AD67<>""),"YES","NO"),"N/A") -> NO | O67: =IF(OR($A67="Power Cable",$A67="RTD Cable",$A67="Fieldbus Cable"),IF(AND($AE67<>""),"YES","NO"),"N/A") -> NO | P67: =IF(OR($A67="RTD"),IF(AND($AH67<>""),"YES","NO"),"N/A") -> N/A | Q67: =IF(OR($A67="RTD"),IF(AND($AI67<>""),"YES","NO"),"N/A") -> N/A | R67: =IF(OR($AM67<>"",$Z67<>"",$AC67<>""),"YES","NO") -> NO | S67: =IF(COUNTIF(I67:R67,"NO")=0,"YES","NO") -> NO | AJ67: Teck | AK67: 10AWG | AL67: Levy Ostrup
A68: Power Cable | B68: 29103-ET-HC1906-1-PWK-1 | C68: 29103-ET-HC1906-1 | D68: 29103-HTP-102 HTC-06 | E68: 29103-HTP-102 | G68: 113 | H68: 29103-ET-HC1906-1-PWK-1.pdf | I68: =IF($H68<>"","YES","NO") -> YES | J68: =IF(N($T68)>0,"YES","NO") -> NO | K68: =IF(OR($A68="EHT Trace"),IF(AND($U68<>"",$V68<>""),"YES","NO"),"N/A") -> N/A | L68: =IF(OR($A68="EHT Trace"),IF(AND($X68<>"",$Y68<>""),"YES","NO"),"N/A") -> N/A | M68: =IF(OR($A68="EHT Trace"),IF(AND($AA68<>"",$AB68<>""),"YES","NO"),"N/A") -> N/A | N68: =IF(OR($A68="Power Cable"),IF(AND($AD68<>""),"YES","NO"),"N/A") -> NO | O68: =IF(OR($A68="Power Cable",$A68="RTD Cable",$A68="Fieldbus Cable"),IF(AND($AE68<>""),"YES","NO"),"N/A") -> NO | P68: =IF(OR($A68="RTD"),IF(AND($AH68<>""),"YES","NO"),"N/A") -> N/A | Q68: =IF(OR($A68="RTD"),IF(AND($AI68<>""),"YES","NO"),"N/A") -> N/A | R68: =IF(OR($AM68<>"",$Z68<>"",$AC68<>""),"YES","NO") -> NO | S68: =IF(COUNTIF(I68:R68,"NO")=0,"YES","NO") -> NO | AJ68: Teck | AK68: 10AWG | AL68: Levy Ostrup
A69: Power Cable | B69: 29103-ET-HC1909-1-PWK-1 | C69: 29103-ET-HC1909-1 | D69: 29103-AMB-015 | E69: 29103-HTP-102 | G69: 113 | H69: 29103-ET-HC1909-1-PWK-1.pdf | I69: =IF($H69<>"","YES","NO") -> YES | J69: =IF(N($T69)>0,"YES","NO") -> NO | K69: =IF(OR($A69="EHT Trace"),IF(AND($U69<>"",$V69<>""),"YES","NO"),"N/A") -> N/A | L69: =IF(OR($A69="EHT Trace"),IF(AND($X69<>"",$Y69<>""),"YES","NO"),"N/A") -> N/A | M69: =IF(OR($A69="EHT Trace"),IF(AND($AA69<>"",$AB69<>""),"YES","NO"),"N/A") -> N/A | N69: =IF(OR($A69="Power Cable"),IF(AND($AD69<>""),"YES","NO"),"N/A") -> NO | O69: =IF(OR($A69="Power Cable",$A69="RTD Cable",$A69="Fieldbus Cable"),IF(AND($AE69<>""),"YES","NO"),"N/A") -> NO | P69: =IF(OR($A69="RTD"),IF(AND($AH69<>""),"YES","NO"),"N/A") -> N/A | Q69: =IF(OR($A69="RTD"),IF(AND($AI69<>""),"YES","NO"),"N/A") -> N/A | R69: =IF(OR($AM69<>"",$Z69<>"",$AC69<>""),"YES","NO") -> NO | S69: =IF(COUNTIF(I69:R69,"NO")=0,"YES","NO") -> NO | AJ69: Teck | AK69: 10AWG | AL69: Levy Ostrup
A70: Power Cable | B70: 29103-ET-MT0001-1-PWK-1 | C70: 29103-ET-MT0001-1 | D70: 29103-HTP-102 HTC-09 | E70: 29103-HTP-102 | G70: 113 | H70: 29103-ET-MT0001-1-PWK-1.pdf | I70: =IF($H70<>"","YES","NO") -> YES | J70: =IF(N($T70)>0,"YES","NO") -> NO | K70: =IF(OR($A70="EHT Trace"),IF(AND($U70<>"",$V70<>""),"YES","NO"),"N/A") -> N/A | L70: =IF(OR($A70="EHT Trace"),IF(AND($X70<>"",$Y70<>""),"YES","NO"),"N/A") -> N/A | M70: =IF(OR($A70="EHT Trace"),IF(AND($AA70<>"",$AB70<>""),"YES","NO"),"N/A") -> N/A | N70: =IF(OR($A70="Power Cable"),IF(AND($AD70<>""),"YES","NO"),"N/A") -> NO | O70: =IF(OR($A70="Power Cable",$A70="RTD Cable",$A70="Fieldbus Cable"),IF(AND($AE70<>""),"YES","NO"),"N/A") -> NO | P70: =IF(OR($A70="RTD"),IF(AND($AH70<>""),"YES","NO"),"N/A") -> N/A | Q70: =IF(OR($A70="RTD"),IF(AND($AI70<>""),"YES","NO"),"N/A") -> N/A | R70: =IF(OR($AM70<>"",$Z70<>"",$AC70<>""),"YES","NO") -> NO | S70: =IF(COUNTIF(I70:R70,"NO")=0,"YES","NO") -> NO | AJ70: Teck | AK70: 10AWG | AL70: Levy Ostrup
A71: Power Cable | B71: 29103-ET-P001A-1-PWK-1 | C71: 29103-ET-P001A-1 | D71: 29103-HTP-102 HTC-02 | E71: 29103-HTP-102 | G71: 113 | H71: 29103-ET-P001A-1-PWK-1.pdf | I71: =IF($H71<>"","YES","NO") -> YES | J71: =IF(N($T71)>0,"YES","NO") -> NO | K71: =IF(OR($A71="EHT Trace"),IF(AND($U71<>"",$V71<>""),"YES","NO"),"N/A") -> N/A | L71: =IF(OR($A71="EHT Trace"),IF(AND($X71<>"",$Y71<>""),"YES","NO"),"N/A") -> N/A | M71: =IF(OR($A71="EHT Trace"),IF(AND($AA71<>"",$AB71<>""),"YES","NO"),"N/A") -> N/A | N71: =IF(OR($A71="Power Cable"),IF(AND($AD71<>""),"YES","NO"),"N/A") -> NO | O71: =IF(OR($A71="Power Cable",$A71="RTD Cable",$A71="Fieldbus Cable"),IF(AND($AE71<>""),"YES","NO"),"N/A") -> NO | P71: =IF(OR($A71="RTD"),IF(AND($AH71<>""),"YES","NO"),"N/A") -> N/A | Q71: =IF(OR($A71="RTD"),IF(AND($AI71<>""),"YES","NO"),"N/A") -> N/A | R71: =IF(OR($AM71<>"",$Z71<>"",$AC71<>""),"YES","NO") -> NO | S71: =IF(COUNTIF(I71:R71,"NO")=0,"YES","NO") -> NO | AJ71: Teck | AK71: 10AWG | AL71: Levy Ostrup
A72: Power Cable | B72: 29103-ET-P001A-2-PWK-1 | C72: 29103-ET-P001A-2 | D72: 29103-HTP-102 HTC-07 | E72: 29103-HTP-102 | G72: 113 | H72: 29103-ET-P001A-2-PWK-1.pdf | I72: =IF($H72<>"","YES","NO") -> YES | J72: =IF(N($T72)>0,"YES","NO") -> NO | K72: =IF(OR($A72="EHT Trace"),IF(AND($U72<>"",$V72<>""),"YES","NO"),"N/A") -> N/A | L72: =IF(OR($A72="EHT Trace"),IF(AND($X72<>"",$Y72<>""),"YES","NO"),"N/A") -> N/A | M72: =IF(OR($A72="EHT Trace"),IF(AND($AA72<>"",$AB72<>""),"YES","NO"),"N/A") -> N/A | N72: =IF(OR($A72="Power Cable"),IF(AND($AD72<>""),"YES","NO"),"N/A") -> NO | O72: =IF(OR($A72="Power Cable",$A72="RTD Cable",$A72="Fieldbus Cable"),IF(AND($AE72<>""),"YES","NO"),"N/A") -> NO | P72: =IF(OR($A72="RTD"),IF(AND($AH72<>""),"YES","NO"),"N/A") -> N/A | Q72: =IF(OR($A72="RTD"),IF(AND($AI72<>""),"YES","NO"),"N/A") -> N/A | R72: =IF(OR($AM72<>"",$Z72<>"",$AC72<>""),"YES","NO") -> NO | S72: =IF(COUNTIF(I72:R72,"NO")=0,"YES","NO") -> NO | AJ72: Teck | AK72: 10AWG | AL72: Levy Ostrup
A73: Power Cable | B73: 29103-ET-P001A-3-PWK-1 | C73: 29103-ET-P001A-3 | D73: 29103-HTP-102 HTC-08 | E73: 29103-HTP-102 | G73: 113 | H73: 29103-ET-P001A-3-PWK-1.pdf | I73: =IF($H73<>"","YES","NO") -> YES | J73: =IF(N($T73)>0,"YES","NO") -> NO | K73: =IF(OR($A73="EHT Trace"),IF(AND($U73<>"",$V73<>""),"YES","NO"),"N/A") -> N/A | L73: =IF(OR($A73="EHT Trace"),IF(AND($X73<>"",$Y73<>""),"YES","NO"),"N/A") -> N/A | M73: =IF(OR($A73="EHT Trace"),IF(AND($AA73<>"",$AB73<>""),"YES","NO"),"N/A") -> N/A | N73: =IF(OR($A73="Power Cable"),IF(AND($AD73<>""),"YES","NO"),"N/A") -> NO | O73: =IF(OR($A73="Power Cable",$A73="RTD Cable",$A73="Fieldbus Cable"),IF(AND($AE73<>""),"YES","NO"),"N/A") -> NO | P73: =IF(OR($A73="RTD"),IF(AND($AH73<>""),"YES","NO"),"N/A") -> N/A | Q73: =IF(OR($A73="RTD"),IF(AND($AI73<>""),"YES","NO"),"N/A") -> N/A | R73: =IF(OR($AM73<>"",$Z73<>"",$AC73<>""),"YES","NO") -> NO | S73: =IF(COUNTIF(I73:R73,"NO")=0,"YES","NO") -> NO | AJ73: Teck | AK73: 10AWG | AL73: Levy Ostrup
A74: Power Cable | B74: 29103-ET-P001A-4-PWK-1 | C74: 29103-ET-P001A-4 | D74: 29103-HTP-102 HTC-13 | E74: 29103-HTP-102 | G74: 113 | H74: 29103-ET-P001A-4-PWK-1.pdf | I74: =IF($H74<>"","YES","NO") -> YES | J74: =IF(N($T74)>0,"YES","NO") -> NO | K74: =IF(OR($A74="EHT Trace"),IF(AND($U74<>"",$V74<>""),"YES","NO"),"N/A") -> N/A | L74: =IF(OR($A74="EHT Trace"),IF(AND($X74<>"",$Y74<>""),"YES","NO"),"N/A") -> N/A | M74: =IF(OR($A74="EHT Trace"),IF(AND($AA74<>"",$AB74<>""),"YES","NO"),"N/A") -> N/A | N74: =IF(OR($A74="Power Cable"),IF(AND($AD74<>""),"YES","NO"),"N/A") -> NO | O74: =IF(OR($A74="Power Cable",$A74="RTD Cable",$A74="Fieldbus Cable"),IF(AND($AE74<>""),"YES","NO"),"N/A") -> NO | P74: =IF(OR($A74="RTD"),IF(AND($AH74<>""),"YES","NO"),"N/A") -> N/A | Q74: =IF(OR($A74="RTD"),IF(AND($AI74<>""),"YES","NO"),"N/A") -> N/A | R74: =IF(OR($AM74<>"",$Z74<>"",$AC74<>""),"YES","NO") -> NO | S74: =IF(COUNTIF(I74:R74,"NO")=0,"YES","NO") -> NO | AJ74: Teck | AK74: 10AWG | AL74: Levy Ostrup
... A98: Power Cable | B98: 29209-ET-ST6005-2-PWK-1 | C98: 29209-ET-ST6005-2 | D98: 29103-HTP-102 HTC-26 | E98: 29103-HTP-102 | G98: 113 | H98: 29209-ET-ST6005-2-PWK-1.pdf | I98: =IF($H98<>"","YES","NO") -> YES | J98: =IF(N($T98)>0,"YES","NO") -> NO | K98: =IF(OR($A98="EHT Trace"),IF(AND($U98<>"",$V98<>""),"YES","NO"),"N/A") -> N/A | L98: =IF(OR($A98="EHT Trace"),IF(AND($X98<>"",$Y98<>""),"YES","NO"),"N/A") -> N/A | M98: =IF(OR($A98="EHT Trace"),IF(AND($AA98<>"",$AB98<>""),"YES","NO"),"N/A") -> N/A | N98: =IF(OR($A98="Power Cable"),IF(AND($AD98<>""),"YES","NO"),"N/A") -> NO | O98: =IF(OR($A98="Power Cable",$A98="RTD Cable",$A98="Fieldbus Cable"),IF(AND($AE98<>""),"YES","NO"),"N/A") -> NO | P98: =IF(OR($A98="RTD"),IF(AND($AH98<>""),"YES","NO"),"N/A") -> N/A | Q98: =IF(OR($A98="RTD"),IF(AND($AI98<>""),"YES","NO"),"N/A") -> N/A | R98: =IF(OR($AM98<>"",$Z98<>"",$AC98<>""),"YES","NO") -> NO | S98: =IF(COUNTIF(I98:R98,"NO")=0,"YES","NO") -> NO | AJ98: Teck | AK98: 10AWG | AL98: Levy Ostrup
A99: RTD | B99: 29103-ET-HC1901-1-R-1 | C99: 29103-ET-HC1901-1 | D99: 29103-HTP-102 HTC-05 | E99: PRODUCED EMULSION | F99: 29103-65R-ET-HC1901-01-01 | G99: 13.2 | H99: 29103-ET-HC1901-1-R-1.pdf | I99: =IF($H99<>"","YES","NO") -> YES | J99: =IF(N($T99)>0,"YES","NO") -> NO | K99: =IF(OR($A99="EHT Trace"),IF(AND($U99<>"",$V99<>""),"YES","NO"),"N/A") -> N/A | L99: =IF(OR($A99="EHT Trace"),IF(AND($X99<>"",$Y99<>""),"YES","NO"),"N/A") -> N/A | M99: =IF(OR($A99="EHT Trace"),IF(AND($AA99<>"",$AB99<>""),"YES","NO"),"N/A") -> N/A | N99: =IF(OR($A99="Power Cable"),IF(AND($AD99<>""),"YES","NO"),"N/A") -> N/A | O99: =IF(OR($A99="Power Cable",$A99="RTD Cable",$A99="Fieldbus Cable"),IF(AND($AE99<>""),"YES","NO"),"N/A") -> N/A | P99: =IF(OR($A99="RTD"),IF(AND($AH99<>""),"YES","NO"),"N/A") -> NO | Q99: =IF(OR($A99="RTD"),IF(AND($AI99<>""),"YES","NO"),"N/A") -> NO | R99: =IF(OR($AM99<>"",$Z99<>"",$AC99<>""),"YES","NO") -> NO | S99: =IF(COUNTIF(I99:R99,"NO")=0,"YES","NO") -> NO | AL99: Levy Ostrup
A100: RTD | B100: 29103-ET-MT0001-1-R-1 | C100: 29103-ET-MT0001-1 | D100: 29103-HTP-102 HTC-09 | F100: 29103-65R-ET-MT0001-01-01 | G100: 13.2 | H100: 29103-ET-MT0001-1-R-1.pdf | I100: =IF($H100<>"","YES","NO") -> YES | J100: =IF(N($T100)>0,"YES","NO") -> NO | K100: =IF(OR($A100="EHT Trace"),IF(AND($U100<>"",$V100<>""),"YES","NO"),"N/A") -> N/A | L100: =IF(OR($A100="EHT Trace"),IF(AND($X100<>"",$Y100<>""),"YES","NO"),"N/A") -> N/A | M100: =IF(OR($A100="EHT Trace"),IF(AND($AA100<>"",$AB100<>""),"YES","NO"),"N/A") -> N/A | N100: =IF(OR($A100="Power Cable"),IF(AND($AD100<>""),"YES","NO"),"N/A") -> N/A | O100: =IF(OR($A100="Power Cable",$A100="RTD Cable",$A100="Fieldbus Cable"),IF(AND($AE100<>""),"YES","NO"),"N/A") -> N/A | P100: =IF(OR($A100="RTD"),IF(AND($AH100<>""),"YES","NO"),"N/A") -> NO | Q100: =IF(OR($A100="RTD"),IF(AND($AI100<>""),"YES","NO"),"N/A") -> NO | R100: =IF(OR($AM100<>"",$Z100<>"",$AC100<>""),"YES","NO") -> NO | S100: =IF(COUNTIF(I100:R100,"NO")=0,"YES","NO") -> NO | AL100: Levy Ostrup
A101: RTD | B101: 29103-ET-MT0001-1-R-2 | C101: 29103-ET-MT0001-1 | D101: 29103-HTP-102 I/O-1-3 | F101: 29103-65R-ET-MT0001-01-01 | G101: 13.2 | H101: 29103-ET-MT0001-1-R-2.pdf | I101: =IF($H101<>"","YES","NO") -> YES | J101: =IF(N($T101)>0,"YES","NO") -> NO | K101: =IF(OR($A101="EHT Trace"),IF(AND($U101<>"",$V101<>""),"YES","NO"),"N/A") -> N/A | L101: =IF(OR($A101="EHT Trace"),IF(AND($X101<>"",$Y101<>""),"YES","NO"),"N/A") -> N/A | M101: =IF(OR($A101="EHT Trace"),IF(AND($AA101<>"",$AB101<>""),"YES","NO"),"N/A") -> N/A | N101: =IF(OR($A101="Power Cable"),IF(AND($AD101<>""),"YES","NO"),"N/A") -> N/A | O101: =IF(OR($A101="Power Cable",$A101="RTD Cable",$A101="Fieldbus Cable"),IF(AND($AE101<>""),"YES","NO"),"N/A") -> N/A | P101: =IF(OR($A101="RTD"),IF(AND($AH101<>""),"YES","NO"),"N/A") -> NO | Q101: =IF(OR($A101="RTD"),IF(AND($AI101<>""),"YES","NO"),"N/A") -> NO | R101: =IF(OR($AM101<>"",$Z101<>"",$AC101<>""),"YES","NO") -> NO | S101: =IF(COUNTIF(I101:R101,"NO")=0,"YES","NO") -> NO | AL101: Levy Ostrup
A102: RTD | B102: 29103-ET-P001A-2-R-1 | C102: 29103-ET-P001A-2 | D102: 29103-HTP-102 HTC-07 | E102: PRODUCED EMULSION | F102: 29103-65R-ET-P001A-02-01 | G102: 13.2 | H102: 29103-ET-P001A-2-R-1.pdf | I102: =IF($H102<>"","YES","NO") -> YES | J102: =IF(N($T102)>0,"YES","NO") -> NO | K102: =IF(OR($A102="EHT Trace"),IF(AND($U102<>"",$V102<>""),"YES","NO"),"N/A") -> N/A | L102: =IF(OR($A102="EHT Trace"),IF(AND($X102<>"",$Y102<>""),"YES","NO"),"N/A") -> N/A | M102: =IF(OR($A102="EHT Trace"),IF(AND($AA102<>"",$AB102<>""),"YES","NO"),"N/A") -> N/A | N102: =IF(OR($A102="Power Cable"),IF(AND($AD102<>""),"YES","NO"),"N/A") -> N/A | O102: =IF(OR($A102="Power Cable",$A102="RTD Cable",$A102="Fieldbus Cable"),IF(AND($AE102<>""),"YES","NO"),"N/A") -> N/A | P102: =IF(OR($A102="RTD"),IF(AND($AH102<>""),"YES","NO"),"N/A") -> NO | Q102: =IF(OR($A102="RTD"),IF(AND($AI102<>""),"YES","NO"),"N/A") -> NO | R102: =IF(OR($AM102<>"",$Z102<>"",$AC102<>""),"YES","NO") -> NO | S102: =IF(COUNTIF(I102:R102,"NO")=0,"YES","NO") -> NO | AL102: Levy Ostrup
A103: RTD | B103: 29103-ET-P001A-2-R-2 | C103: 29103-ET-P001A-2 | D103: 29103-HTP-102 I/O-1-4 | E103: PRODUCED EMULSION | F103: 29103-65R-ET-P001A-02-01 | G103: 13.2 | H103: 29103-ET-P001A-2-R-2.pdf | I103: =IF($H103<>"","YES","NO") -> YES | J103: =IF(N($T103)>0,"YES","NO") -> NO | K103: =IF(OR($A103="EHT Trace"),IF(AND($U103<>"",$V103<>""),"YES","NO"),"N/A") -> N/A | L103: =IF(OR($A103="EHT Trace"),IF(AND($X103<>"",$Y103<>""),"YES","NO"),"N/A") -> N/A | M103: =IF(OR($A103="EHT Trace"),IF(AND($AA103<>"",$AB103<>""),"YES","NO"),"N/A") -> N/A | N103: =IF(OR($A103="Power Cable"),IF(AND($AD103<>""),"YES","NO"),"N/A") -> N/A | O103: =IF(OR($A103="Power Cable",$A103="RTD Cable",$A103="Fieldbus Cable"),IF(AND($AE103<>""),"YES","NO"),"N/A") -> N/A | P103: =IF(OR($A103="RTD"),IF(AND($AH103<>""),"YES","NO"),"N/A") -> NO | Q103: =IF(OR($A103="RTD"),IF(AND($AI103<>""),"YES","NO"),"N/A") -> NO | R103: =IF(OR($AM103<>"",$Z103<>"",$AC103<>""),"YES","NO") -> NO | S103: =IF(COUNTIF(I103:R103,"NO")=0,"YES","NO") -> NO | AL103: Levy Ostrup
A104: RTD | B104: 29103-ET-P001A-2-R-3 | C104: 29103-ET-P001A-2 | D104: 29103-HTP-102 I/O-2-1 | E104: PRODUCED EMULSION | F104: 29103-65R-ET-P001A-02-01 | G104: 13.2 | H104: 29103-ET-P001A-2-R-3.pdf | I104: =IF($H104<>"","YES","NO") -> YES | J104: =IF(N($T104)>0,"YES","NO") -> NO | K104: =IF(OR($A104="EHT Trace"),IF(AND($U104<>"",$V104<>""),"YES","NO"),"N/A") -> N/A | L104: =IF(OR($A104="EHT Trace"),IF(AND($X104<>"",$Y104<>""),"YES","NO"),"N/A") -> N/A | M104: =IF(OR($A104="EHT Trace"),IF(AND($AA104<>"",$AB104<>""),"YES","NO"),"N/A") -> N/A | N104: =IF(OR($A104="Power Cable"),IF(AND($AD104<>""),"YES","NO"),"N/A") -> N/A | O104: =IF(OR($A104="Power Cable",$A104="RTD Cable",$A104="Fieldbus Cable"),IF(AND($AE104<>""),"YES","NO"),"N/A") -> N/A | P104: =IF(OR($A104="RTD"),IF(AND($AH104<>""),"YES","NO"),"N/A") -> NO | Q104: =IF(OR($A104="RTD"),IF(AND($AI104<>""),"YES","NO"),"N/A") -> NO | R104: =IF(OR($AM104<>"",$Z104<>"",$AC104<>""),"YES","NO") -> NO | S104: =IF(COUNTIF(I104:R104,"NO")=0,"YES","NO") -> NO | AL104: Levy Ostrup
A105: RTD | B105: 29103-ET-P001B-2-R-1 | C105: 29103-ET-P001B-2 | D105: 29103-HTP-102 HTC-15 | E105: PRODUCED EMULSION | F105: 29103-65R-ET-P001B-02-01 | G105: 13.2 | H105: 29103-ET-P001B-2-R-1.pdf | I105: =IF($H105<>"","YES","NO") -> YES | J105: =IF(N($T105)>0,"YES","NO") -> NO | K105: =IF(OR($A105="EHT Trace"),IF(AND($U105<>"",$V105<>""),"YES","NO"),"N/A") -> N/A | L105: =IF(OR($A105="EHT Trace"),IF(AND($X105<>"",$Y105<>""),"YES","NO"),"N/A") -> N/A | M105: =IF(OR($A105="EHT Trace"),IF(AND($AA105<>"",$AB105<>""),"YES","NO"),"N/A") -> N/A | N105: =IF(OR($A105="Power Cable"),IF(AND($AD105<>""),"YES","NO"),"N/A") -> N/A | O105: =IF(OR($A105="Power Cable",$A105="RTD Cable",$A105="Fieldbus Cable"),IF(AND($AE105<>""),"YES","NO"),"N/A") -> N/A | P105: =IF(OR($A105="RTD"),IF(AND($AH105<>""),"YES","NO"),"N/A") -> NO | Q105: =IF(OR($A105="RTD"),IF(AND($AI105<>""),"YES","NO"),"N/A") -> NO | R105: =IF(OR($AM105<>"",$Z105<>"",$AC105<>""),"YES","NO") -> NO | S105: =IF(COUNTIF(I105:R105,"NO")=0,"YES","NO") -> NO | AL105: Levy Ostrup
A106: RTD | B106: 29103-ET-P001B-2-R-2 | C106: 29103-ET-P001B-2 | D106: 29103-HTP-102 I/O-2-4 | E106: PRODUCED EMULSION | F106: 29103-65R-ET-P001B-02-01 | G106: 13.2 | H106: 29103-ET-P001B-2-R-2.pdf | I106: =IF($H106<>"","YES","NO") -> YES | J106: =IF(N($T106)>0,"YES","NO") -> NO | K106: =IF(OR($A106="EHT Trace"),IF(AND($U106<>"",$V106<>""),"YES","NO"),"N/A") -> N/A | L106: =IF(OR($A106="EHT Trace"),IF(AND($X106<>"",$Y106<>""),"YES","NO"),"N/A") -> N/A | M106: =IF(OR($A106="EHT Trace"),IF(AND($AA106<>"",$AB106<>""),"YES","NO"),"N/A") -> N/A | N106: =IF(OR($A106="Power Cable"),IF(AND($AD106<>""),"YES","NO"),"N/A") -> N/A | O106: =IF(OR($A106="Power Cable",$A106="RTD Cable",$A106="Fieldbus Cable"),IF(AND($AE106<>""),"YES","NO"),"N/A") -> N/A | P106: =IF(OR($A106="RTD"),IF(AND($AH106<>""),"YES","NO"),"N/A") -> NO | Q106: =IF(OR($A106="RTD"),IF(AND($AI106<>""),"YES","NO"),"N/A") -> NO | R106: =IF(OR($AM106<>"",$Z106<>"",$AC106<>""),"YES","NO") -> NO | S106: =IF(COUNTIF(I106:R106,"NO")=0,"YES","NO") -> NO | AL106: Levy Ostrup
A107: RTD | B107: 29103-ET-P001B-2-R-3 | C107: 29103-ET-P001B-2 | D107: 29103-HTP-102 I/O-3-1 | E107: PRODUCED EMULSION | F107: 29103-65R-ET-P001B-02-01 | G107: 13.2 | H107: 29103-ET-P001B-2-R-3.pdf | I107: =IF($H107<>"","YES","NO") -> YES | J107: =IF(N($T107)>0,"YES","NO") -> NO | K107: =IF(OR($A107="EHT Trace"),IF(AND($U107<>"",$V107<>""),"YES","NO"),"N/A") -> N/A | L107: =IF(OR($A107="EHT Trace"),IF(AND($X107<>"",$Y107<>""),"YES","NO"),"N/A") -> N/A | M107: =IF(OR($A107="EHT Trace"),IF(AND($AA107<>"",$AB107<>""),"YES","NO"),"N/A") -> N/A | N107: =IF(OR($A107="Power Cable"),IF(AND($AD107<>""),"YES","NO"),"N/A") -> N/A | O107: =IF(OR($A107="Power Cable",$A107="RTD Cable",$A107="Fieldbus Cable"),IF(AND($AE107<>""),"YES","NO"),"N/A") -> N/A | P107: =IF(OR($A107="RTD"),IF(AND($AH107<>""),"YES","NO"),"N/A") -> NO | Q107: =IF(OR($A107="RTD"),IF(AND($AI107<>""),"YES","NO"),"N/A") -> NO | R107: =IF(OR($AM107<>"",$Z107<>"",$AC107<>""),"YES","NO") -> NO | S107: =IF(COUNTIF(I107:R107,"NO")=0,"YES","NO") -> NO | AL107: Levy Ostrup
A108: RTD | B108: 29103-ET-P1003-1-R-1 | C108: 29103-ET-P1003-1 | D108: 29103-HTP-102 HTC-19 | E108: PRODUCED EMULSION | F108: 29103-65R-ET-P1003-01-01 | G108: 13.2 | H108: 29103-ET-P1003-1-R-1.pdf | I108: =IF($H108<>"","YES","NO") -> YES | J108: =IF(N($T108)>0,"YES","NO") -> NO | K108: =IF(OR($A108="EHT Trace"),IF(AND($U108<>"",$V108<>""),"YES","NO"),"N/A") -> N/A | L108: =IF(OR($A108="EHT Trace"),IF(AND($X108<>"",$Y108<>""),"YES","NO"),"N/A") -> N/A | M108: =IF(OR($A108="EHT Trace"),IF(AND($AA108<>"",$AB108<>""),"YES","NO"),"N/A") -> N/A | N108: =IF(OR($A108="Power Cable"),IF(AND($AD108<>""),"YES","NO"),"N/A") -> N/A | O108: =IF(OR($A108="Power Cable",$A108="RTD Cable",$A108="Fieldbus Cable"),IF(AND($AE108<>""),"YES","NO"),"N/A") -> N/A | P108: =IF(OR($A108="RTD"),IF(AND($AH108<>""),"YES","NO"),"N/A") -> NO | Q108: =IF(OR($A108="RTD"),IF(AND($AI108<>""),"YES","NO"),"N/A") -> NO | R108: =IF(OR($AM108<>"",$Z108<>"",$AC108<>""),"YES","NO") -> NO | S108: =IF(COUNTIF(I108:R108,"NO")=0,"YES","NO") -> NO | AL108: Levy Ostrup
A109: RTD | B109: 29103-ET-P1004-1-R-1 | C109: 29103-ET-P1004-1 | D109: 29103-HTP-102 HTC-20 | E109: PRODUCED EMULSION | F109: 29103-65R-ET-P1004-01-01 | G109: 13.2 | H109: 29103-ET-P1004-1-R-1.pdf | I109: =IF($H109<>"","YES","NO") -> YES | J109: =IF(N($T109)>0,"YES","NO") -> NO | K109: =IF(OR($A109="EHT Trace"),IF(AND($U109<>"",$V109<>""),"YES","NO"),"N/A") -> N/A | L109: =IF(OR($A109="EHT Trace"),IF(AND($X109<>"",$Y109<>""),"YES","NO"),"N/A") -> N/A | M109: =IF(OR($A109="EHT Trace"),IF(AND($AA109<>"",$AB109<>""),"YES","NO"),"N/A") -> N/A | N109: =IF(OR($A109="Power Cable"),IF(AND($AD109<>""),"YES","NO"),"N/A") -> N/A | O109: =IF(OR($A109="Power Cable",$A109="RTD Cable",$A109="Fieldbus Cable"),IF(AND($AE109<>""),"YES","NO"),"N/A") -> N/A | P109: =IF(OR($A109="RTD"),IF(AND($AH109<>""),"YES","NO"),"N/A") -> NO | Q109: =IF(OR($A109="RTD"),IF(AND($AI109<>""),"YES","NO"),"N/A") -> NO | R109: =IF(OR($AM109<>"",$Z109<>"",$AC109<>""),"YES","NO") -> NO | S109: =IF(COUNTIF(I109:R109,"NO")=0,"YES","NO") -> NO | AL109: Levy Ostrup
A110: RTD | B110: 29103-ET-V004-1-R-1 | C110: 29103-ET-V004-1 | D110: 29103-HTP-102 HTC-30 | G110: 13.2 | H110: 29103-ET-V004-1-R-1.pdf | I110: =IF($H110<>"","YES","NO") -> YES | J110: =IF(N($T110)>0,"YES","NO") -> NO | K110: =IF(OR($A110="EHT Trace"),IF(AND($U110<>"",$V110<>""),"YES","NO"),"N/A") -> N/A | L110: =IF(OR($A110="EHT Trace"),IF(AND($X110<>"",$Y110<>""),"YES","NO"),"N/A") -> N/A | M110: =IF(OR($A110="EHT Trace"),IF(AND($AA110<>"",$AB110<>""),"YES","NO"),"N/A") -> N/A | N110: =IF(OR($A110="Power Cable"),IF(AND($AD110<>""),"YES","NO"),"N/A") -> N/A | O110: =IF(OR($A110="Power Cable",$A110="RTD Cable",$A110="Fieldbus Cable"),IF(AND($AE110<>""),"YES","NO"),"N/A") -> N/A | P110: =IF(OR($A110="RTD"),IF(AND($AH110<>""),"YES","NO"),"N/A") -> NO | Q110: =IF(OR($A110="RTD"),IF(AND($AI110<>""),"YES","NO"),"N/A") -> NO | R110: =IF(OR($AM110<>"",$Z110<>"",$AC110<>""),"YES","NO") -> NO | S110: =IF(COUNTIF(I110:R110,"NO")=0,"YES","NO") -> NO | AL110: Levy Ostrup
A111: RTD | B111: 29103-ET-V004-1-R-2 | C111: 29103-ET-V004-1 | D111: 29103-HTP-102 HTC-32 | G111: 13.2 | H111: 29103-ET-V004-1-R-2.pdf | I111: =IF($H111<>"","YES","NO") -> YES | J111: =IF(N($T111)>0,"YES","NO") -> NO | K111: =IF(OR($A111="EHT Trace"),IF(AND($U111<>"",$V111<>""),"YES","NO"),"N/A") -> N/A | L111: =IF(OR($A111="EHT Trace"),IF(AND($X111<>"",$Y111<>""),"YES","NO"),"N/A") -> N/A | M111: =IF(OR($A111="EHT Trace"),IF(AND($AA111<>"",$AB111<>""),"YES","NO"),"N/A") -> N/A | N111: =IF(OR($A111="Power Cable"),IF(AND($AD111<>""),"YES","NO"),"N/A") -> N/A | O111: =IF(OR($A111="Power Cable",$A111="RTD Cable",$A111="Fieldbus Cable"),IF(AND($AE111<>""),"YES","NO"),"N/A") -> N/A | P111: =IF(OR($A111="RTD"),IF(AND($AH111<>""),"YES","NO"),"N/A") -> NO | Q111: =IF(OR($A111="RTD"),IF(AND($AI111<>""),"YES","NO"),"N/A") -> NO | R111: =IF(OR($AM111<>"",$Z111<>"",$AC111<>""),"YES","NO") -> NO | S111: =IF(COUNTIF(I111:R111,"NO")=0,"YES","NO") -> NO | AL111: Levy Ostrup
A112: RTD | B112: 29103-ET-V1900-1-R-1 | C112: 29103-ET-V1900-1 | D112: 29103-HTP-102 HTC-17 | F112: 29103-65R-ET-V1900-01-01 | G112: 13.2 | H112: 29103-ET-V1900-1-R-1.pdf | I112: =IF($H112<>"","YES","NO") -> YES | J112: =IF(N($T112)>0,"YES","NO") -> NO | K112: =IF(OR($A112="EHT Trace"),IF(AND($U112<>"",$V112<>""),"YES","NO"),"N/A") -> N/A | L112: =IF(OR($A112="EHT Trace"),IF(AND($X112<>"",$Y112<>""),"YES","NO"),"N/A") -> N/A | M112: =IF(OR($A112="EHT Trace"),IF(AND($AA112<>"",$AB112<>""),"YES","NO"),"N/A") -> N/A | N112: =IF(OR($A112="Power Cable"),IF(AND($AD112<>""),"YES","NO"),"N/A") -> N/A | O112: =IF(OR($A112="Power Cable",$A112="RTD Cable",$A112="Fieldbus Cable"),IF(AND($AE112<>""),"YES","NO"),"N/A") -> N/A | P112: =IF(OR($A112="RTD"),IF(AND($AH112<>""),"YES","NO"),"N/A") -> NO | Q112: =IF(OR($A112="RTD"),IF(AND($AI112<>""),"YES","NO"),"N/A") -> NO | R112: =IF(OR($AM112<>"",$Z112<>"",$AC112<>""),"YES","NO") -> NO | S112: =IF(COUNTIF(I112:R112,"NO")=0,"YES","NO") -> NO | AL112: Levy Ostrup
A113: RTD | B113: 29209-ET-P6020-1-R-1 | C113: 29209-ET-P6020-1 | D113: 29103-HTP-102 HTC-23 | E113: PRODUCED EMULSION | F113: 29209-65R-ET-P6020-01-01 | G113: 13.2 | H113: 29209-ET-P6020-1-R-1.pdf | I113: =IF($H113<>"","YES","NO") -> YES | J113: =IF(N($T113)>0,"YES","NO") -> NO | K113: =IF(OR($A113="EHT Trace"),IF(AND($U113<>"",$V113<>""),"YES","NO"),"N/A") -> N/A | L113: =IF(OR($A113="EHT Trace"),IF(AND($X113<>"",$Y113<>""),"YES","NO"),"N/A") -> N/A | M113: =IF(OR($A113="EHT Trace"),IF(AND($AA113<>"",$AB113<>""),"YES","NO"),"N/A") -> N/A | N113: =IF(OR($A113="Power Cable"),IF(AND($AD113<>""),"YES","NO"),"N/A") -> N/A | O113: =IF(OR($A113="Power Cable",$A113="RTD Cable",$A113="Fieldbus Cable"),IF(AND($AE113<>""),"YES","NO"),"N/A") -> N/A | P113: =IF(OR($A113="RTD"),IF(AND($AH113<>""),"YES","NO"),"N/A") -> NO | Q113: =IF(OR($A113="RTD"),IF(AND($AI113<>""),"YES","NO"),"N/A") -> NO | R113: =IF(OR($AM113<>"",$Z113<>"",$AC113<>""),"YES","NO") -> NO | S113: =IF(COUNTIF(I113:R113,"NO")=0,"YES","NO") -> NO | AL113: Levy Ostrup
A114: RTD | B114: 29209-ET-P6020-1-R-2 | C114: 29209-ET-P6020-1 | D114: 29103-HTP-102 HTC-38 | E114: PRODUCED EMULSION | F114: 29209-65R-ET-P6020-01-01 | G114: 13.2 | H114: 29209-ET-P6020-1-R-2.pdf | I114: =IF($H114<>"","YES","NO") -> YES | J114: =IF(N($T114)>0,"YES","NO") -> NO | K114: =IF(OR($A114="EHT Trace"),IF(AND($U114<>"",$V114<>""),"YES","NO"),"N/A") -> N/A | L114: =IF(OR($A114="EHT Trace"),IF(AND($X114<>"",$Y114<>""),"YES","NO"),"N/A") -> N/A | M114: =IF(OR($A114="EHT Trace"),IF(AND($AA114<>"",$AB114<>""),"YES","NO"),"N/A") -> N/A | N114: =IF(OR($A114="Power Cable"),IF(AND($AD114<>""),"YES","NO"),"N/A") -> N/A | O114: =IF(OR($A114="Power Cable",$A114="RTD Cable",$A114="Fieldbus Cable"),IF(AND($AE114<>""),"YES","NO"),"N/A") -> N/A | P114: =IF(OR($A114="RTD"),IF(AND($AH114<>""),"YES","NO"),"N/A") -> NO | Q114: =IF(OR($A114="RTD"),IF(AND($AI114<>""),"YES","NO"),"N/A") -> NO | R114: =IF(OR($AM114<>"",$Z114<>"",$AC114<>""),"YES","NO") -> NO | S114: =IF(COUNTIF(I114:R114,"NO")=0,"YES","NO") -> NO | AL114: Levy Ostrup
A115: RTD | B115: 29209-ET-P6021-1-R-1 | C115: 29209-ET-P6021-1 | D115: 29103-HTP-102 HTC-18 | E115: PRODUCED EMULSION | F115: 29209-65R-ET-P6021-01-01 | G115: 13.2 | H115: 29209-ET-P6021-1-R-1.pdf | I115: =IF($H115<>"","YES","NO") -> YES | J115: =IF(N($T115)>0,"YES","NO") -> NO | K115: =IF(OR($A115="EHT Trace"),IF(AND($U115<>"",$V115<>""),"YES","NO"),"N/A") -> N/A | L115: =IF(OR($A115="EHT Trace"),IF(AND($X115<>"",$Y115<>""),"YES","NO"),"N/A") -> N/A | M115: =IF(OR($A115="EHT Trace"),IF(AND($AA115<>"",$AB115<>""),"YES","NO"),"N/A") -> N/A | N115: =IF(OR($A115="Power Cable"),IF(AND($AD115<>""),"YES","NO"),"N/A") -> N/A | O115: =IF(OR($A115="Power Cable",$A115="RTD Cable",$A115="Fieldbus Cable"),IF(AND($AE115<>""),"YES","NO"),"N/A") -> N/A | P115: =IF(OR($A115="RTD"),IF(AND($AH115<>""),"YES","NO"),"N/A") -> NO | Q115: =IF(OR($A115="RTD"),IF(AND($AI115<>""),"YES","NO"),"N/A") -> NO | R115: =IF(OR($AM115<>"",$Z115<>"",$AC115<>""),"YES","NO") -> NO | S115: =IF(COUNTIF(I115:R115,"NO")=0,"YES","NO") -> NO | AL115: Levy Ostrup
A116: RTD | B116: 29209-ET-P6021-1-R-2 | C116: 29209-ET-P6021-1 | D116: 29103-HTP-102 HTC-39 | E116: PRODUCED EMULSION | F116: 29209-65R-ET-P6021-01-01 | G116: 13.2 | H116: 29209-ET-P6021-1-R-2.pdf | I116: =IF($H116<>"","YES","NO") -> YES | J116: =IF(N($T116)>0,"YES","NO") -> NO | K116: =IF(OR($A116="EHT Trace"),IF(AND($U116<>"",$V116<>""),"YES","NO"),"N/A") -> N/A | L116: =IF(OR($A116="EHT Trace"),IF(AND($X116<>"",$Y116<>""),"YES","NO"),"N/A") -> N/A | M116: =IF(OR($A116="EHT Trace"),IF(AND($AA116<>"",$AB116<>""),"YES","NO"),"N/A") -> N/A | N116: =IF(OR($A116="Power Cable"),IF(AND($AD116<>""),"YES","NO"),"N/A") -> N/A | O116: =IF(OR($A116="Power Cable",$A116="RTD Cable",$A116="Fieldbus Cable"),IF(AND($AE116<>""),"YES","NO"),"N/A") -> N/A | P116: =IF(OR($A116="RTD"),IF(AND($AH116<>""),"YES","NO"),"N/A") -> NO | Q116: =IF(OR($A116="RTD"),IF(AND($AI116<>""),"YES","NO"),"N/A") -> NO | R116: =IF(OR($AM116<>"",$Z116<>"",$AC116<>""),"YES","NO") -> NO | S116: =IF(COUNTIF(I116:R116,"NO")=0,"YES","NO") -> NO | AL116: Levy Ostrup
A117: RTD | B117: 29209-ET-P6022-1-R-1 | C117: 29209-ET-P6022-1 | D117: 29103-HTP-102 HTC-21 | E117: PRODUCED EMULSION | F117: 29209-65R-ET-P6022-01-01 | G117: 13.2 | H117: 29209-ET-P6022-1-R-1.pdf | I117: =IF($H117<>"","YES","NO") -> YES | J117: =IF(N($T117)>0,"YES","NO") -> NO | K117: =IF(OR($A117="EHT Trace"),IF(AND($U117<>"",$V117<>""),"YES","NO"),"N/A") -> N/A | L117: =IF(OR($A117="EHT Trace"),IF(AND($X117<>"",$Y117<>""),"YES","NO"),"N/A") -> N/A | M117: =IF(OR($A117="EHT Trace"),IF(AND($AA117<>"",$AB117<>""),"YES","NO"),"N/A") -> N/A | N117: =IF(OR($A117="Power Cable"),IF(AND($AD117<>""),"YES","NO"),"N/A") -> N/A | O117: =IF(OR($A117="Power Cable",$A117="RTD Cable",$A117="Fieldbus Cable"),IF(AND($AE117<>""),"YES","NO"),"N/A") -> N/A | P117: =IF(OR($A117="RTD"),IF(AND($AH117<>""),"YES","NO"),"N/A") -> NO | Q117: =IF(OR($A117="RTD"),IF(AND($AI117<>""),"YES","NO"),"N/A") -> NO | R117: =IF(OR($AM117<>"",$Z117<>"",$AC117<>""),"YES","NO") -> NO | S117: =IF(COUNTIF(I117:R117,"NO")=0,"YES","NO") -> NO | AL117: Levy Ostrup
A118: RTD | B118: 29209-ET-P6022-1-R-2 | C118: 29209-ET-P6022-1 | D118: 29103-HTP-102 HTC-40 | E118: PRODUCED EMULSION | F118: 29209-65R-ET-P6022-01-01 | G118: 13.2 | H118: 29209-ET-P6022-1-R-2.pdf | I118: =IF($H118<>"","YES","NO") -> YES | J118: =IF(N($T118)>0,"YES","NO") -> NO | K118: =IF(OR($A118="EHT Trace"),IF(AND($U118<>"",$V118<>""),"YES","NO"),"N/A") -> N/A | L118: =IF(OR($A118="EHT Trace"),IF(AND($X118<>"",$Y118<>""),"YES","NO"),"N/A") -> N/A | M118: =IF(OR($A118="EHT Trace"),IF(AND($AA118<>"",$AB118<>""),"YES","NO"),"N/A") -> N/A | N118: =IF(OR($A118="Power Cable"),IF(AND($AD118<>""),"YES","NO"),"N/A") -> N/A | O118: =IF(OR($A118="Power Cable",$A118="RTD Cable",$A118="Fieldbus Cable"),IF(AND($AE118<>""),"YES","NO"),"N/A") -> N/A | P118: =IF(OR($A118="RTD"),IF(AND($AH118<>""),"YES","NO"),"N/A") -> NO | Q118: =IF(OR($A118="RTD"),IF(AND($AI118<>""),"YES","NO"),"N/A") -> NO | R118: =IF(OR($AM118<>"",$Z118<>"",$AC118<>""),"YES","NO") -> NO | S118: =IF(COUNTIF(I118:R118,"NO")=0,"YES","NO") -> NO | AL118: Levy Ostrup
A119: RTD | B119: 29209-ET-PG6003-1-R-1 | C119: 29209-ET-PG6003-1 | D119: 29103-HTP-102 HTC-27 | E119: PRODUCED GAS | F119: 29209-65R-ET-PG6003-01-01 | G119: 13.2 | H119: 29209-ET-PG6003-1-R-1.pdf | I119: =IF($H119<>"","YES","NO") -> YES | J119: =IF(N($T119)>0,"YES","NO") -> NO | K119: =IF(OR($A119="EHT Trace"),IF(AND($U119<>"",$V119<>""),"YES","NO"),"N/A") -> N/A | L119: =IF(OR($A119="EHT Trace"),IF(AND($X119<>"",$Y119<>""),"YES","NO"),"N/A") -> N/A | M119: =IF(OR($A119="EHT Trace"),IF(AND($AA119<>"",$AB119<>""),"YES","NO"),"N/A") -> N/A | N119: =IF(OR($A119="Power Cable"),IF(AND($AD119<>""),"YES","NO"),"N/A") -> N/A | O119: =IF(OR($A119="Power Cable",$A119="RTD Cable",$A119="Fieldbus Cable"),IF(AND($AE119<>""),"YES","NO"),"N/A") -> N/A | P119: =IF(OR($A119="RTD"),IF(AND($AH119<>""),"YES","NO"),"N/A") -> NO | Q119: =IF(OR($A119="RTD"),IF(AND($AI119<>""),"YES","NO"),"N/A") -> NO | R119: =IF(OR($AM119<>"",$Z119<>"",$AC119<>""),"YES","NO") -> NO | S119: =IF(COUNTIF(I119:R119,"NO")=0,"YES","NO") -> NO | AL119: Levy Ostrup
A120: RTD | B120: 29209-ET-PG6003-1-R-2 | C120: 29209-ET-PG6003-1 | D120: 29103-HTP-102 I/O-3-4 | E120: PRODUCED GAS | F120: 29209-65R-ET-PG6003-01-01 | G120: 13.2 | H120: 29209-ET-PG6003-1-R-2.pdf | I120: =IF($H120<>"","YES","NO") -> YES | J120: =IF(N($T120)>0,"YES","NO") -> NO | K120: =IF(OR($A120="EHT Trace"),IF(AND($U120<>"",$V120<>""),"YES","NO"),"N/A") -> N/A | L120: =IF(OR($A120="EHT Trace"),IF(AND($X120<>"",$Y120<>""),"YES","NO"),"N/A") -> N/A | M120: =IF(OR($A120="EHT Trace"),IF(AND($AA120<>"",$AB120<>""),"YES","NO"),"N/A") -> N/A | N120: =IF(OR($A120="Power Cable"),IF(AND($AD120<>""),"YES","NO"),"N/A") -> N/A | O120: =IF(OR($A120="Power Cable",$A120="RTD Cable",$A120="Fieldbus Cable"),IF(AND($AE120<>""),"YES","NO"),"N/A") -> N/A | P120: =IF(OR($A120="RTD"),IF(AND($AH120<>""),"YES","NO"),"N/A") -> NO | Q120: =IF(OR($A120="RTD"),IF(AND($AI120<>""),"YES","NO"),"N/A") -> NO | R120: =IF(OR($AM120<>"",$Z120<>"",$AC120<>""),"YES","NO") -> NO | S120: =IF(COUNTIF(I120:R120,"NO")=0,"YES","NO") -> NO | AL120: Levy Ostrup
A121: RTD Cable | B121: 29103-ET-HC1901-1-R-1 | C121: 29103-ET-HC1901-1 | D121: 29103-HTP-102 HTC-05 | E121: 29103-HTP-102 | G121: 113 | H121: 29103-ET-HC1901-1-R-1.pdf | I121: =IF($H121<>"","YES","NO") -> YES | J121: =IF(N($T121)>0,"YES","NO") -> NO | K121: =IF(OR($A121="EHT Trace"),IF(AND($U121<>"",$V121<>""),"YES","NO"),"N/A") -> N/A | L121: =IF(OR($A121="EHT Trace"),IF(AND($X121<>"",$Y121<>""),"YES","NO"),"N/A") -> N/A | M121: =IF(OR($A121="EHT Trace"),IF(AND($AA121<>"",$AB121<>""),"YES","NO"),"N/A") -> N/A | N121: =IF(OR($A121="Power Cable"),IF(AND($AD121<>""),"YES","NO"),"N/A") -> N/A | O121: =IF(OR($A121="Power Cable",$A121="RTD Cable",$A121="Fieldbus Cable"),IF(AND($AE121<>""),"YES","NO"),"N/A") -> NO | P121: =IF(OR($A121="RTD"),IF(AND($AH121<>""),"YES","NO"),"N/A") -> N/A | Q121: =IF(OR($A121="RTD"),IF(AND($AI121<>""),"YES","NO"),"N/A") -> N/A | R121: =IF(OR($AM121<>"",$Z121<>"",$AC121<>""),"YES","NO") -> NO | S121: =IF(COUNTIF(I121:R121,"NO")=0,"YES","NO") -> NO | AJ121: ACIC | AK121: 16AWG | AL121: Levy Ostrup
A122: RTD Cable | B122: 29103-ET-MT0001-1-R-1 | C122: 29103-ET-MT0001-1 | D122: 29103-HTP-102 HTC-09 | E122: 29103-HTP-102 | G122: 113 | H122: 29103-ET-MT0001-1-R-1.pdf | I122: =IF($H122<>"","YES","NO") -> YES | J122: =IF(N($T122)>0,"YES","NO") -> NO | K122: =IF(OR($A122="EHT Trace"),IF(AND($U122<>"",$V122<>""),"YES","NO"),"N/A") -> N/A | L122: =IF(OR($A122="EHT Trace"),IF(AND($X122<>"",$Y122<>""),"YES","NO"),"N/A") -> N/A | M122: =IF(OR($A122="EHT Trace"),IF(AND($AA122<>"",$AB122<>""),"YES","NO"),"N/A") -> N/A | N122: =IF(OR($A122="Power Cable"),IF(AND($AD122<>""),"YES","NO"),"N/A") -> N/A | O122: =IF(OR($A122="Power Cable",$A122="RTD Cable",$A122="Fieldbus Cable"),IF(AND($AE122<>""),"YES","NO"),"N/A") -> NO | P122: =IF(OR($A122="RTD"),IF(AND($AH122<>""),"YES","NO"),"N/A") -> N/A | Q122: =IF(OR($A122="RTD"),IF(AND($AI122<>""),"YES","NO"),"N/A") -> N/A | R122: =IF(OR($AM122<>"",$Z122<>"",$AC122<>""),"YES","NO") -> NO | S122: =IF(COUNTIF(I122:R122,"NO")=0,"YES","NO") -> NO | AJ122: ACIC | AK122: 16AWG | AL122: Levy Ostrup
A123: RTD Cable | B123: 29103-ET-MT0001-1-R-2 | C123: 29103-ET-MT0001-1 | D123: 29103-HTP-102 I/O-1-3 | E123: 29103-HTP-102 | G123: 113 | H123: 29103-ET-MT0001-1-R-2.pdf | I123: =IF($H123<>"","YES","NO") -> YES | J123: =IF(N($T123)>0,"YES","NO") -> NO | K123: =IF(OR($A123="EHT Trace"),IF(AND($U123<>"",$V123<>""),"YES","NO"),"N/A") -> N/A | L123: =IF(OR($A123="EHT Trace"),IF(AND($X123<>"",$Y123<>""),"YES","NO"),"N/A") -> N/A | M123: =IF(OR($A123="EHT Trace"),IF(AND($AA123<>"",$AB123<>""),"YES","NO"),"N/A") -> N/A | N123: =IF(OR($A123="Power Cable"),IF(AND($AD123<>""),"YES","NO"),"N/A") -> N/A | O123: =IF(OR($A123="Power Cable",$A123="RTD Cable",$A123="Fieldbus Cable"),IF(AND($AE123<>""),"YES","NO"),"N/A") -> NO | P123: =IF(OR($A123="RTD"),IF(AND($AH123<>""),"YES","NO"),"N/A") -> N/A | Q123: =IF(OR($A123="RTD"),IF(AND($AI123<>""),"YES","NO"),"N/A") -> N/A | R123: =IF(OR($AM123<>"",$Z123<>"",$AC123<>""),"YES","NO") -> NO | S123: =IF(COUNTIF(I123:R123,"NO")=0,"YES","NO") -> NO | AJ123: ACIC | AK123: 16AWG | AL123: Levy Ostrup
A124: RTD Cable | B124: 29103-ET-P001A-2-R-1 | C124: 29103-ET-P001A-2 | D124: 29103-HTP-102 HTC-07 | E124: 29103-HTP-102 | G124: 113 | H124: 29103-ET-P001A-2-R-1.pdf | I124: =IF($H124<>"","YES","NO") -> YES | J124: =IF(N($T124)>0,"YES","NO") -> NO | K124: =IF(OR($A124="EHT Trace"),IF(AND($U124<>"",$V124<>""),"YES","NO"),"N/A") -> N/A | L124: =IF(OR($A124="EHT Trace"),IF(AND($X124<>"",$Y124<>""),"YES","NO"),"N/A") -> N/A | M124: =IF(OR($A124="EHT Trace"),IF(AND($AA124<>"",$AB124<>""),"YES","NO"),"N/A") -> N/A | N124: =IF(OR($A124="Power Cable"),IF(AND($AD124<>""),"YES","NO"),"N/A") -> N/A | O124: =IF(OR($A124="Power Cable",$A124="RTD Cable",$A124="Fieldbus Cable"),IF(AND($AE124<>""),"YES","NO"),"N/A") -> NO | P124: =IF(OR($A124="RTD"),IF(AND($AH124<>""),"YES","NO"),"N/A") -> N/A | Q124: =IF(OR($A124="RTD"),IF(AND($AI124<>""),"YES","NO"),"N/A") -> N/A | R124: =IF(OR($AM124<>"",$Z124<>"",$AC124<>""),"YES","NO") -> NO | S124: =IF(COUNTIF(I124:R124,"NO")=0,"YES","NO") -> NO | AJ124: ACIC | AK124: 16AWG | AL124: Levy Ostrup
A125: RTD Cable | B125: 29103-ET-P001A-2-R-2 | C125: 29103-ET-P001A-2 | D125: 29103-HTP-102 I/O-1-4 | E125: 29103-HTP-102 | G125: 113 | H125: 29103-ET-P001A-2-R-2.pdf | I125: =IF($H125<>"","YES","NO") -> YES | J125: =IF(N($T125)>0,"YES","NO") -> NO | K125: =IF(OR($A125="EHT Trace"),IF(AND($U125<>"",$V125<>""),"YES","NO"),"N/A") -> N/A | L125: =IF(OR($A125="EHT Trace"),IF(AND($X125<>"",$Y125<>""),"YES","NO"),"N/A") -> N/A | M125: =IF(OR($A125="EHT Trace"),IF(AND($AA125<>"",$AB125<>""),"YES","NO"),"N/A") -> N/A | N125: =IF(OR($A125="Power Cable"),IF(AND($AD125<>""),"YES","NO"),"N/A") -> N/A | O125: =IF(OR($A125="Power Cable",$A125="RTD Cable",$A125="Fieldbus Cable"),IF(AND($AE125<>""),"YES","NO"),"N/A") -> NO | P125: =IF(OR($A125="RTD"),IF(AND($AH125<>""),"YES","NO"),"N/A") -> N/A | Q125: =IF(OR($A125="RTD"),IF(AND($AI125<>""),"YES","NO"),"N/A") -> N/A | R125: =IF(OR($AM125<>"",$Z125<>"",$AC125<>""),"YES","NO") -> NO | S125: =IF(COUNTIF(I125:R125,"NO")=0,"YES","NO") -> NO | AJ125: ACIC | AK125: 16AWG | AL125: Levy Ostrup
A126: RTD Cable | B126: 29103-ET-P001A-2-R-3 | C126: 29103-ET-P001A-2 | D126: 29103-HTP-102 I/O-2-1 | E126: 29103-HTP-102 | G126: 113 | H126: 29103-ET-P001A-2-R-3.pdf | I126: =IF($H126<>"","YES","NO") -> YES | J126: =IF(N($T126)>0,"YES","NO") -> NO | K126: =IF(OR($A126="EHT Trace"),IF(AND($U126<>"",$V126<>""),"YES","NO"),"N/A") -> N/A | L126: =IF(OR($A126="EHT Trace"),IF(AND($X126<>"",$Y126<>""),"YES","NO"),"N/A") -> N/A | M126: =IF(OR($A126="EHT Trace"),IF(AND($AA126<>"",$AB126<>""),"YES","NO"),"N/A") -> N/A | N126: =IF(OR($A126="Power Cable"),IF(AND($AD126<>""),"YES","NO"),"N/A") -> N/A | O126: =IF(OR($A126="Power Cable",$A126="RTD Cable",$A126="Fieldbus Cable"),IF(AND($AE126<>""),"YES","NO"),"N/A") -> NO | P126: =IF(OR($A126="RTD"),IF(AND($AH126<>""),"YES","NO"),"N/A") -> N/A | Q126: =IF(OR($A126="RTD"),IF(AND($AI126<>""),"YES","NO"),"N/A") -> N/A | R126: =IF(OR($AM126<>"",$Z126<>"",$AC126<>""),"YES","NO") -> NO | S126: =IF(COUNTIF(I126:R126,"NO")=0,"YES","NO") -> NO | AJ126: ACIC | AK126: 16AWG | AL126: Levy Ostrup
A127: RTD Cable | B127: 29103-ET-P001B-2-R-1 | C127: 29103-ET-P001B-2 | D127: 29103-HTP-102 HTC-15 | E127: 29103-HTP-102 | G127: 113 | H127: 29103-ET-P001B-2-R-1.pdf | I127: =IF($H127<>"","YES","NO") -> YES | J127: =IF(N($T127)>0,"YES","NO") -> NO | K127: =IF(OR($A127="EHT Trace"),IF(AND($U127<>"",$V127<>""),"YES","NO"),"N/A") -> N/A | L127: =IF(OR($A127="EHT Trace"),IF(AND($X127<>"",$Y127<>""),"YES","NO"),"N/A") -> N/A | M127: =IF(OR($A127="EHT Trace"),IF(AND($AA127<>"",$AB127<>""),"YES","NO"),"N/A") -> N/A | N127: =IF(OR($A127="Power Cable"),IF(AND($AD127<>""),"YES","NO"),"N/A") -> N/A | O127: =IF(OR($A127="Power Cable",$A127="RTD Cable",$A127="Fieldbus Cable"),IF(AND($AE127<>""),"YES","NO"),"N/A") -> NO | P127: =IF(OR($A127="RTD"),IF(AND($AH127<>""),"YES","NO"),"N/A") -> N/A | Q127: =IF(OR($A127="RTD"),IF(AND($AI127<>""),"YES","NO"),"N/A") -> N/A | R127: =IF(OR($AM127<>"",$Z127<>"",$AC127<>""),"YES","NO") -> NO | S127: =IF(COUNTIF(I127:R127,"NO")=0,"YES","NO") -> NO | AJ127: ACIC | AK127: 16AWG | AL127: Levy Ostrup
A128: RTD Cable | B128: 29103-ET-P001B-2-R-2 | C128: 29103-ET-P001B-2 | D128: 29103-HTP-102 I/O-2-4 | E128: 29103-HTP-102 | G128: 113 | H128: 29103-ET-P001B-2-R-2.pdf | I128: =IF($H128<>"","YES","NO") -> YES | J128: =IF(N($T128)>0,"YES","NO") -> NO | K128: =IF(OR($A128="EHT Trace"),IF(AND($U128<>"",$V128<>""),"YES","NO"),"N/A") -> N/A | L128: =IF(OR($A128="EHT Trace"),IF(AND($X128<>"",$Y128<>""),"YES","NO"),"N/A") -> N/A | M128: =IF(OR($A128="EHT Trace"),IF(AND($AA128<>"",$AB128<>""),"YES","NO"),"N/A") -> N/A | N128: =IF(OR($A128="Power Cable"),IF(AND($AD128<>""),"YES","NO"),"N/A") -> N/A | O128: =IF(OR($A128="Power Cable",$A128="RTD Cable",$A128="Fieldbus Cable"),IF(AND($AE128<>""),"YES","NO"),"N/A") -> NO | P128: =IF(OR($A128="RTD"),IF(AND($AH128<>""),"YES","NO"),"N/A") -> N/A | Q128: =IF(OR($A128="RTD"),IF(AND($AI128<>""),"YES","NO"),"N/A") -> N/A | R128: =IF(OR($AM128<>"",$Z128<>"",$AC128<>""),"YES","NO") -> NO | S128: =IF(COUNTIF(I128:R128,"NO")=0,"YES","NO") -> NO | AJ128: ACIC | AK128: 16AWG | AL128: Levy Ostrup
A129: RTD Cable | B129: 29103-ET-P001B-2-R-3 | C129: 29103-ET-P001B-2 | D129: 29103-HTP-102 I/O-3-1 | E129: 29103-HTP-102 | G129: 113 | H129: 29103-ET-P001B-2-R-3.pdf | I129: =IF($H129<>"","YES","NO") -> YES | J129: =IF(N($T129)>0,"YES","NO") -> NO | K129: =IF(OR($A129="EHT Trace"),IF(AND($U129<>"",$V129<>""),"YES","NO"),"N/A") -> N/A | L129: =IF(OR($A129="EHT Trace"),IF(AND($X129<>"",$Y129<>""),"YES","NO"),"N/A") -> N/A | M129: =IF(OR($A129="EHT Trace"),IF(AND($AA129<>"",$AB129<>""),"YES","NO"),"N/A") -> N/A | N129: =IF(OR($A129="Power Cable"),IF(AND($AD129<>""),"YES","NO"),"N/A") -> N/A | O129: =IF(OR($A129="Power Cable",$A129="RTD Cable",$A129="Fieldbus Cable"),IF(AND($AE129<>""),"YES","NO"),"N/A") -> NO | P129: =IF(OR($A129="RTD"),IF(AND($AH129<>""),"YES","NO"),"N/A") -> N/A | Q129: =IF(OR($A129="RTD"),IF(AND($AI129<>""),"YES","NO"),"N/A") -> N/A | R129: =IF(OR($AM129<>"",$Z129<>"",$AC129<>""),"YES","NO") -> NO | S129: =IF(COUNTIF(I129:R129,"NO")=0,"YES","NO") -> NO | AJ129: ACIC | AK129: 16AWG | AL129: Levy Ostrup
A130: RTD Cable | B130: 29103-ET-P1003-1-R-1 | C130: 29103-ET-P1003-1 | D130: 29103-HTP-102 HTC-19 | E130: 29103-HTP-102 | G130: 113 | H130: 29103-ET-P1003-1-R-1.pdf | I130: =IF($H130<>"","YES","NO") -> YES | J130: =IF(N($T130)>0,"YES","NO") -> NO | K130: =IF(OR($A130="EHT Trace"),IF(AND($U130<>"",$V130<>""),"YES","NO"),"N/A") -> N/A | L130: =IF(OR($A130="EHT Trace"),IF(AND($X130<>"",$Y130<>""),"YES","NO"),"N/A") -> N/A | M130: =IF(OR($A130="EHT Trace"),IF(AND($AA130<>"",$AB130<>""),"YES","NO"),"N/A") -> N/A | N130: =IF(OR($A130="Power Cable"),IF(AND($AD130<>""),"YES","NO"),"N/A") -> N/A | O130: =IF(OR($A130="Power Cable",$A130="RTD Cable",$A130="Fieldbus Cable"),IF(AND($AE130<>""),"YES","NO"),"N/A") -> NO | P130: =IF(OR($A130="RTD"),IF(AND($AH130<>""),"YES","NO"),"N/A") -> N/A | Q130: =IF(OR($A130="RTD"),IF(AND($AI130<>""),"YES","NO"),"N/A") -> N/A | R130: =IF(OR($AM130<>"",$Z130<>"",$AC130<>""),"YES","NO") -> NO | S130: =IF(COUNTIF(I130:R130,"NO")=0,"YES","NO") -> NO | AJ130: ACIC | AK130: 16AWG | AL130: Levy Ostrup
A131: RTD Cable | B131: 29103-ET-P1004-1-R-1 | C131: 29103-ET-P1004-1 | D131: 29103-HTP-102 HTC-20 | E131: 29103-HTP-102 | G131: 113 | H131: 29103-ET-P1004-1-R-1.pdf | I131: =IF($H131<>"","YES","NO") -> YES | J131: =IF(N($T131)>0,"YES","NO") -> NO | K131: =IF(OR($A131="EHT Trace"),IF(AND($U131<>"",$V131<>""),"YES","NO"),"N/A") -> N/A | L131: =IF(OR($A131="EHT Trace"),IF(AND($X131<>"",$Y131<>""),"YES","NO"),"N/A") -> N/A | M131: =IF(OR($A131="EHT Trace"),IF(AND($AA131<>"",$AB131<>""),"YES","NO"),"N/A") -> N/A | N131: =IF(OR($A131="Power Cable"),IF(AND($AD131<>""),"YES","NO"),"N/A") -> N/A | O131: =IF(OR($A131="Power Cable",$A131="RTD Cable",$A131="Fieldbus Cable"),IF(AND($AE131<>""),"YES","NO"),"N/A") -> NO | P131: =IF(OR($A131="RTD"),IF(AND($AH131<>""),"YES","NO"),"N/A") -> N/A | Q131: =IF(OR($A131="RTD"),IF(AND($AI131<>""),"YES","NO"),"N/A") -> N/A | R131: =IF(OR($AM131<>"",$Z131<>"",$AC131<>""),"YES","NO") -> NO | S131: =IF(COUNTIF(I131:R131,"NO")=0,"YES","NO") -> NO | AJ131: ACIC | AK131: 16AWG | AL131: Levy Ostrup
A132: RTD Cable | B132: 29103-ET-V004-1-R-1 | C132: 29103-ET-V004-1 | D132: 29103-HTP-102 HTC-30 | E132: 29103-HTP-102 | G132: 113 | H132: 29103-ET-V004-1-R-1.pdf | I132: =IF($H132<>"","YES","NO") -> YES | J132: =IF(N($T132)>0,"YES","NO") -> NO | K132: =IF(OR($A132="EHT Trace"),IF(AND($U132<>"",$V132<>""),"YES","NO"),"N/A") -> N/A | L132: =IF(OR($A132="EHT Trace"),IF(AND($X132<>"",$Y132<>""),"YES","NO"),"N/A") -> N/A | M132: =IF(OR($A132="EHT Trace"),IF(AND($AA132<>"",$AB132<>""),"YES","NO"),"N/A") -> N/A | N132: =IF(OR($A132="Power Cable"),IF(AND($AD132<>""),"YES","NO"),"N/A") -> N/A | O132: =IF(OR($A132="Power Cable",$A132="RTD Cable",$A132="Fieldbus Cable"),IF(AND($AE132<>""),"YES","NO"),"N/A") -> NO | P132: =IF(OR($A132="RTD"),IF(AND($AH132<>""),"YES","NO"),"N/A") -> N/A | Q132: =IF(OR($A132="RTD"),IF(AND($AI132<>""),"YES","NO"),"N/A") -> N/A | R132: =IF(OR($AM132<>"",$Z132<>"",$AC132<>""),"YES","NO") -> NO | S132: =IF(COUNTIF(I132:R132,"NO")=0,"YES","NO") -> NO | AJ132: ACIC | AK132: 16AWG | AL132: Levy Ostrup
... A134: RTD Cable | B134: 29103-ET-V1900-1-R-1 | C134: 29103-ET-V1900-1 | D134: 29103-HTP-102 HTC-17 | E134: 29103-HTP-102 | G134: 113 | H134: 29103-ET-V1900-1-R-1.pdf | I134: =IF($H134<>"","YES","NO") -> YES | J134: =IF(N($T134)>0,"YES","NO") -> NO | K134: =IF(OR($A134="EHT Trace"),IF(AND($U134<>"",$V134<>""),"YES","NO"),"N/A") -> N/A | L134: =IF(OR($A134="EHT Trace"),IF(AND($X134<>"",$Y134<>""),"YES","NO"),"N/A") -> N/A | M134: =IF(OR($A134="EHT Trace"),IF(AND($AA134<>"",$AB134<>""),"YES","NO"),"N/A") -> N/A | N134: =IF(OR($A134="Power Cable"),IF(AND($AD134<>""),"YES","NO"),"N/A") -> N/A | O134: =IF(OR($A134="Power Cable",$A134="RTD Cable",$A134="Fieldbus Cable"),IF(AND($AE134<>""),"YES","NO"),"N/A") -> NO | P134: =IF(OR($A134="RTD"),IF(AND($AH134<>""),"YES","NO"),"N/A") -> N/A | Q134: =IF(OR($A134="RTD"),IF(AND($AI134<>""),"YES","NO"),"N/A") -> N/A | R134: =IF(OR($AM134<>"",$Z134<>"",$AC134<>""),"YES","NO") -> NO | S134: =IF(COUNTIF(I134:R134,"NO")=0,"YES","NO") -> NO | AJ134: ACIC | AK134: 16AWG | AL134: Levy Ostrup
A135: RTD Cable | B135: 29103-RJB-016 | D135: 29103-HTP-102 HTC-02 | E135: 29103-HTP-102 | G135: 113 | H135: 29103-RJB-016.pdf | I135: =IF($H135<>"","YES","NO") -> YES | J135: =IF(N($T135)>0,"YES","NO") -> NO | K135: =IF(OR($A135="EHT Trace"),IF(AND($U135<>"",$V135<>""),"YES","NO"),"N/A") -> N/A | L135: =IF(OR($A135="EHT Trace"),IF(AND($X135<>"",$Y135<>""),"YES","NO"),"N/A") -> N/A | M135: =IF(OR($A135="EHT Trace"),IF(AND($AA135<>"",$AB135<>""),"YES","NO"),"N/A") -> N/A | N135: =IF(OR($A135="Power Cable"),IF(AND($AD135<>""),"YES","NO"),"N/A") -> N/A | O135: =IF(OR($A135="Power Cable",$A135="RTD Cable",$A135="Fieldbus Cable"),IF(AND($AE135<>""),"YES","NO"),"N/A") -> NO | P135: =IF(OR($A135="RTD"),IF(AND($AH135<>""),"YES","NO"),"N/A") -> N/A | Q135: =IF(OR($A135="RTD"),IF(AND($AI135<>""),"YES","NO"),"N/A") -> N/A | R135: =IF(OR($AM135<>"",$Z135<>"",$AC135<>""),"YES","NO") -> NO | S135: =IF(COUNTIF(I135:R135,"NO")=0,"YES","NO") -> NO | AJ135: ACIC | AK135: 16AWG | AL135: Levy Ostrup
A136: RTD Cable | B136: 29103-RJB-017 | D136: 29103-HTP-102 HTC-10 | E136: 29103-HTP-102 | G136: 113 | H136: 29103-RJB-017.pdf | I136: =IF($H136<>"","YES","NO") -> YES | J136: =IF(N($T136)>0,"YES","NO") -> NO | K136: =IF(OR($A136="EHT Trace"),IF(AND($U136<>"",$V136<>""),"YES","NO"),"N/A") -> N/A | L136: =IF(OR($A136="EHT Trace"),IF(AND($X136<>"",$Y136<>""),"YES","NO"),"N/A") -> N/A | M136: =IF(OR($A136="EHT Trace"),IF(AND($AA136<>"",$AB136<>""),"YES","NO"),"N/A") -> N/A | N136: =IF(OR($A136="Power Cable"),IF(AND($AD136<>""),"YES","NO"),"N/A") -> N/A | O136: =IF(OR($A136="Power Cable",$A136="RTD Cable",$A136="Fieldbus Cable"),IF(AND($AE136<>""),"YES","NO"),"N/A") -> NO | P136: =IF(OR($A136="RTD"),IF(AND($AH136<>""),"YES","NO"),"N/A") -> N/A | Q136: =IF(OR($A136="RTD"),IF(AND($AI136<>""),"YES","NO"),"N/A") -> N/A | R136: =IF(OR($AM136<>"",$Z136<>"",$AC136<>""),"YES","NO") -> NO | S136: =IF(COUNTIF(I136:R136,"NO")=0,"YES","NO") -> NO | AJ136: ACIC | AK136: 16AWG | AL136: Levy Ostrup
A137: RTD Cable | B137: 29103-RJB-019 | D137: 29103-HTP-102 HTC-08 | E137: 29103-HTP-102 | G137: 113 | H137: 29103-RJB-019.pdf | I137: =IF($H137<>"","YES","NO") -> YES | J137: =IF(N($T137)>0,"YES","NO") -> NO | K137: =IF(OR($A137="EHT Trace"),IF(AND($U137<>"",$V137<>""),"YES","NO"),"N/A") -> N/A | L137: =IF(OR($A137="EHT Trace"),IF(AND($X137<>"",$Y137<>""),"YES","NO"),"N/A") -> N/A | M137: =IF(OR($A137="EHT Trace"),IF(AND($AA137<>"",$AB137<>""),"YES","NO"),"N/A") -> N/A | N137: =IF(OR($A137="Power Cable"),IF(AND($AD137<>""),"YES","NO"),"N/A") -> N/A | O137: =IF(OR($A137="Power Cable",$A137="RTD Cable",$A137="Fieldbus Cable"),IF(AND($AE137<>""),"YES","NO"),"N/A") -> NO | P137: =IF(OR($A137="RTD"),IF(AND($AH137<>""),"YES","NO"),"N/A") -> N/A | Q137: =IF(OR($A137="RTD"),IF(AND($AI137<>""),"YES","NO"),"N/A") -> N/A | R137: =IF(OR($AM137<>"",$Z137<>"",$AC137<>""),"YES","NO") -> NO | S137: =IF(COUNTIF(I137:R137,"NO")=0,"YES","NO") -> NO | AJ137: ACIC | AK137: 16AWG | AL137: Levy Ostrup
A138: RTD Cable | B138: 29103-RJB-020 | D138: 29103-HTP-102 HTC-13,I/O-2-2, I/O-2-3 | E138: 29103-HTP-102 | G138: 113 | H138: 29103-RJB-020.pdf | I138: =IF($H138<>"","YES","NO") -> YES | J138: =IF(N($T138)>0,"YES","NO") -> NO | K138: =IF(OR($A138="EHT Trace"),IF(AND($U138<>"",$V138<>""),"YES","NO"),"N/A") -> N/A | L138: =IF(OR($A138="EHT Trace"),IF(AND($X138<>"",$Y138<>""),"YES","NO"),"N/A") -> N/A | M138: =IF(OR($A138="EHT Trace"),IF(AND($AA138<>"",$AB138<>""),"YES","NO"),"N/A") -> N/A | N138: =IF(OR($A138="Power Cable"),IF(AND($AD138<>""),"YES","NO"),"N/A") -> N/A | O138: =IF(OR($A138="Power Cable",$A138="RTD Cable",$A138="Fieldbus Cable"),IF(AND($AE138<>""),"YES","NO"),"N/A") -> NO | P138: =IF(OR($A138="RTD"),IF(AND($AH138<>""),"YES","NO"),"N/A") -> N/A | Q138: =IF(OR($A138="RTD"),IF(AND($AI138<>""),"YES","NO"),"N/A") -> N/A | R138: =IF(OR($AM138<>"",$Z138<>"",$AC138<>""),"YES","NO") -> NO | S138: =IF(COUNTIF(I138:R138,"NO")=0,"YES","NO") -> NO | AJ138: ACIC | AK138: 16AWG | AL138: Levy Ostrup
A139: RTD Cable | B139: 29103-RJB-021 | D139: 29103-HTP-102 HTC-11 | E139: 29103-HTP-102 | G139: 113 | H139: 29103-RJB-021.pdf | I139: =IF($H139<>"","YES","NO") -> YES | J139: =IF(N($T139)>0,"YES","NO") -> NO | K139: =IF(OR($A139="EHT Trace"),IF(AND($U139<>"",$V139<>""),"YES","NO"),"N/A") -> N/A | L139: =IF(OR($A139="EHT Trace"),IF(AND($X139<>"",$Y139<>""),"YES","NO"),"N/A") -> N/A | M139: =IF(OR($A139="EHT Trace"),IF(AND($AA139<>"",$AB139<>""),"YES","NO"),"N/A") -> N/A | N139: =IF(OR($A139="Power Cable"),IF(AND($AD139<>""),"YES","NO"),"N/A") -> N/A | O139: =IF(OR($A139="Power Cable",$A139="RTD Cable",$A139="Fieldbus Cable"),IF(AND($AE139<>""),"YES","NO"),"N/A") -> NO | P139: =IF(OR($A139="RTD"),IF(AND($AH139<>""),"YES","NO"),"N/A") -> N/A | Q139: =IF(OR($A139="RTD"),IF(AND($AI139<>""),"YES","NO"),"N/A") -> N/A | R139: =IF(OR($AM139<>"",$Z139<>"",$AC139<>""),"YES","NO") -> NO | S139: =IF(COUNTIF(I139:R139,"NO")=0,"YES","NO") -> NO | AJ139: ACIC | AK139: 16AWG | AL139: Levy Ostrup
...

Sheet 29103-HTP-100
A1: 29103-HTP-100
I3: CHECKSHEETS | T3: TEST RESULTS
A4: Type | B4: Tag | C4: Circuit | D4: Controller | E4: System | F4: ISO / Dwg | G4: Form | H4: File | I4: ITR | J4: Visual | K4: Rec. Megger | L4: Pre-Insul Megger | M4: Post-Insul Megger | N4: Cable IR | O4: Cable Cont. | P4: RTD Pre | Q4: RTD Post | R4: Dated | S4: Complete | T4: Visual Initials | U4: Rec. IR | V4: Rec. Cont. | W4: Rec. Date | X4: Pre IR | Y4: Pre Cont. | Z4: Pre Date | AA4: Post IR | AB4: Post Cont. | AC4: Post Date | AD4: Cable IR | AE4: Cable Cont. | AF4: Meter | AG4: RTD Ω | AH4: RTD Pre (S/C/Com) | AI4: RTD Post (S/C/Com) | AJ4: Part # / Cable | AK4: Length / Size | AL4: Inspected By | AM4: Date | AN4: Remarks
A5: EHT Trace | B5: 29103-ET-P1800-4-1 | C5: 29103-ET-P1800-4 | D5: HTC-05 / CB-05 | E5: 29103-P-1800 | F5: 29103-65R-ET-P1800-04-01 | G5: 13.1 | H5: 29103-ET-P1800-4-1.pdf | I5: =IF($H5<>"","YES","NO") -> YES | J5: =IF(N($T5)>0,"YES","NO") -> NO | K5: =IF(OR($A5="EHT Trace"),IF(AND($U5<>"",$V5<>""),"YES","NO"),"N/A") -> NO | L5: =IF(OR($A5="EHT Trace"),IF(AND($X5<>"",$Y5<>""),"YES","NO"),"N/A") -> NO | M5: =IF(OR($A5="EHT Trace"),IF(AND($AA5<>"",$AB5<>""),"YES","NO"),"N/A") -> NO | N5: =IF(OR($A5="Power Cable"),IF(AND($AD5<>""),"YES","NO"),"N/A") -> N/A | O5: =IF(OR($A5="Power Cable",$A5="RTD Cable",$A5="Fieldbus Cable"),IF(AND($AE5<>""),"YES","NO"),"N/A") -> N/A | P5: =IF(OR($A5="RTD"),IF(AND($AH5<>""),"YES","NO"),"N/A") -> N/A | Q5: =IF(OR($A5="RTD"),IF(AND($AI5<>""),"YES","NO"),"N/A") -> N/A | R5: =IF(OR($AM5<>"",$Z5<>"",$AC5<>""),"YES","NO") -> NO | S5: =IF(COUNTIF(I5:R5,"NO")=0,"YES","NO") -> NO | AJ5: D/32SQ3200/36.8M/2859/277/2.1M/LS23A/X/N12 | AK5: 36.8 m m | AL5: Levy Ostrup
A6: EHT Trace | B6: 29103-ET-P1800-5-1 | C6: 29103-ET-P1800-5 | D6: HTC-02 / CB-02 | E6: 29103-P-1800 | F6: 29103-65R-ET-P1800-05-01 | G6: 13.1 | H6: 29103-ET-P1800-5-1.pdf | I6: =IF($H6<>"","YES","NO") -> YES | J6: =IF(N($T6)>0,"YES","NO") -> NO | K6: =IF(OR($A6="EHT Trace"),IF(AND($U6<>"",$V6<>""),"YES","NO"),"N/A") -> NO | L6: =IF(OR($A6="EHT Trace"),IF(AND($X6<>"",$Y6<>""),"YES","NO"),"N/A") -> NO | M6: =IF(OR($A6="EHT Trace"),IF(AND($AA6<>"",$AB6<>""),"YES","NO"),"N/A") -> NO | N6: =IF(OR($A6="Power Cable"),IF(AND($AD6<>""),"YES","NO"),"N/A") -> N/A | O6: =IF(OR($A6="Power Cable",$A6="RTD Cable",$A6="Fieldbus Cable"),IF(AND($AE6<>""),"YES","NO"),"N/A") -> N/A | P6: =IF(OR($A6="RTD"),IF(AND($AH6<>""),"YES","NO"),"N/A") -> N/A | Q6: =IF(OR($A6="RTD"),IF(AND($AI6<>""),"YES","NO"),"N/A") -> N/A | R6: =IF(OR($AM6<>"",$Z6<>"",$AC6<>""),"YES","NO") -> NO | S6: =IF(COUNTIF(I6:R6,"NO")=0,"YES","NO") -> NO | AJ6: D/32SP4583/70.3M/4577/277/2.1M/LS23A/X/N12 | AK6: 70.3 m m | AL6: Levy Ostrup
A7: EHT Trace | B7: 29103-ET-P1800-6-1 | C7: 29103-ET-P1800-6 | D7: HTC-06 / CB-06 | E7: 29103-P-1800 | F7: 29103-65R-ET-P1800-06-01 | G7: 13.1 | H7: 29103-ET-P1800-6-1.pdf | I7: =IF($H7<>"","YES","NO") -> YES | J7: =IF(N($T7)>0,"YES","NO") -> NO | K7: =IF(OR($A7="EHT Trace"),IF(AND($U7<>"",$V7<>""),"YES","NO"),"N/A") -> YES | L7: =IF(OR($A7="EHT Trace"),IF(AND($X7<>"",$Y7<>""),"YES","NO"),"N/A") -> NO | M7: =IF(OR($A7="EHT Trace"),IF(AND($AA7<>"",$AB7<>""),"YES","NO"),"N/A") -> NO | N7: =IF(OR($A7="Power Cable"),IF(AND($AD7<>""),"YES","NO"),"N/A") -> N/A | O7: =IF(OR($A7="Power Cable",$A7="RTD Cable",$A7="Fieldbus Cable"),IF(AND($AE7<>""),"YES","NO"),"N/A") -> N/A | P7: =IF(OR($A7="RTD"),IF(AND($AH7<>""),"YES","NO"),"N/A") -> N/A | Q7: =IF(OR($A7="RTD"),IF(AND($AI7<>""),"YES","NO"),"N/A") -> N/A | R7: =IF(OR($AM7<>"",$Z7<>"",$AC7<>""),"YES","NO") -> NO | S7: =IF(COUNTIF(I7:R7,"NO")=0,"YES","NO") -> NO | U7: >2.2 GΩ | V7: 15.2 Ω | W7: 2026-05-17 | AJ7: D/32SP4583/76.2M/4282/277/2.1M/LS23A/X/N12 | AK7: 76.2 m m | AL7: Levy Ostrup
A8: EHT Trace | B8: 29103-ET-P1800-7-1 | C8: 29103-ET-P1800-7 | D8: HTC-16 / CB-16 | E8: 29103-P-1810, 29103-P-1800 | F8: 29103-65R-ET-P1800-07-01 | G8: 13.1 | H8: 29103-ET-P1800-7-1.pdf | I8: =IF($H8<>"","YES","NO") -> YES | J8: =IF(N($T8)>0,"YES","NO") -> NO | K8: =IF(OR($A8="EHT Trace"),IF(AND($U8<>"",$V8<>""),"YES","NO"),"N/A") -> YES | L8: =IF(OR($A8="EHT Trace"),IF(AND($X8<>"",$Y8<>""),"YES","NO"),"N/A") -> YES | M8: =IF(OR($A8="EHT Trace"),IF(AND($AA8<>"",$AB8<>""),"YES","NO"),"N/A") -> NO | N8: =IF(OR($A8="Power Cable"),IF(AND($AD8<>""),"YES","NO"),"N/A") -> N/A | O8: =IF(OR($A8="Power Cable",$A8="RTD Cable",$A8="Fieldbus Cable"),IF(AND($AE8<>""),"YES","NO"),"N/A") -> N/A | P8: =IF(OR($A8="RTD"),IF(AND($AH8<>""),"YES","NO"),"N/A") -> N/A | Q8: =IF(OR($A8="RTD"),IF(AND($AI8<>""),"YES","NO"),"N/A") -> N/A | R8: =IF(OR($AM8<>"",$Z8<>"",$AC8<>""),"YES","NO") -> YES | S8: =IF(COUNTIF(I8:R8,"NO")=0,"YES","NO") -> NO | U8: >2.2 GΩ | V8: 15.1 Ω | W8: 2026-05-17 | X8: 550 MΩ | Y8: 15.2 Ω | Z8: 2026-09-21 | AJ8: D/32SP4583/76.3M/4280/277/2.1M/LS23A/X/N12 | AK8: 76.3 m m | AL8: Levy Ostrup
A9: EHT Trace | B9: 29103-ET-PE1802-3-1 | C9: 29103-ET-PE1802-3 | D9: HTC-03 / CB-03 | E9: 29103-PE-1802 | F9: 29103-65R-ET-PE1802-03-01 | G9: 13.1 | H9: 29103-ET-PE1802-3-1.pdf | I9: =IF($H9<>"","YES","NO") -> YES | J9: =IF(N($T9)>0,"YES","NO") -> NO | K9: =IF(OR($A9="EHT Trace"),IF(AND($U9<>"",$V9<>""),"YES","NO"),"N/A") -> NO | L9: =IF(OR($A9="EHT Trace"),IF(AND($X9<>"",$Y9<>""),"YES","NO"),"N/A") -> NO | M9: =IF(OR($A9="EHT Trace"),IF(AND($AA9<>"",$AB9<>""),"YES","NO"),"N/A") -> NO | N9: =IF(OR($A9="Power Cable"),IF(AND($AD9<>""),"YES","NO"),"N/A") -> N/A | O9: =IF(OR($A9="Power Cable",$A9="RTD Cable",$A9="Fieldbus Cable"),IF(AND($AE9<>""),"YES","NO"),"N/A") -> N/A | P9: =IF(OR($A9="RTD"),IF(AND($AH9<>""),"YES","NO"),"N/A") -> N/A | Q9: =IF(OR($A9="RTD"),IF(AND($AI9<>""),"YES","NO"),"N/A") -> N/A | R9: =IF(OR($AM9<>"",$Z9<>"",$AC9<>""),"YES","NO") -> NO | S9: =IF(COUNTIF(I9:R9,"NO")=0,"YES","NO") -> NO | AJ9: D/32SP4458/18M/1580/74.1/2.1M/LS23A/X/N12 | AK9: 18 m m | AL9: Levy Ostrup
A10: EHT Trace | B10: 29103-ET-PE1802-3-2 | C10: 29103-ET-PE1802-3 | D10: HTC-03 / CB-03 | E10: 29103-PE-1802 | F10: 29103-65R-ET-PE1802-03-01 | G10: 13.1 | H10: 29103-ET-PE1802-3-2.pdf | I10: =IF($H10<>"","YES","NO") -> YES | J10: =IF(N($T10)>0,"YES","NO") -> NO | K10: =IF(OR($A10="EHT Trace"),IF(AND($U10<>"",$V10<>""),"YES","NO"),"N/A") -> NO | L10: =IF(OR($A10="EHT Trace"),IF(AND($X10<>"",$Y10<>""),"YES","NO"),"N/A") -> NO | M10: =IF(OR($A10="EHT Trace"),IF(AND($AA10<>"",$AB10<>""),"YES","NO"),"N/A") -> NO | N10: =IF(OR($A10="Power Cable"),IF(AND($AD10<>""),"YES","NO"),"N/A") -> N/A | O10: =IF(OR($A10="Power Cable",$A10="RTD Cable",$A10="Fieldbus Cable"),IF(AND($AE10<>""),"YES","NO"),"N/A") -> N/A | P10: =IF(OR($A10="RTD"),IF(AND($AH10<>""),"YES","NO"),"N/A") -> N/A | Q10: =IF(OR($A10="RTD"),IF(AND($AI10<>""),"YES","NO"),"N/A") -> N/A | R10: =IF(OR($AM10<>"",$Z10<>"",$AC10<>""),"YES","NO") -> NO | S10: =IF(COUNTIF(I10:R10,"NO")=0,"YES","NO") -> NO | AJ10: D/32SP4458/49.3M/4329/203/1.2M/LS23A/X/N12 | AK10: 49.3 m m | AL10: Levy Ostrup
A11: EHT Trace | B11: 29103-ET-PE1802-4-1 | C11: 29103-ET-PE1802-4 | D11: HTC-07 / CB-07 | E11: 29103-PE-1802 | F11: 29103-65R-ET-PE1802-04-01 | G11: 13.1 | H11: 29103-ET-PE1802-4-1.pdf | I11: =IF($H11<>"","YES","NO") -> YES | J11: =IF(N($T11)>0,"YES","NO") -> NO | K11: =IF(OR($A11="EHT Trace"),IF(AND($U11<>"",$V11<>""),"YES","NO"),"N/A") -> NO | L11: =IF(OR($A11="EHT Trace"),IF(AND($X11<>"",$Y11<>""),"YES","NO"),"N/A") -> NO | M11: =IF(OR($A11="EHT Trace"),IF(AND($AA11<>"",$AB11<>""),"YES","NO"),"N/A") -> NO | N11: =IF(OR($A11="Power Cable"),IF(AND($AD11<>""),"YES","NO"),"N/A") -> N/A | O11: =IF(OR($A11="Power Cable",$A11="RTD Cable",$A11="Fieldbus Cable"),IF(AND($AE11<>""),"YES","NO"),"N/A") -> N/A | P11: =IF(OR($A11="RTD"),IF(AND($AH11<>""),"YES","NO"),"N/A") -> N/A | Q11: =IF(OR($A11="RTD"),IF(AND($AI11<>""),"YES","NO"),"N/A") -> N/A | R11: =IF(OR($AM11<>"",$Z11<>"",$AC11<>""),"YES","NO") -> NO | S11: =IF(COUNTIF(I11:R11,"NO")=0,"YES","NO") -> NO | AJ11: D/32SQ3150/40.8M/3435/277/1.2M/LS23A/X/N12 | AK11: 40.8 m m | AL11: Levy Ostrup
A12: EHT Trace | B12: 29103-ET-PE1802-5-1 | C12: 29103-ET-PE1802-5 | D12: HTC-17 / CB-17 | E12: 29103-PE-1812, 29103-PE-1802 | F12: 29103-65R-ET-PE1802-05-01 | G12: 13.1 | H12: 29103-ET-PE1802-5-1.pdf | I12: =IF($H12<>"","YES","NO") -> YES | J12: =IF(N($T12)>0,"YES","NO") -> YES | K12: =IF(OR($A12="EHT Trace"),IF(AND($U12<>"",$V12<>""),"YES","NO"),"N/A") -> NO | L12: =IF(OR($A12="EHT Trace"),IF(AND($X12<>"",$Y12<>""),"YES","NO"),"N/A") -> YES | M12: =IF(OR($A12="EHT Trace"),IF(AND($AA12<>"",$AB12<>""),"YES","NO"),"N/A") -> NO | N12: =IF(OR($A12="Power Cable"),IF(AND($AD12<>""),"YES","NO"),"N/A") -> N/A | O12: =IF(OR($A12="Power Cable",$A12="RTD Cable",$A12="Fieldbus Cable"),IF(AND($AE12<>""),"YES","NO"),"N/A") -> N/A | P12: =IF(OR($A12="RTD"),IF(AND($AH12<>""),"YES","NO"),"N/A") -> N/A | Q12: =IF(OR($A12="RTD"),IF(AND($AI12<>""),"YES","NO"),"N/A") -> N/A | R12: =IF(OR($AM12<>"",$Z12<>"",$AC12<>""),"YES","NO") -> YES | S12: =IF(COUNTIF(I12:R12,"NO")=0,"YES","NO") -> NO | T12: 1 | X12: 550 MΩ | Y12: 14.8 Ω | Z12: 2026-09-20 | AJ12: D/32SP4458/90.7M/4626/277/1.2M/LS23A/X/N12 | AK12: 90.7 m m | AL12: Levy Ostrup
A13: EHT Trace | B13: 29103-ET-PE1803-3-1 | C13: 29103-ET-PE1803-3 | D13: HTC-04 / CB-04 | E13: 29103-PE-1803 | F13: 29103-65R-ET-PE1803-03-01 | G13: 13.1 | H13: 29103-ET-PE1803-3-1.pdf | I13: =IF($H13<>"","YES","NO") -> YES | J13: =IF(N($T13)>0,"YES","NO") -> NO | K13: =IF(OR($A13="EHT Trace"),IF(AND($U13<>"",$V13<>""),"YES","NO"),"N/A") -> NO | L13: =IF(OR($A13="EHT Trace"),IF(AND($X13<>"",$Y13<>""),"YES","NO"),"N/A") -> NO | M13: =IF(OR($A13="EHT Trace"),IF(AND($AA13<>"",$AB13<>""),"YES","NO"),"N/A") -> NO | N13: =IF(OR($A13="Power Cable"),IF(AND($AD13<>""),"YES","NO"),"N/A") -> N/A | O13: =IF(OR($A13="Power Cable",$A13="RTD Cable",$A13="Fieldbus Cable"),IF(AND($AE13<>""),"YES","NO"),"N/A") -> N/A | P13: =IF(OR($A13="RTD"),IF(AND($AH13<>""),"YES","NO"),"N/A") -> N/A | Q13: =IF(OR($A13="RTD"),IF(AND($AI13<>""),"YES","NO"),"N/A") -> N/A | R13: =IF(OR($AM13<>"",$Z13<>"",$AC13<>""),"YES","NO") -> NO | S13: =IF(COUNTIF(I13:R13,"NO")=0,"YES","NO") -> NO | AJ13: E/32SQ3200/6.9M/328/40.2/1.2M/LS23A/X/N12/XNF | AK13: 6.9 m m | AL13: Levy Ostrup
A14: EHT Trace | B14: 29103-ET-PE1803-3-2 | C14: 29103-ET-PE1803-3 | D14: HTC-04 / CB-04 | E14: 29103-PE-2803 | F14: 29103-65R-ET-PE1803-03-01 | G14: 13.1 | H14: 29103-ET-PE1803-3-2.pdf | I14: =IF($H14<>"","YES","NO") -> YES | J14: =IF(N($T14)>0,"YES","NO") -> NO | K14: =IF(OR($A14="EHT Trace"),IF(AND($U14<>"",$V14<>""),"YES","NO"),"N/A") -> NO | L14: =IF(OR($A14="EHT Trace"),IF(AND($X14<>"",$Y14<>""),"YES","NO"),"N/A") -> NO | M14: =IF(OR($A14="EHT Trace"),IF(AND($AA14<>"",$AB14<>""),"YES","NO"),"N/A") -> NO | N14: =IF(OR($A14="Power Cable"),IF(AND($AD14<>""),"YES","NO"),"N/A") -> N/A | O14: =IF(OR($A14="Power Cable",$A14="RTD Cable",$A14="Fieldbus Cable"),IF(AND($AE14<>""),"YES","NO"),"N/A") -> N/A | P14: =IF(OR($A14="RTD"),IF(AND($AH14<>""),"YES","NO"),"N/A") -> N/A | Q14: =IF(OR($A14="RTD"),IF(AND($AI14<>""),"YES","NO"),"N/A") -> N/A | R14: =IF(OR($AM14<>"",$Z14<>"",$AC14<>""),"YES","NO") -> NO | S14: =IF(COUNTIF(I14:R14,"NO")=0,"YES","NO") -> NO | AJ14: D/32SQ3200/18.4M/874/107/1.2M/LS23A/X/N12/XMN | AK14: 18.4 m m | AL14: Levy Ostrup
A15: EHT Trace | B15: 29103-ET-PE1803-3-3 | C15: 29103-ET-PE1803-3 | D15: HTC-04 / CB-04 | E15: 29103-PE-1803 | F15: 29103-65R-ET-PE1803-03-01 | G15: 13.1 | H15: 29103-ET-PE1803-3-3.pdf | I15: =IF($H15<>"","YES","NO") -> YES | J15: =IF(N($T15)>0,"YES","NO") -> NO | K15: =IF(OR($A15="EHT Trace"),IF(AND($U15<>"",$V15<>""),"YES","NO"),"N/A") -> NO | L15: =IF(OR($A15="EHT Trace"),IF(AND($X15<>"",$Y15<>""),"YES","NO"),"N/A") -> NO | M15: =IF(OR($A15="EHT Trace"),IF(AND($AA15<>"",$AB15<>""),"YES","NO"),"N/A") -> NO | N15: =IF(OR($A15="Power Cable"),IF(AND($AD15<>""),"YES","NO"),"N/A") -> N/A | O15: =IF(OR($A15="Power Cable",$A15="RTD Cable",$A15="Fieldbus Cable"),IF(AND($AE15<>""),"YES","NO"),"N/A") -> N/A | P15: =IF(OR($A15="RTD"),IF(AND($AH15<>""),"YES","NO"),"N/A") -> N/A | Q15: =IF(OR($A15="RTD"),IF(AND($AI15<>""),"YES","NO"),"N/A") -> N/A | R15: =IF(OR($AM15<>"",$Z15<>"",$AC15<>""),"YES","NO") -> NO | S15: =IF(COUNTIF(I15:R15,"NO")=0,"YES","NO") -> NO | AJ15: D/32SA2200/14.2M/811/277/1.2M/LS23A/X/N12 | AK15: 14.2 m m | AL15: Levy Ostrup
A16: EHT Trace | B16: 29103-ET-PE1803-3-4 | C16: 29103-ET-PE1803-3 | D16: HTC-04 / CB-04 | E16: 29103-PE-1803 | F16: 29103-65R-ET-PE1803-03-01 | G16: 13.1 | H16: 29103-ET-PE1803-3-4.pdf | I16: =IF($H16<>"","YES","NO") -> YES | J16: =IF(N($T16)>0,"YES","NO") -> NO | K16: =IF(OR($A16="EHT Trace"),IF(AND($U16<>"",$V16<>""),"YES","NO"),"N/A") -> NO | L16: =IF(OR($A16="EHT Trace"),IF(AND($X16<>"",$Y16<>""),"YES","NO"),"N/A") -> NO | M16: =IF(OR($A16="EHT Trace"),IF(AND($AA16<>"",$AB16<>""),"YES","NO"),"N/A") -> NO | N16: =IF(OR($A16="Power Cable"),IF(AND($AD16<>""),"YES","NO"),"N/A") -> N/A | O16: =IF(OR($A16="Power Cable",$A16="RTD Cable",$A16="Fieldbus Cable"),IF(AND($AE16<>""),"YES","NO"),"N/A") -> N/A | P16: =IF(OR($A16="RTD"),IF(AND($AH16<>""),"YES","NO"),"N/A") -> N/A | Q16: =IF(OR($A16="RTD"),IF(AND($AI16<>""),"YES","NO"),"N/A") -> N/A | R16: =IF(OR($AM16<>"",$Z16<>"",$AC16<>""),"YES","NO") -> NO | S16: =IF(COUNTIF(I16:R16,"NO")=0,"YES","NO") -> NO | AJ16: D/32SQ3200/22.3M/1059/130/1.2M/LS23A/X/N12 | AK16: 22.3 m m | AL16: Levy Ostrup
A17: EHT Trace | B17: 29103-ET-PE1803-5-1 | C17: 29103-ET-PE1803-5 | D17: HTC-08 / CB-08 | E17: 29103-PE-1803 | F17: 29103-65R-ET-PE1803-05-01 | G17: 13.1 | H17: 29103-ET-PE1803-5-1.pdf | I17: =IF($H17<>"","YES","NO") -> YES | J17: =IF(N($T17)>0,"YES","NO") -> NO | K17: =IF(OR($A17="EHT Trace"),IF(AND($U17<>"",$V17<>""),"YES","NO"),"N/A") -> NO | L17: =IF(OR($A17="EHT Trace"),IF(AND($X17<>"",$Y17<>""),"YES","NO"),"N/A") -> NO | M17: =IF(OR($A17="EHT Trace"),IF(AND($AA17<>"",$AB17<>""),"YES","NO"),"N/A") -> NO | N17: =IF(OR($A17="Power Cable"),IF(AND($AD17<>""),"YES","NO"),"N/A") -> N/A | O17: =IF(OR($A17="Power Cable",$A17="RTD Cable",$A17="Fieldbus Cable"),IF(AND($AE17<>""),"YES","NO"),"N/A") -> N/A | P17: =IF(OR($A17="RTD"),IF(AND($AH17<>""),"YES","NO"),"N/A") -> N/A | Q17: =IF(OR($A17="RTD"),IF(AND($AI17<>""),"YES","NO"),"N/A") -> N/A | R17: =IF(OR($AM17<>"",$Z17<>"",$AC17<>""),"YES","NO") -> NO | S17: =IF(COUNTIF(I17:R17,"NO")=0,"YES","NO") -> NO | AJ17: D/32SQ3374/46.9M/1257/277/1.2M/LS23A/X/N12 | AK17: 46.9 m m | AL17: Levy Ostrup
A18: EHT Trace | B18: 29103-ET-PE1803-6-1 | C18: 29103-ET-PE1803-6 | D18: HTC-09 / CB-09 | E18: 29103-PE-1803 | F18: 29103-65R-ET-PE1803-06-01 | G18: 13.1 | H18: 29103-ET-PE1803-6-1.pdf | I18: =IF($H18<>"","YES","NO") -> YES | J18: =IF(N($T18)>0,"YES","NO") -> NO | K18: =IF(OR($A18="EHT Trace"),IF(AND($U18<>"",$V18<>""),"YES","NO"),"N/A") -> NO | L18: =IF(OR($A18="EHT Trace"),IF(AND($X18<>"",$Y18<>""),"YES","NO"),"N/A") -> NO | M18: =IF(OR($A18="EHT Trace"),IF(AND($AA18<>"",$AB18<>""),"YES","NO"),"N/A") -> NO | N18: =IF(OR($A18="Power Cable"),IF(AND($AD18<>""),"YES","NO"),"N/A") -> N/A | O18: =IF(OR($A18="Power Cable",$A18="RTD Cable",$A18="Fieldbus Cable"),IF(AND($AE18<>""),"YES","NO"),"N/A") -> N/A | P18: =IF(OR($A18="RTD"),IF(AND($AH18<>""),"YES","NO"),"N/A") -> N/A | Q18: =IF(OR($A18="RTD"),IF(AND($AI18<>""),"YES","NO"),"N/A") -> N/A | R18: =IF(OR($AM18<>"",$Z18<>"",$AC18<>""),"YES","NO") -> NO | S18: =IF(COUNTIF(I18:R18,"NO")=0,"YES","NO") -> NO | AJ18: D/32SQ3200/44.4M/2411/277/1.2M/LS23A/X/N12 | AK18: 44.4 m m | AL18: Levy Ostrup
A19: EHT Trace | B19: 29103-ET-PE1806-1-1 | C19: 29103-ET-PE1806-1 | D19: HTC-13 / CB-13 | F19: 29103-65R-ET-PE1806-01-01 | G19: 13.1 | H19: 29103-ET-PE1806-1-1.pdf | I19: =IF($H19<>"","YES","NO") -> YES | J19: =IF(N($T19)>0,"YES","NO") -> NO | K19: =IF(OR($A19="EHT Trace"),IF(AND($U19<>"",$V19<>""),"YES","NO"),"N/A") -> NO | L19: =IF(OR($A19="EHT Trace"),IF(AND($X19<>"",$Y19<>""),"YES","NO"),"N/A") -> NO | M19: =IF(OR($A19="EHT Trace"),IF(AND($AA19<>"",$AB19<>""),"YES","NO"),"N/A") -> NO | N19: =IF(OR($A19="Power Cable"),IF(AND($AD19<>""),"YES","NO"),"N/A") -> N/A | O19: =IF(OR($A19="Power Cable",$A19="RTD Cable",$A19="Fieldbus Cable"),IF(AND($AE19<>""),"YES","NO"),"N/A") -> N/A | P19: =IF(OR($A19="RTD"),IF(AND($AH19<>""),"YES","NO"),"N/A") -> N/A | Q19: =IF(OR($A19="RTD"),IF(AND($AI19<>""),"YES","NO"),"N/A") -> N/A | R19: =IF(OR($AM19<>"",$Z19<>"",$AC19<>""),"YES","NO") -> NO | S19: =IF(COUNTIF(I19:R19,"NO")=0,"YES","NO") -> NO | AJ19: E/32SA2318/12.2M/346/211/1.2M/LS23A/X/N12 | AK19: 12.2 m m | AL19: Levy Ostrup
A20: EHT Trace | B20: 29103-ET-PE1806-1-2 | C20: 29103-ET-PE1806-1 | D20: HTC-13 / CB-13 | E20: 29103-PE-1807, 29103-PE-1806 | F20: 29103-65R-ET-PE1806-01-01 | G20: 13.1 | H20: 29103-ET-PE1806-1-2.pdf | I20: =IF($H20<>"","YES","NO") -> YES | J20: =IF(N($T20)>0,"YES","NO") -> NO | K20: =IF(OR($A20="EHT Trace"),IF(AND($U20<>"",$V20<>""),"YES","NO"),"N/A") -> NO | L20: =IF(OR($A20="EHT Trace"),IF(AND($X20<>"",$Y20<>""),"YES","NO"),"N/A") -> NO | M20: =IF(OR($A20="EHT Trace"),IF(AND($AA20<>"",$AB20<>""),"YES","NO"),"N/A") -> NO | N20: =IF(OR($A20="Power Cable"),IF(AND($AD20<>""),"YES","NO"),"N/A") -> N/A | O20: =IF(OR($A20="Power Cable",$A20="RTD Cable",$A20="Fieldbus Cable"),IF(AND($AE20<>""),"YES","NO"),"N/A") -> N/A | P20: =IF(OR($A20="RTD"),IF(AND($AH20<>""),"YES","NO"),"N/A") -> N/A | Q20: =IF(OR($A20="RTD"),IF(AND($AI20<>""),"YES","NO"),"N/A") -> N/A | R20: =IF(OR($AM20<>"",$Z20<>"",$AC20<>""),"YES","NO") -> NO | S20: =IF(COUNTIF(I20:R20,"NO")=0,"YES","NO") -> NO | AJ20: D/32SA2318/3.8M/108/65.8/1.2M/LS23A/X/N12 | AK20: 3.8 m m | AL20: Levy Ostrup
A21: EHT Trace | B21: 29103-ET-ST1801-1-1 | C21: 29103-ET-ST1801-1 | D21: 29103-AMB-013 | E21: 29103-ST-1801, 29103-ST-1800 | F21: 29103-65R-ET-ST1801-01-01 | G21: 13.1 | H21: 29103-ET-ST1801-1-1.pdf | I21: =IF($H21<>"","YES","NO") -> YES | J21: =IF(N($T21)>0,"YES","NO") -> NO | K21: =IF(OR($A21="EHT Trace"),IF(AND($U21<>"",$V21<>""),"YES","NO"),"N/A") -> NO | L21: =IF(OR($A21="EHT Trace"),IF(AND($X21<>"",$Y21<>""),"YES","NO"),"N/A") -> NO | M21: =IF(OR($A21="EHT Trace"),IF(AND($AA21<>"",$AB21<>""),"YES","NO"),"N/A") -> NO | N21: =IF(OR($A21="Power Cable"),IF(AND($AD21<>""),"YES","NO"),"N/A") -> N/A | O21: =IF(OR($A21="Power Cable",$A21="RTD Cable",$A21="Fieldbus Cable"),IF(AND($AE21<>""),"YES","NO"),"N/A") -> N/A | P21: =IF(OR($A21="RTD"),IF(AND($AH21<>""),"YES","NO"),"N/A") -> N/A | Q21: =IF(OR($A21="RTD"),IF(AND($AI21<>""),"YES","NO"),"N/A") -> N/A | R21: =IF(OR($AM21<>"",$Z21<>"",$AC21<>""),"YES","NO") -> NO | S21: =IF(COUNTIF(I21:R21,"NO")=0,"YES","NO") -> NO | AJ21: D/32SA2400/22.1M/265/277/1.2M/LS23A/X/N12 | AK21: 22.1 m m | AL21: Levy Ostrup
A22: EHT Trace | B22: 29103-ET-ST1803-1-1 | C22: 29103-ET-ST1803-1 | D22: 29103-AMB-013 | E22: 29103-ST-1803 | F22: 29103-65R-ET-ST1803-01-01 | G22: 13.1 | H22: 29103-ET-ST1803-1-1.pdf | I22: =IF($H22<>"","YES","NO") -> YES | J22: =IF(N($T22)>0,"YES","NO") -> NO | K22: =IF(OR($A22="EHT Trace"),IF(AND($U22<>"",$V22<>""),"YES","NO"),"N/A") -> NO | L22: =IF(OR($A22="EHT Trace"),IF(AND($X22<>"",$Y22<>""),"YES","NO"),"N/A") -> NO | M22: =IF(OR($A22="EHT Trace"),IF(AND($AA22<>"",$AB22<>""),"YES","NO"),"N/A") -> NO | N22: =IF(OR($A22="Power Cable"),IF(AND($AD22<>""),"YES","NO"),"N/A") -> N/A | O22: =IF(OR($A22="Power Cable",$A22="RTD Cable",$A22="Fieldbus Cable"),IF(AND($AE22<>""),"YES","NO"),"N/A") -> N/A | P22: =IF(OR($A22="RTD"),IF(AND($AH22<>""),"YES","NO"),"N/A") -> N/A | Q22: =IF(OR($A22="RTD"),IF(AND($AI22<>""),"YES","NO"),"N/A") -> N/A | R22: =IF(OR($AM22<>"",$Z22<>"",$AC22<>""),"YES","NO") -> NO | S22: =IF(COUNTIF(I22:R22,"NO")=0,"YES","NO") -> NO | AJ22: D/32SB3700/22.5M/608/178/1.2M/LS23A/X/N12 | AK22: 22.5 m m | AL22: Levy Ostrup
A23: EHT Trace | B23: 29103-ET-ST1803-1-2 | C23: 29103-ET-ST1803-1 | D23: 29103-AMB-013 | E23: 29103-ST-1804 | F23: 29103-65R-ET-ST1803-01-01 | G23: 13.1 | H23: 29103-ET-ST1803-1-2.pdf | I23: =IF($H23<>"","YES","NO") -> YES | J23: =IF(N($T23)>0,"YES","NO") -> NO | K23: =IF(OR($A23="EHT Trace"),IF(AND($U23<>"",$V23<>""),"YES","NO"),"N/A") -> NO | L23: =IF(OR($A23="EHT Trace"),IF(AND($X23<>"",$Y23<>""),"YES","NO"),"N/A") -> NO | M23: =IF(OR($A23="EHT Trace"),IF(AND($AA23<>"",$AB23<>""),"YES","NO"),"N/A") -> NO | N23: =IF(OR($A23="Power Cable"),IF(AND($AD23<>""),"YES","NO"),"N/A") -> N/A | O23: =IF(OR($A23="Power Cable",$A23="RTD Cable",$A23="Fieldbus Cable"),IF(AND($AE23<>""),"YES","NO"),"N/A") -> N/A | P23: =IF(OR($A23="RTD"),IF(AND($AH23<>""),"YES","NO"),"N/A") -> N/A | Q23: =IF(OR($A23="RTD"),IF(AND($AI23<>""),"YES","NO"),"N/A") -> N/A | R23: =IF(OR($AM23<>"",$Z23<>"",$AC23<>""),"YES","NO") -> NO | S23: =IF(COUNTIF(I23:R23,"NO")=0,"YES","NO") -> NO | AJ23: D/32SB3700/12.6M/340/99.4/1.2M/LS23A/X/N12 | AK23: 12.6 m m | AL23: Levy Ostrup
A24: EHT Trace | B24: 29103-ET-ST1805-1-1 | C24: 29103-ET-ST1805-1 | D24: 29103-AMB-013 | E24: 29103-ST-1805 | F24: 29103-65R-ET-ST1805-01-01 | G24: 13.1 | H24: 29103-ET-ST1805-1-1.pdf | I24: =IF($H24<>"","YES","NO") -> YES | J24: =IF(N($T24)>0,"YES","NO") -> NO | K24: =IF(OR($A24="EHT Trace"),IF(AND($U24<>"",$V24<>""),"YES","NO"),"N/A") -> NO | L24: =IF(OR($A24="EHT Trace"),IF(AND($X24<>"",$Y24<>""),"YES","NO"),"N/A") -> NO | M24: =IF(OR($A24="EHT Trace"),IF(AND($AA24<>"",$AB24<>""),"YES","NO"),"N/A") -> NO | N24: =IF(OR($A24="Power Cable"),IF(AND($AD24<>""),"YES","NO"),"N/A") -> N/A | O24: =IF(OR($A24="Power Cable",$A24="RTD Cable",$A24="Fieldbus Cable"),IF(AND($AE24<>""),"YES","NO"),"N/A") -> N/A | P24: =IF(OR($A24="RTD"),IF(AND($AH24<>""),"YES","NO"),"N/A") -> N/A | Q24: =IF(OR($A24="RTD"),IF(AND($AI24<>""),"YES","NO"),"N/A") -> N/A | R24: =IF(OR($AM24<>"",$Z24<>"",$AC24<>""),"YES","NO") -> NO | S24: =IF(COUNTIF(I24:R24,"NO")=0,"YES","NO") -> NO | AJ24: D/32SB3700/22.3M/611/177/1.2M/LS23A/X/N12 | AK24: 22.3 m m | AL24: Levy Ostrup
A25: EHT Trace | B25: 29103-ET-ST1805-1-2 | C25: 29103-ET-ST1805-1 | D25: 29103-AMB-013 | E25: 29103-ST-1806 | F25: 29103-65R-ET-ST1805-01-01 | G25: 13.1 | H25: 29103-ET-ST1805-1-2.pdf | I25: =IF($H25<>"","YES","NO") -> YES | J25: =IF(N($T25)>0,"YES","NO") -> NO | K25: =IF(OR($A25="EHT Trace"),IF(AND($U25<>"",$V25<>""),"YES","NO"),"N/A") -> NO | L25: =IF(OR($A25="EHT Trace"),IF(AND($X25<>"",$Y25<>""),"YES","NO"),"N/A") -> NO | M25: =IF(OR($A25="EHT Trace"),IF(AND($AA25<>"",$AB25<>""),"YES","NO"),"N/A") -> NO | N25: =IF(OR($A25="Power Cable"),IF(AND($AD25<>""),"YES","NO"),"N/A") -> N/A | O25: =IF(OR($A25="Power Cable",$A25="RTD Cable",$A25="Fieldbus Cable"),IF(AND($AE25<>""),"YES","NO"),"N/A") -> N/A | P25: =IF(OR($A25="RTD"),IF(AND($AH25<>""),"YES","NO"),"N/A") -> N/A | Q25: =IF(OR($A25="RTD"),IF(AND($AI25<>""),"YES","NO"),"N/A") -> N/A | R25: =IF(OR($AM25<>"",$Z25<>"",$AC25<>""),"YES","NO") -> NO | S25: =IF(COUNTIF(I25:R25,"NO")=0,"YES","NO") -> NO | AJ25: D/32SB3700/12.6M/345/100/1.2M/LS23A/X/N12 | AK25: 12.6 m m | AL25: Levy Ostrup
A26: Power Cable | B26: 29103-AMB-013 | D26: 29103-HTP-100 HTC-01 | E26: 29103-HTP-100 | G26: 113 | H26: 29103-AMB-013.pdf | I26: =IF($H26<>"","YES","NO") -> YES | J26: =IF(N($T26)>0,"YES","NO") -> NO | K26: =IF(OR($A26="EHT Trace"),IF(AND($U26<>"",$V26<>""),"YES","NO"),"N/A") -> N/A | L26: =IF(OR($A26="EHT Trace"),IF(AND($X26<>"",$Y26<>""),"YES","NO"),"N/A") -> N/A | M26: =IF(OR($A26="EHT Trace"),IF(AND($AA26<>"",$AB26<>""),"YES","NO"),"N/A") -> N/A | N26: =IF(OR($A26="Power Cable"),IF(AND($AD26<>""),"YES","NO"),"N/A") -> NO | O26: =IF(OR($A26="Power Cable",$A26="RTD Cable",$A26="Fieldbus Cable"),IF(AND($AE26<>""),"YES","NO"),"N/A") -> NO | P26: =IF(OR($A26="RTD"),IF(AND($AH26<>""),"YES","NO"),"N/A") -> N/A | Q26: =IF(OR($A26="RTD"),IF(AND($AI26<>""),"YES","NO"),"N/A") -> N/A | R26: =IF(OR($AM26<>"",$Z26<>"",$AC26<>""),"YES","NO") -> NO | S26: =IF(COUNTIF(I26:R26,"NO")=0,"YES","NO") -> NO | AJ26: Teck | AK26: 8AWG | AL26: Levy Ostrup
A27: Power Cable | B27: 29103-ET-P1800-4-PWK-1 | C27: 29103-ET-P1800-4 | D27: 29103-HTP-100 HTC-05 | E27: 29103-HTP-100 | G27: 113 | H27: 29103-ET-P1800-4-PWK-1.pdf | I27: =IF($H27<>"","YES","NO") -> YES | J27: =IF(N($T27)>0,"YES","NO") -> NO | K27: =IF(OR($A27="EHT Trace"),IF(AND($U27<>"",$V27<>""),"YES","NO"),"N/A") -> N/A | L27: =IF(OR($A27="EHT Trace"),IF(AND($X27<>"",$Y27<>""),"YES","NO"),"N/A") -> N/A | M27: =IF(OR($A27="EHT Trace"),IF(AND($AA27<>"",$AB27<>""),"YES","NO"),"N/A") -> N/A | N27: =IF(OR($A27="Power Cable"),IF(AND($AD27<>""),"YES","NO"),"N/A") -> NO | O27: =IF(OR($A27="Power Cable",$A27="RTD Cable",$A27="Fieldbus Cable"),IF(AND($AE27<>""),"YES","NO"),"N/A") -> NO | P27: =IF(OR($A27="RTD"),IF(AND($AH27<>""),"YES","NO"),"N/A") -> N/A | Q27: =IF(OR($A27="RTD"),IF(AND($AI27<>""),"YES","NO"),"N/A") -> N/A | R27: =IF(OR($AM27<>"",$Z27<>"",$AC27<>""),"YES","NO") -> NO | S27: =IF(COUNTIF(I27:R27,"NO")=0,"YES","NO") -> NO | AJ27: Teck | AK27: 10AWG | AL27: Levy Ostrup
A28: Power Cable | B28: 29103-ET-P1800-5-PWK-1 | C28: 29103-ET-P1800-5 | D28: 29103-HTP-100 HTC-02 | E28: 29103-HTP-100 | G28: 113 | H28: 29103-ET-P1800-5-PWK-1.pdf | I28: =IF($H28<>"","YES","NO") -> YES | J28: =IF(N($T28)>0,"YES","NO") -> NO | K28: =IF(OR($A28="EHT Trace"),IF(AND($U28<>"",$V28<>""),"YES","NO"),"N/A") -> N/A | L28: =IF(OR($A28="EHT Trace"),IF(AND($X28<>"",$Y28<>""),"YES","NO"),"N/A") -> N/A | M28: =IF(OR($A28="EHT Trace"),IF(AND($AA28<>"",$AB28<>""),"YES","NO"),"N/A") -> N/A | N28: =IF(OR($A28="Power Cable"),IF(AND($AD28<>""),"YES","NO"),"N/A") -> NO | O28: =IF(OR($A28="Power Cable",$A28="RTD Cable",$A28="Fieldbus Cable"),IF(AND($AE28<>""),"YES","NO"),"N/A") -> NO | P28: =IF(OR($A28="RTD"),IF(AND($AH28<>""),"YES","NO"),"N/A") -> N/A | Q28: =IF(OR($A28="RTD"),IF(AND($AI28<>""),"YES","NO"),"N/A") -> N/A | R28: =IF(OR($AM28<>"",$Z28<>"",$AC28<>""),"YES","NO") -> NO | S28: =IF(COUNTIF(I28:R28,"NO")=0,"YES","NO") -> NO | AJ28: Teck | AK28: 10AWG | AL28: Levy Ostrup
A29: Power Cable | B29: 29103-ET-P1800-6-PWK-1 | C29: 29103-ET-P1800-6 | D29: 29103-HTP-100 HTC-06 | E29: 29103-HTP-100 | G29: 113 | H29: 29103-ET-P1800-6-PWK-1.pdf | I29: =IF($H29<>"","YES","NO") -> YES | J29: =IF(N($T29)>0,"YES","NO") -> NO | K29: =IF(OR($A29="EHT Trace"),IF(AND($U29<>"",$V29<>""),"YES","NO"),"N/A") -> N/A | L29: =IF(OR($A29="EHT Trace"),IF(AND($X29<>"",$Y29<>""),"YES","NO"),"N/A") -> N/A | M29: =IF(OR($A29="EHT Trace"),IF(AND($AA29<>"",$AB29<>""),"YES","NO"),"N/A") -> N/A | N29: =IF(OR($A29="Power Cable"),IF(AND($AD29<>""),"YES","NO"),"N/A") -> NO | O29: =IF(OR($A29="Power Cable",$A29="RTD Cable",$A29="Fieldbus Cable"),IF(AND($AE29<>""),"YES","NO"),"N/A") -> NO | P29: =IF(OR($A29="RTD"),IF(AND($AH29<>""),"YES","NO"),"N/A") -> N/A | Q29: =IF(OR($A29="RTD"),IF(AND($AI29<>""),"YES","NO"),"N/A") -> N/A | R29: =IF(OR($AM29<>"",$Z29<>"",$AC29<>""),"YES","NO") -> NO | S29: =IF(COUNTIF(I29:R29,"NO")=0,"YES","NO") -> NO | AJ29: Teck | AK29: 10AWG | AL29: Levy Ostrup
A30: Power Cable | B30: 29103-ET-P1800-7-PWK-1 | C30: 29103-ET-P1800-7 | D30: 29103-HTP-100 HTC-16 | E30: 29103-HTP-100 | G30: 113 | H30: 29103-ET-P1800-7-PWK-1.pdf | I30: =IF($H30<>"","YES","NO") -> YES | J30: =IF(N($T30)>0,"YES","NO") -> NO | K30: =IF(OR($A30="EHT Trace"),IF(AND($U30<>"",$V30<>""),"YES","NO"),"N/A") -> N/A | L30: =IF(OR($A30="EHT Trace"),IF(AND($X30<>"",$Y30<>""),"YES","NO"),"N/A") -> N/A | M30: =IF(OR($A30="EHT Trace"),IF(AND($AA30<>"",$AB30<>""),"YES","NO"),"N/A") -> N/A | N30: =IF(OR($A30="Power Cable"),IF(AND($AD30<>""),"YES","NO"),"N/A") -> NO | O30: =IF(OR($A30="Power Cable",$A30="RTD Cable",$A30="Fieldbus Cable"),IF(AND($AE30<>""),"YES","NO"),"N/A") -> NO | P30: =IF(OR($A30="RTD"),IF(AND($AH30<>""),"YES","NO"),"N/A") -> N/A | Q30: =IF(OR($A30="RTD"),IF(AND($AI30<>""),"YES","NO"),"N/A") -> N/A | R30: =IF(OR($AM30<>"",$Z30<>"",$AC30<>""),"YES","NO") -> NO | S30: =IF(COUNTIF(I30:R30,"NO")=0,"YES","NO") -> NO | AJ30: Teck | AK30: 10AWG | AL30: Levy Ostrup
A31: Power Cable | B31: 29103-ET-PE1802-3-PWK-1 | C31: 29103-ET-PE1802-3 | D31: 29103-HTP-100 HTC-03 | E31: 29103-HTP-100 | G31: 113 | H31: 29103-ET-PE1802-3-PWK-1.pdf | I31: =IF($H31<>"","YES","NO") -> YES | J31: =IF(N($T31)>0,"YES","NO") -> NO | K31: =IF(OR($A31="EHT Trace"),IF(AND($U31<>"",$V31<>""),"YES","NO"),"N/A") -> N/A | L31: =IF(OR($A31="EHT Trace"),IF(AND($X31<>"",$Y31<>""),"YES","NO"),"N/A") -> N/A | M31: =IF(OR($A31="EHT Trace"),IF(AND($AA31<>"",$AB31<>""),"YES","NO"),"N/A") -> N/A | N31: =IF(OR($A31="Power Cable"),IF(AND($AD31<>""),"YES","NO"),"N/A") -> NO | O31: =IF(OR($A31="Power Cable",$A31="RTD Cable",$A31="Fieldbus Cable"),IF(AND($AE31<>""),"YES","NO"),"N/A") -> NO | P31: =IF(OR($A31="RTD"),IF(AND($AH31<>""),"YES","NO"),"N/A") -> N/A | Q31: =IF(OR($A31="RTD"),IF(AND($AI31<>""),"YES","NO"),"N/A") -> N/A | R31: =IF(OR($AM31<>"",$Z31<>"",$AC31<>""),"YES","NO") -> NO | S31: =IF(COUNTIF(I31:R31,"NO")=0,"YES","NO") -> NO | AJ31: Teck | AK31: 8AWG | AL31: Levy Ostrup
A32: Power Cable | B32: 29103-ET-PE1802-4-PWK-1 | C32: 29103-ET-PE1802-4 | D32: 29103-HTP-100 HTC-07 | E32: 29103-HTP-100 | G32: 113 | H32: 29103-ET-PE1802-4-PWK-1.pdf | I32: =IF($H32<>"","YES","NO") -> YES | J32: =IF(N($T32)>0,"YES","NO") -> NO | K32: =IF(OR($A32="EHT Trace"),IF(AND($U32<>"",$V32<>""),"YES","NO"),"N/A") -> N/A | L32: =IF(OR($A32="EHT Trace"),IF(AND($X32<>"",$Y32<>""),"YES","NO"),"N/A") -> N/A | M32: =IF(OR($A32="EHT Trace"),IF(AND($AA32<>"",$AB32<>""),"YES","NO"),"N/A") -> N/A | N32: =IF(OR($A32="Power Cable"),IF(AND($AD32<>""),"YES","NO"),"N/A") -> NO | O32: =IF(OR($A32="Power Cable",$A32="RTD Cable",$A32="Fieldbus Cable"),IF(AND($AE32<>""),"YES","NO"),"N/A") -> NO | P32: =IF(OR($A32="RTD"),IF(AND($AH32<>""),"YES","NO"),"N/A") -> N/A | Q32: =IF(OR($A32="RTD"),IF(AND($AI32<>""),"YES","NO"),"N/A") -> N/A | R32: =IF(OR($AM32<>"",$Z32<>"",$AC32<>""),"YES","NO") -> NO | S32: =IF(COUNTIF(I32:R32,"NO")=0,"YES","NO") -> NO | AJ32: Teck | AK32: 10AWG | AL32: Levy Ostrup
A33: Power Cable | B33: 29103-ET-PE1802-5-PWK-1 | C33: 29103-ET-PE1802-5 | D33: 29103-HTP-100 HTC-17 | E33: 29103-HTP-100 | G33: 113 | H33: 29103-ET-PE1802-5-PWK-1.pdf | I33: =IF($H33<>"","YES","NO") -> YES | J33: =IF(N($T33)>0,"YES","NO") -> NO | K33: =IF(OR($A33="EHT Trace"),IF(AND($U33<>"",$V33<>""),"YES","NO"),"N/A") -> N/A | L33: =IF(OR($A33="EHT Trace"),IF(AND($X33<>"",$Y33<>""),"YES","NO"),"N/A") -> N/A | M33: =IF(OR($A33="EHT Trace"),IF(AND($AA33<>"",$AB33<>""),"YES","NO"),"N/A") -> N/A | N33: =IF(OR($A33="Power Cable"),IF(AND($AD33<>""),"YES","NO"),"N/A") -> NO | O33: =IF(OR($A33="Power Cable",$A33="RTD Cable",$A33="Fieldbus Cable"),IF(AND($AE33<>""),"YES","NO"),"N/A") -> NO | P33: =IF(OR($A33="RTD"),IF(AND($AH33<>""),"YES","NO"),"N/A") -> N/A | Q33: =IF(OR($A33="RTD"),IF(AND($AI33<>""),"YES","NO"),"N/A") -> N/A | R33: =IF(OR($AM33<>"",$Z33<>"",$AC33<>""),"YES","NO") -> NO | S33: =IF(COUNTIF(I33:R33,"NO")=0,"YES","NO") -> NO | AJ33: Teck | AK33: 10AWG | AL33: Levy Ostrup
A34: Power Cable | B34: 29103-ET-PE1803-3-PWK-1 | C34: 29103-ET-PE1803-3 | D34: 29103-HTP-100 HTC-04 | E34: 29103-HTP-100 | G34: 113 | H34: 29103-ET-PE1803-3-PWK-1.pdf | I34: =IF($H34<>"","YES","NO") -> YES | J34: =IF(N($T34)>0,"YES","NO") -> NO | K34: =IF(OR($A34="EHT Trace"),IF(AND($U34<>"",$V34<>""),"YES","NO"),"N/A") -> N/A | L34: =IF(OR($A34="EHT Trace"),IF(AND($X34<>"",$Y34<>""),"YES","NO"),"N/A") -> N/A | M34: =IF(OR($A34="EHT Trace"),IF(AND($AA34<>"",$AB34<>""),"YES","NO"),"N/A") -> N/A | N34: =IF(OR($A34="Power Cable"),IF(AND($AD34<>""),"YES","NO"),"N/A") -> NO | O34: =IF(OR($A34="Power Cable",$A34="RTD Cable",$A34="Fieldbus Cable"),IF(AND($AE34<>""),"YES","NO"),"N/A") -> NO | P34: =IF(OR($A34="RTD"),IF(AND($AH34<>""),"YES","NO"),"N/A") -> N/A | Q34: =IF(OR($A34="RTD"),IF(AND($AI34<>""),"YES","NO"),"N/A") -> N/A | R34: =IF(OR($AM34<>"",$Z34<>"",$AC34<>""),"YES","NO") -> NO | S34: =IF(COUNTIF(I34:R34,"NO")=0,"YES","NO") -> NO | AJ34: Teck | AK34: 10AWG | AL34: Levy Ostrup
A35: Power Cable | B35: 29103-ET-PE1803-5-PWK-1 | C35: 29103-ET-PE1803-5 | D35: 29103-HTP-100 HTC-08 | E35: 29103-HTP-100 | G35: 113 | H35: 29103-ET-PE1803-5-PWK-1.pdf | I35: =IF($H35<>"","YES","NO") -> YES | J35: =IF(N($T35)>0,"YES","NO") -> NO | K35: =IF(OR($A35="EHT Trace"),IF(AND($U35<>"",$V35<>""),"YES","NO"),"N/A") -> N/A | L35: =IF(OR($A35="EHT Trace"),IF(AND($X35<>"",$Y35<>""),"YES","NO"),"N/A") -> N/A | M35: =IF(OR($A35="EHT Trace"),IF(AND($AA35<>"",$AB35<>""),"YES","NO"),"N/A") -> N/A | N35: =IF(OR($A35="Power Cable"),IF(AND($AD35<>""),"YES","NO"),"N/A") -> NO | O35: =IF(OR($A35="Power Cable",$A35="RTD Cable",$A35="Fieldbus Cable"),IF(AND($AE35<>""),"YES","NO"),"N/A") -> NO | P35: =IF(OR($A35="RTD"),IF(AND($AH35<>""),"YES","NO"),"N/A") -> N/A | Q35: =IF(OR($A35="RTD"),IF(AND($AI35<>""),"YES","NO"),"N/A") -> N/A | R35: =IF(OR($AM35<>"",$Z35<>"",$AC35<>""),"YES","NO") -> NO | S35: =IF(COUNTIF(I35:R35,"NO")=0,"YES","NO") -> NO | AJ35: Teck | AK35: 10AWG | AL35: Levy Ostrup
A36: Power Cable | B36: 29103-ET-PE1803-6-PWK-1 | C36: 29103-ET-PE1803-6 | D36: 29103-HTP-100 HTC-09 | E36: 29103-HTP-100 | G36: 113 | H36: 29103-ET-PE1803-6-PWK-1.pdf | I36: =IF($H36<>"","YES","NO") -> YES | J36: =IF(N($T36)>0,"YES","NO") -> NO | K36: =IF(OR($A36="EHT Trace"),IF(AND($U36<>"",$V36<>""),"YES","NO"),"N/A") -> N/A | L36: =IF(OR($A36="EHT Trace"),IF(AND($X36<>"",$Y36<>""),"YES","NO"),"N/A") -> N/A | M36: =IF(OR($A36="EHT Trace"),IF(AND($AA36<>"",$AB36<>""),"YES","NO"),"N/A") -> N/A | N36: =IF(OR($A36="Power Cable"),IF(AND($AD36<>""),"YES","NO"),"N/A") -> NO | O36: =IF(OR($A36="Power Cable",$A36="RTD Cable",$A36="Fieldbus Cable"),IF(AND($AE36<>""),"YES","NO"),"N/A") -> NO | P36: =IF(OR($A36="RTD"),IF(AND($AH36<>""),"YES","NO"),"N/A") -> N/A | Q36: =IF(OR($A36="RTD"),IF(AND($AI36<>""),"YES","NO"),"N/A") -> N/A | R36: =IF(OR($AM36<>"",$Z36<>"",$AC36<>""),"YES","NO") -> NO | S36: =IF(COUNTIF(I36:R36,"NO")=0,"YES","NO") -> NO | AJ36: Teck | AK36: 10AWG | AL36: Levy Ostrup
A37: Power Cable | B37: 29103-ET-PE1806-1-PWK-1 | C37: 29103-ET-PE1806-1 | D37: 29103-HTP-100 HTC-13 | E37: 29103-HTP-100 | G37: 113 | H37: 29103-ET-PE1806-1-PWK-1.pdf | I37: =IF($H37<>"","YES","NO") -> YES | J37: =IF(N($T37)>0,"YES","NO") -> NO | K37: =IF(OR($A37="EHT Trace"),IF(AND($U37<>"",$V37<>""),"YES","NO"),"N/A") -> N/A | L37: =IF(OR($A37="EHT Trace"),IF(AND($X37<>"",$Y37<>""),"YES","NO"),"N/A") -> N/A | M37: =IF(OR($A37="EHT Trace"),IF(AND($AA37<>"",$AB37<>""),"YES","NO"),"N/A") -> N/A | N37: =IF(OR($A37="Power Cable"),IF(AND($AD37<>""),"YES","NO"),"N/A") -> NO | O37: =IF(OR($A37="Power Cable",$A37="RTD Cable",$A37="Fieldbus Cable"),IF(AND($AE37<>""),"YES","NO"),"N/A") -> NO | P37: =IF(OR($A37="RTD"),IF(AND($AH37<>""),"YES","NO"),"N/A") -> N/A | Q37: =IF(OR($A37="RTD"),IF(AND($AI37<>""),"YES","NO"),"N/A") -> N/A | R37: =IF(OR($AM37<>"",$Z37<>"",$AC37<>""),"YES","NO") -> NO | S37: =IF(COUNTIF(I37:R37,"NO")=0,"YES","NO") -> NO | AJ37: Teck | AK37: 10AWG | AL37: Levy Ostrup
A38: Power Cable | B38: 29103-ET-ST1801-1-PWK-1 | C38: 29103-ET-ST1801-1 | D38: 29103-AMB-013 | E38: 29103-HTP-100 | G38: 113 | H38: 29103-ET-ST1801-1-PWK-1.pdf | I38: =IF($H38<>"","YES","NO") -> YES | J38: =IF(N($T38)>0,"YES","NO") -> NO | K38: =IF(OR($A38="EHT Trace"),IF(AND($U38<>"",$V38<>""),"YES","NO"),"N/A") -> N/A | L38: =IF(OR($A38="EHT Trace"),IF(AND($X38<>"",$Y38<>""),"YES","NO"),"N/A") -> N/A | M38: =IF(OR($A38="EHT Trace"),IF(AND($AA38<>"",$AB38<>""),"YES","NO"),"N/A") -> N/A | N38: =IF(OR($A38="Power Cable"),IF(AND($AD38<>""),"YES","NO"),"N/A") -> NO | O38: =IF(OR($A38="Power Cable",$A38="RTD Cable",$A38="Fieldbus Cable"),IF(AND($AE38<>""),"YES","NO"),"N/A") -> NO | P38: =IF(OR($A38="RTD"),IF(AND($AH38<>""),"YES","NO"),"N/A") -> N/A | Q38: =IF(OR($A38="RTD"),IF(AND($AI38<>""),"YES","NO"),"N/A") -> N/A | R38: =IF(OR($AM38<>"",$Z38<>"",$AC38<>""),"YES","NO") -> NO | S38: =IF(COUNTIF(I38:R38,"NO")=0,"YES","NO") -> NO | AJ38: Teck | AK38: 10AWG | AL38: Levy Ostrup
... A40: Power Cable | B40: 29103-ET-ST1805-1-PWK-1 | C40: 29103-ET-ST1805-1 | D40: 29103-AMB-013 | E40: 29103-HTP-100 | G40: 113 | H40: 29103-ET-ST1805-1-PWK-1.pdf | I40: =IF($H40<>"","YES","NO") -> YES | J40: =IF(N($T40)>0,"YES","NO") -> NO | K40: =IF(OR($A40="EHT Trace"),IF(AND($U40<>"",$V40<>""),"YES","NO"),"N/A") -> N/A | L40: =IF(OR($A40="EHT Trace"),IF(AND($X40<>"",$Y40<>""),"YES","NO"),"N/A") -> N/A | M40: =IF(OR($A40="EHT Trace"),IF(AND($AA40<>"",$AB40<>""),"YES","NO"),"N/A") -> N/A | N40: =IF(OR($A40="Power Cable"),IF(AND($AD40<>""),"YES","NO"),"N/A") -> NO | O40: =IF(OR($A40="Power Cable",$A40="RTD Cable",$A40="Fieldbus Cable"),IF(AND($AE40<>""),"YES","NO"),"N/A") -> NO | P40: =IF(OR($A40="RTD"),IF(AND($AH40<>""),"YES","NO"),"N/A") -> N/A | Q40: =IF(OR($A40="RTD"),IF(AND($AI40<>""),"YES","NO"),"N/A") -> N/A | R40: =IF(OR($AM40<>"",$Z40<>"",$AC40<>""),"YES","NO") -> NO | S40: =IF(COUNTIF(I40:R40,"NO")=0,"YES","NO") -> NO | AJ40: Teck | AK40: 10AWG | AL40: Levy Ostrup
A41: RTD | B41: 29103-ET-P1800-4-R-1 | C41: 29103-ET-P1800-4 | D41: 29103-HTP-100 HTC-05 | E41: PRODUCED EMULSION | F41: 29103-65R-ET-P1800-04-01 | G41: 13.2 | H41: 29103-ET-P1800-4-R-1.pdf | I41: =IF($H41<>"","YES","NO") -> YES | J41: =IF(N($T41)>0,"YES","NO") -> NO | K41: =IF(OR($A41="EHT Trace"),IF(AND($U41<>"",$V41<>""),"YES","NO"),"N/A") -> N/A | L41: =IF(OR($A41="EHT Trace"),IF(AND($X41<>"",$Y41<>""),"YES","NO"),"N/A") -> N/A | M41: =IF(OR($A41="EHT Trace"),IF(AND($AA41<>"",$AB41<>""),"YES","NO"),"N/A") -> N/A | N41: =IF(OR($A41="Power Cable"),IF(AND($AD41<>""),"YES","NO"),"N/A") -> N/A | O41: =IF(OR($A41="Power Cable",$A41="RTD Cable",$A41="Fieldbus Cable"),IF(AND($AE41<>""),"YES","NO"),"N/A") -> N/A | P41: =IF(OR($A41="RTD"),IF(AND($AH41<>""),"YES","NO"),"N/A") -> NO | Q41: =IF(OR($A41="RTD"),IF(AND($AI41<>""),"YES","NO"),"N/A") -> NO | R41: =IF(OR($AM41<>"",$Z41<>"",$AC41<>""),"YES","NO") -> NO | S41: =IF(COUNTIF(I41:R41,"NO")=0,"YES","NO") -> NO | AL41: Levy Ostrup
A42: RTD | B42: 29103-ET-P1800-5-R-1 | C42: 29103-ET-P1800-5 | D42: 29103-HTP-100 HTC-02 | E42: PRODUCED EMULSION | F42: 29103-65R-ET-P1800-05-01 | G42: 13.2 | H42: 29103-ET-P1800-5-R-1.pdf | I42: =IF($H42<>"","YES","NO") -> YES | J42: =IF(N($T42)>0,"YES","NO") -> NO | K42: =IF(OR($A42="EHT Trace"),IF(AND($U42<>"",$V42<>""),"YES","NO"),"N/A") -> N/A | L42: =IF(OR($A42="EHT Trace"),IF(AND($X42<>"",$Y42<>""),"YES","NO"),"N/A") -> N/A | M42: =IF(OR($A42="EHT Trace"),IF(AND($AA42<>"",$AB42<>""),"YES","NO"),"N/A") -> N/A | N42: =IF(OR($A42="Power Cable"),IF(AND($AD42<>""),"YES","NO"),"N/A") -> N/A | O42: =IF(OR($A42="Power Cable",$A42="RTD Cable",$A42="Fieldbus Cable"),IF(AND($AE42<>""),"YES","NO"),"N/A") -> N/A | P42: =IF(OR($A42="RTD"),IF(AND($AH42<>""),"YES","NO"),"N/A") -> NO | Q42: =IF(OR($A42="RTD"),IF(AND($AI42<>""),"YES","NO"),"N/A") -> NO | R42: =IF(OR($AM42<>"",$Z42<>"",$AC42<>""),"YES","NO") -> NO | S42: =IF(COUNTIF(I42:R42,"NO")=0,"YES","NO") -> NO | AL42: Levy Ostrup
A43: RTD | B43: 29103-ET-P1800-6-R-1 | C43: 29103-ET-P1800-6 | D43: 29103-HTP-100 HTC-06 | E43: PRODUCED EMULSION | F43: 29103-65R-ET-P1800-06-01 | G43: 13.2 | H43: 29103-ET-P1800-6-R-1.pdf | I43: =IF($H43<>"","YES","NO") -> YES | J43: =IF(N($T43)>0,"YES","NO") -> NO | K43: =IF(OR($A43="EHT Trace"),IF(AND($U43<>"",$V43<>""),"YES","NO"),"N/A") -> N/A | L43: =IF(OR($A43="EHT Trace"),IF(AND($X43<>"",$Y43<>""),"YES","NO"),"N/A") -> N/A | M43: =IF(OR($A43="EHT Trace"),IF(AND($AA43<>"",$AB43<>""),"YES","NO"),"N/A") -> N/A | N43: =IF(OR($A43="Power Cable"),IF(AND($AD43<>""),"YES","NO"),"N/A") -> N/A | O43: =IF(OR($A43="Power Cable",$A43="RTD Cable",$A43="Fieldbus Cable"),IF(AND($AE43<>""),"YES","NO"),"N/A") -> N/A | P43: =IF(OR($A43="RTD"),IF(AND($AH43<>""),"YES","NO"),"N/A") -> NO | Q43: =IF(OR($A43="RTD"),IF(AND($AI43<>""),"YES","NO"),"N/A") -> NO | R43: =IF(OR($AM43<>"",$Z43<>"",$AC43<>""),"YES","NO") -> NO | S43: =IF(COUNTIF(I43:R43,"NO")=0,"YES","NO") -> NO | AL43: Levy Ostrup
A44: RTD | B44: 29103-ET-P1800-7-R-1 | C44: 29103-ET-P1800-7 | D44: 29103-HTP-100 HTC-16 | E44: PRODUCED EMULSION | F44: Trace: 29103-ET-P1800-7-1 | G44: 13.2 | H44: 29103-ET-P1800-7-R-1.pdf | I44: =IF($H44<>"","YES","NO") -> YES | J44: =IF(N($T44)>0,"YES","NO") -> NO | K44: =IF(OR($A44="EHT Trace"),IF(AND($U44<>"",$V44<>""),"YES","NO"),"N/A") -> N/A | L44: =IF(OR($A44="EHT Trace"),IF(AND($X44<>"",$Y44<>""),"YES","NO"),"N/A") -> N/A | M44: =IF(OR($A44="EHT Trace"),IF(AND($AA44<>"",$AB44<>""),"YES","NO"),"N/A") -> N/A | N44: =IF(OR($A44="Power Cable"),IF(AND($AD44<>""),"YES","NO"),"N/A") -> N/A | O44: =IF(OR($A44="Power Cable",$A44="RTD Cable",$A44="Fieldbus Cable"),IF(AND($AE44<>""),"YES","NO"),"N/A") -> N/A | P44: =IF(OR($A44="RTD"),IF(AND($AH44<>""),"YES","NO"),"N/A") -> NO | Q44: =IF(OR($A44="RTD"),IF(AND($AI44<>""),"YES","NO"),"N/A") -> NO | R44: =IF(OR($AM44<>"",$Z44<>"",$AC44<>""),"YES","NO") -> YES | S44: =IF(COUNTIF(I44:R44,"NO")=0,"YES","NO") -> NO | AL44: Levy Ostrup | AM44: 09/21/2026
A45: RTD | B45: 29103-ET-PE1802-3-R-1 | C45: 29103-ET-PE1802-3 | D45: 29103-HTP-100 HTC-03 | E45: PRODUCED EMULSION | F45: 29103-65R-ET-PE1802-03-01 | G45: 13.2 | H45: 29103-ET-PE1802-3-R-1.pdf | I45: =IF($H45<>"","YES","NO") -> YES | J45: =IF(N($T45)>0,"YES","NO") -> NO | K45: =IF(OR($A45="EHT Trace"),IF(AND($U45<>"",$V45<>""),"YES","NO"),"N/A") -> N/A | L45: =IF(OR($A45="EHT Trace"),IF(AND($X45<>"",$Y45<>""),"YES","NO"),"N/A") -> N/A | M45: =IF(OR($A45="EHT Trace"),IF(AND($AA45<>"",$AB45<>""),"YES","NO"),"N/A") -> N/A | N45: =IF(OR($A45="Power Cable"),IF(AND($AD45<>""),"YES","NO"),"N/A") -> N/A | O45: =IF(OR($A45="Power Cable",$A45="RTD Cable",$A45="Fieldbus Cable"),IF(AND($AE45<>""),"YES","NO"),"N/A") -> N/A | P45: =IF(OR($A45="RTD"),IF(AND($AH45<>""),"YES","NO"),"N/A") -> NO | Q45: =IF(OR($A45="RTD"),IF(AND($AI45<>""),"YES","NO"),"N/A") -> NO | R45: =IF(OR($AM45<>"",$Z45<>"",$AC45<>""),"YES","NO") -> NO | S45: =IF(COUNTIF(I45:R45,"NO")=0,"YES","NO") -> NO | AL45: Levy Ostrup
A46: RTD | B46: 29103-ET-PE1802-4-R-1 | C46: 29103-ET-PE1802-4 | D46: 29103-HTP-100 HTC-07 | E46: PRODUCED EMULSION | F46: 29103-65R-ET-PE1802-04-01 | G46: 13.2 | H46: 29103-ET-PE1802-4-R-1.pdf | I46: =IF($H46<>"","YES","NO") -> YES | J46: =IF(N($T46)>0,"YES","NO") -> NO | K46: =IF(OR($A46="EHT Trace"),IF(AND($U46<>"",$V46<>""),"YES","NO"),"N/A") -> N/A | L46: =IF(OR($A46="EHT Trace"),IF(AND($X46<>"",$Y46<>""),"YES","NO"),"N/A") -> N/A | M46: =IF(OR($A46="EHT Trace"),IF(AND($AA46<>"",$AB46<>""),"YES","NO"),"N/A") -> N/A | N46: =IF(OR($A46="Power Cable"),IF(AND($AD46<>""),"YES","NO"),"N/A") -> N/A | O46: =IF(OR($A46="Power Cable",$A46="RTD Cable",$A46="Fieldbus Cable"),IF(AND($AE46<>""),"YES","NO"),"N/A") -> N/A | P46: =IF(OR($A46="RTD"),IF(AND($AH46<>""),"YES","NO"),"N/A") -> NO | Q46: =IF(OR($A46="RTD"),IF(AND($AI46<>""),"YES","NO"),"N/A") -> NO | R46: =IF(OR($AM46<>"",$Z46<>"",$AC46<>""),"YES","NO") -> NO | S46: =IF(COUNTIF(I46:R46,"NO")=0,"YES","NO") -> NO | AL46: Levy Ostrup
A47: RTD | B47: 29103-ET-PE1802-5-R-1 | C47: 29103-ET-PE1802-5 | D47: 29103-HTP-100 HTC-17 / CB-17 | E47: PRODUCED EMULSION | F47: 29103-65R-ET-PE1802-05-01 Rev 1A0 Trace: 29103-ET-PE1802-5-1 | G47: 13.2 | H47: 29103-ET-PE1802-5-R-1.pdf | I47: =IF($H47<>"","YES","NO") -> YES | J47: =IF(N($T47)>0,"YES","NO") -> YES | K47: =IF(OR($A47="EHT Trace"),IF(AND($U47<>"",$V47<>""),"YES","NO"),"N/A") -> N/A | L47: =IF(OR($A47="EHT Trace"),IF(AND($X47<>"",$Y47<>""),"YES","NO"),"N/A") -> N/A | M47: =IF(OR($A47="EHT Trace"),IF(AND($AA47<>"",$AB47<>""),"YES","NO"),"N/A") -> N/A | N47: =IF(OR($A47="Power Cable"),IF(AND($AD47<>""),"YES","NO"),"N/A") -> N/A | O47: =IF(OR($A47="Power Cable",$A47="RTD Cable",$A47="Fieldbus Cable"),IF(AND($AE47<>""),"YES","NO"),"N/A") -> N/A | P47: =IF(OR($A47="RTD"),IF(AND($AH47<>""),"YES","NO"),"N/A") -> NO | Q47: =IF(OR($A47="RTD"),IF(AND($AI47<>""),"YES","NO"),"N/A") -> NO | R47: =IF(OR($AM47<>"",$Z47<>"",$AC47<>""),"YES","NO") -> YES | S47: =IF(COUNTIF(I47:R47,"NO")=0,"YES","NO") -> NO | T47: 5 | AL47: Levy Ostrup | AM47: 09/20/2026 | AN47: P-cable not installed
A48: RTD | B48: 29103-ET-PE1803-3-R-1 | C48: 29103-ET-PE1803-3 | D48: 29103-HTP-100 HTC-04 | E48: PRODUCED EMULSION | F48: 29103-65R-ET-PE1803-03-01 | G48: 13.2 | H48: 29103-ET-PE1803-3-R-1.pdf | I48: =IF($H48<>"","YES","NO") -> YES | J48: =IF(N($T48)>0,"YES","NO") -> NO | K48: =IF(OR($A48="EHT Trace"),IF(AND($U48<>"",$V48<>""),"YES","NO"),"N/A") -> N/A | L48: =IF(OR($A48="EHT Trace"),IF(AND($X48<>"",$Y48<>""),"YES","NO"),"N/A") -> N/A | M48: =IF(OR($A48="EHT Trace"),IF(AND($AA48<>"",$AB48<>""),"YES","NO"),"N/A") -> N/A | N48: =IF(OR($A48="Power Cable"),IF(AND($AD48<>""),"YES","NO"),"N/A") -> N/A | O48: =IF(OR($A48="Power Cable",$A48="RTD Cable",$A48="Fieldbus Cable"),IF(AND($AE48<>""),"YES","NO"),"N/A") -> N/A | P48: =IF(OR($A48="RTD"),IF(AND($AH48<>""),"YES","NO"),"N/A") -> NO | Q48: =IF(OR($A48="RTD"),IF(AND($AI48<>""),"YES","NO"),"N/A") -> NO | R48: =IF(OR($AM48<>"",$Z48<>"",$AC48<>""),"YES","NO") -> NO | S48: =IF(COUNTIF(I48:R48,"NO")=0,"YES","NO") -> NO | AL48: Levy Ostrup
A49: RTD | B49: 29103-ET-PE1803-3-R-2 | C49: 29103-ET-PE1803-3 | D49: 29103-HTP-100 I/O-1-3 | E49: PRODUCED EMULSION | F49: 29103-65R-ET-PE1803-03-01 | G49: 13.2 | H49: 29103-ET-PE1803-3-R-2.pdf | I49: =IF($H49<>"","YES","NO") -> YES | J49: =IF(N($T49)>0,"YES","NO") -> NO | K49: =IF(OR($A49="EHT Trace"),IF(AND($U49<>"",$V49<>""),"YES","NO"),"N/A") -> N/A | L49: =IF(OR($A49="EHT Trace"),IF(AND($X49<>"",$Y49<>""),"YES","NO"),"N/A") -> N/A | M49: =IF(OR($A49="EHT Trace"),IF(AND($AA49<>"",$AB49<>""),"YES","NO"),"N/A") -> N/A | N49: =IF(OR($A49="Power Cable"),IF(AND($AD49<>""),"YES","NO"),"N/A") -> N/A | O49: =IF(OR($A49="Power Cable",$A49="RTD Cable",$A49="Fieldbus Cable"),IF(AND($AE49<>""),"YES","NO"),"N/A") -> N/A | P49: =IF(OR($A49="RTD"),IF(AND($AH49<>""),"YES","NO"),"N/A") -> NO | Q49: =IF(OR($A49="RTD"),IF(AND($AI49<>""),"YES","NO"),"N/A") -> NO | R49: =IF(OR($AM49<>"",$Z49<>"",$AC49<>""),"YES","NO") -> NO | S49: =IF(COUNTIF(I49:R49,"NO")=0,"YES","NO") -> NO | AL49: Levy Ostrup
A50: RTD | B50: 29103-ET-PE1803-5-R-1 | C50: 29103-ET-PE1803-5 | D50: 29103-HTP-100 HTC-08 | E50: PRODUCED EMULSION | F50: 29103-65R-ET-PE1803-05-01 | G50: 13.2 | H50: 29103-ET-PE1803-5-R-1.pdf | I50: =IF($H50<>"","YES","NO") -> YES | J50: =IF(N($T50)>0,"YES","NO") -> NO | K50: =IF(OR($A50="EHT Trace"),IF(AND($U50<>"",$V50<>""),"YES","NO"),"N/A") -> N/A | L50: =IF(OR($A50="EHT Trace"),IF(AND($X50<>"",$Y50<>""),"YES","NO"),"N/A") -> N/A | M50: =IF(OR($A50="EHT Trace"),IF(AND($AA50<>"",$AB50<>""),"YES","NO"),"N/A") -> N/A | N50: =IF(OR($A50="Power Cable"),IF(AND($AD50<>""),"YES","NO"),"N/A") -> N/A | O50: =IF(OR($A50="Power Cable",$A50="RTD Cable",$A50="Fieldbus Cable"),IF(AND($AE50<>""),"YES","NO"),"N/A") -> N/A | P50: =IF(OR($A50="RTD"),IF(AND($AH50<>""),"YES","NO"),"N/A") -> NO | Q50: =IF(OR($A50="RTD"),IF(AND($AI50<>""),"YES","NO"),"N/A") -> NO | R50: =IF(OR($AM50<>"",$Z50<>"",$AC50<>""),"YES","NO") -> NO | S50: =IF(COUNTIF(I50:R50,"NO")=0,"YES","NO") -> NO | AL50: Levy Ostrup
A51: RTD | B51: 29103-ET-PE1803-6-R-1 | C51: 29103-ET-PE1803-6 | D51: 29103-HTP-100 HTC-09 | E51: PRODUCED EMULSION | F51: 29103-65R-ET-PE1803-06-01 | G51: 13.2 | H51: 29103-ET-PE1803-6-R-1.pdf | I51: =IF($H51<>"","YES","NO") -> YES | J51: =IF(N($T51)>0,"YES","NO") -> NO | K51: =IF(OR($A51="EHT Trace"),IF(AND($U51<>"",$V51<>""),"YES","NO"),"N/A") -> N/A | L51: =IF(OR($A51="EHT Trace"),IF(AND($X51<>"",$Y51<>""),"YES","NO"),"N/A") -> N/A | M51: =IF(OR($A51="EHT Trace"),IF(AND($AA51<>"",$AB51<>""),"YES","NO"),"N/A") -> N/A | N51: =IF(OR($A51="Power Cable"),IF(AND($AD51<>""),"YES","NO"),"N/A") -> N/A | O51: =IF(OR($A51="Power Cable",$A51="RTD Cable",$A51="Fieldbus Cable"),IF(AND($AE51<>""),"YES","NO"),"N/A") -> N/A | P51: =IF(OR($A51="RTD"),IF(AND($AH51<>""),"YES","NO"),"N/A") -> NO | Q51: =IF(OR($A51="RTD"),IF(AND($AI51<>""),"YES","NO"),"N/A") -> NO | R51: =IF(OR($AM51<>"",$Z51<>"",$AC51<>""),"YES","NO") -> NO | S51: =IF(COUNTIF(I51:R51,"NO")=0,"YES","NO") -> NO | AL51: Levy Ostrup
A52: RTD | B52: 29103-ET-PE1806-1-R-1 | C52: 29103-ET-PE1806-1 | D52: 29103-HTP-100 HTC-10 | E52: PRODUCED EMULSION | F52: 29103-65R-ET-PE1806-01-01 | G52: 13.2 | H52: 29103-ET-PE1806-1-R-1.pdf | I52: =IF($H52<>"","YES","NO") -> YES | J52: =IF(N($T52)>0,"YES","NO") -> NO | K52: =IF(OR($A52="EHT Trace"),IF(AND($U52<>"",$V52<>""),"YES","NO"),"N/A") -> N/A | L52: =IF(OR($A52="EHT Trace"),IF(AND($X52<>"",$Y52<>""),"YES","NO"),"N/A") -> N/A | M52: =IF(OR($A52="EHT Trace"),IF(AND($AA52<>"",$AB52<>""),"YES","NO"),"N/A") -> N/A | N52: =IF(OR($A52="Power Cable"),IF(AND($AD52<>""),"YES","NO"),"N/A") -> N/A | O52: =IF(OR($A52="Power Cable",$A52="RTD Cable",$A52="Fieldbus Cable"),IF(AND($AE52<>""),"YES","NO"),"N/A") -> N/A | P52: =IF(OR($A52="RTD"),IF(AND($AH52<>""),"YES","NO"),"N/A") -> NO | Q52: =IF(OR($A52="RTD"),IF(AND($AI52<>""),"YES","NO"),"N/A") -> NO | R52: =IF(OR($AM52<>"",$Z52<>"",$AC52<>""),"YES","NO") -> NO | S52: =IF(COUNTIF(I52:R52,"NO")=0,"YES","NO") -> NO | AL52: Levy Ostrup
A53: RTD Cable | B53: 29103-ET-P1800-4-R-1 | C53: 29103-ET-P1800-4 | D53: 29103-HTP-100 HTC-05 | E53: 29103-HTP-100 | G53: 113 | H53: 29103-ET-P1800-4-R-1.pdf | I53: =IF($H53<>"","YES","NO") -> YES | J53: =IF(N($T53)>0,"YES","NO") -> NO | K53: =IF(OR($A53="EHT Trace"),IF(AND($U53<>"",$V53<>""),"YES","NO"),"N/A") -> N/A | L53: =IF(OR($A53="EHT Trace"),IF(AND($X53<>"",$Y53<>""),"YES","NO"),"N/A") -> N/A | M53: =IF(OR($A53="EHT Trace"),IF(AND($AA53<>"",$AB53<>""),"YES","NO"),"N/A") -> N/A | N53: =IF(OR($A53="Power Cable"),IF(AND($AD53<>""),"YES","NO"),"N/A") -> N/A | O53: =IF(OR($A53="Power Cable",$A53="RTD Cable",$A53="Fieldbus Cable"),IF(AND($AE53<>""),"YES","NO"),"N/A") -> NO | P53: =IF(OR($A53="RTD"),IF(AND($AH53<>""),"YES","NO"),"N/A") -> N/A | Q53: =IF(OR($A53="RTD"),IF(AND($AI53<>""),"YES","NO"),"N/A") -> N/A | R53: =IF(OR($AM53<>"",$Z53<>"",$AC53<>""),"YES","NO") -> NO | S53: =IF(COUNTIF(I53:R53,"NO")=0,"YES","NO") -> NO | AJ53: ACIC | AK53: 16AWG | AL53: Levy Ostrup
A54: RTD Cable | B54: 29103-ET-P1800-5-R-1 | C54: 29103-ET-P1800-5 | D54: 29103-HTP-100 HTC-02 | E54: 29103-HTP-100 | G54: 113 | H54: 29103-ET-P1800-5-R-1.pdf | I54: =IF($H54<>"","YES","NO") -> YES | J54: =IF(N($T54)>0,"YES","NO") -> NO | K54: =IF(OR($A54="EHT Trace"),IF(AND($U54<>"",$V54<>""),"YES","NO"),"N/A") -> N/A | L54: =IF(OR($A54="EHT Trace"),IF(AND($X54<>"",$Y54<>""),"YES","NO"),"N/A") -> N/A | M54: =IF(OR($A54="EHT Trace"),IF(AND($AA54<>"",$AB54<>""),"YES","NO"),"N/A") -> N/A | N54: =IF(OR($A54="Power Cable"),IF(AND($AD54<>""),"YES","NO"),"N/A") -> N/A | O54: =IF(OR($A54="Power Cable",$A54="RTD Cable",$A54="Fieldbus Cable"),IF(AND($AE54<>""),"YES","NO"),"N/A") -> NO | P54: =IF(OR($A54="RTD"),IF(AND($AH54<>""),"YES","NO"),"N/A") -> N/A | Q54: =IF(OR($A54="RTD"),IF(AND($AI54<>""),"YES","NO"),"N/A") -> N/A | R54: =IF(OR($AM54<>"",$Z54<>"",$AC54<>""),"YES","NO") -> NO | S54: =IF(COUNTIF(I54:R54,"NO")=0,"YES","NO") -> NO | AJ54: ACIC | AK54: 16AWG | AL54: Levy Ostrup
A55: RTD Cable | B55: 29103-ET-P1800-6-R-1 | C55: 29103-ET-P1800-6 | D55: 29103-HTP-100 HTC-06 | E55: 29103-HTP-100 | G55: 113 | H55: 29103-ET-P1800-6-R-1.pdf | I55: =IF($H55<>"","YES","NO") -> YES | J55: =IF(N($T55)>0,"YES","NO") -> NO | K55: =IF(OR($A55="EHT Trace"),IF(AND($U55<>"",$V55<>""),"YES","NO"),"N/A") -> N/A | L55: =IF(OR($A55="EHT Trace"),IF(AND($X55<>"",$Y55<>""),"YES","NO"),"N/A") -> N/A | M55: =IF(OR($A55="EHT Trace"),IF(AND($AA55<>"",$AB55<>""),"YES","NO"),"N/A") -> N/A | N55: =IF(OR($A55="Power Cable"),IF(AND($AD55<>""),"YES","NO"),"N/A") -> N/A | O55: =IF(OR($A55="Power Cable",$A55="RTD Cable",$A55="Fieldbus Cable"),IF(AND($AE55<>""),"YES","NO"),"N/A") -> NO | P55: =IF(OR($A55="RTD"),IF(AND($AH55<>""),"YES","NO"),"N/A") -> N/A | Q55: =IF(OR($A55="RTD"),IF(AND($AI55<>""),"YES","NO"),"N/A") -> N/A | R55: =IF(OR($AM55<>"",$Z55<>"",$AC55<>""),"YES","NO") -> NO | S55: =IF(COUNTIF(I55:R55,"NO")=0,"YES","NO") -> NO | AJ55: ACIC | AK55: 16AWG | AL55: Levy Ostrup
A56: RTD Cable | B56: 29103-ET-P1800-7-R-1 | C56: 29103-ET-P1800-7 | D56: 29103-HTP-100 HTC-16 | E56: 29103-HTP-100 | G56: 113 | H56: 29103-ET-P1800-7-R-1.pdf | I56: =IF($H56<>"","YES","NO") -> YES | J56: =IF(N($T56)>0,"YES","NO") -> NO | K56: =IF(OR($A56="EHT Trace"),IF(AND($U56<>"",$V56<>""),"YES","NO"),"N/A") -> N/A | L56: =IF(OR($A56="EHT Trace"),IF(AND($X56<>"",$Y56<>""),"YES","NO"),"N/A") -> N/A | M56: =IF(OR($A56="EHT Trace"),IF(AND($AA56<>"",$AB56<>""),"YES","NO"),"N/A") -> N/A | N56: =IF(OR($A56="Power Cable"),IF(AND($AD56<>""),"YES","NO"),"N/A") -> N/A | O56: =IF(OR($A56="Power Cable",$A56="RTD Cable",$A56="Fieldbus Cable"),IF(AND($AE56<>""),"YES","NO"),"N/A") -> NO | P56: =IF(OR($A56="RTD"),IF(AND($AH56<>""),"YES","NO"),"N/A") -> N/A | Q56: =IF(OR($A56="RTD"),IF(AND($AI56<>""),"YES","NO"),"N/A") -> N/A | R56: =IF(OR($AM56<>"",$Z56<>"",$AC56<>""),"YES","NO") -> NO | S56: =IF(COUNTIF(I56:R56,"NO")=0,"YES","NO") -> NO | AJ56: ACIC | AK56: 16AWG | AL56: Levy Ostrup
A57: RTD Cable | B57: 29103-ET-PE1802-3-R-1 | C57: 29103-ET-PE1802-3 | D57: 29103-HTP-100 HTC-03 | E57: 29103-HTP-100 | G57: 113 | H57: 29103-ET-PE1802-3-R-1.pdf | I57: =IF($H57<>"","YES","NO") -> YES | J57: =IF(N($T57)>0,"YES","NO") -> NO | K57: =IF(OR($A57="EHT Trace"),IF(AND($U57<>"",$V57<>""),"YES","NO"),"N/A") -> N/A | L57: =IF(OR($A57="EHT Trace"),IF(AND($X57<>"",$Y57<>""),"YES","NO"),"N/A") -> N/A | M57: =IF(OR($A57="EHT Trace"),IF(AND($AA57<>"",$AB57<>""),"YES","NO"),"N/A") -> N/A | N57: =IF(OR($A57="Power Cable"),IF(AND($AD57<>""),"YES","NO"),"N/A") -> N/A | O57: =IF(OR($A57="Power Cable",$A57="RTD Cable",$A57="Fieldbus Cable"),IF(AND($AE57<>""),"YES","NO"),"N/A") -> NO | P57: =IF(OR($A57="RTD"),IF(AND($AH57<>""),"YES","NO"),"N/A") -> N/A | Q57: =IF(OR($A57="RTD"),IF(AND($AI57<>""),"YES","NO"),"N/A") -> N/A | R57: =IF(OR($AM57<>"",$Z57<>"",$AC57<>""),"YES","NO") -> NO | S57: =IF(COUNTIF(I57:R57,"NO")=0,"YES","NO") -> NO | AJ57: ACIC | AK57: 16AWG | AL57: Levy Ostrup
A58: RTD Cable | B58: 29103-ET-PE1802-4-R-1 | C58: 29103-ET-PE1802-4 | D58: 29103-HTP-100 HTC-07 | E58: 29103-HTP-100 | G58: 113 | H58: 29103-ET-PE1802-4-R-1.pdf | I58: =IF($H58<>"","YES","NO") -> YES | J58: =IF(N($T58)>0,"YES","NO") -> NO | K58: =IF(OR($A58="EHT Trace"),IF(AND($U58<>"",$V58<>""),"YES","NO"),"N/A") -> N/A | L58: =IF(OR($A58="EHT Trace"),IF(AND($X58<>"",$Y58<>""),"YES","NO"),"N/A") -> N/A | M58: =IF(OR($A58="EHT Trace"),IF(AND($AA58<>"",$AB58<>""),"YES","NO"),"N/A") -> N/A | N58: =IF(OR($A58="Power Cable"),IF(AND($AD58<>""),"YES","NO"),"N/A") -> N/A | O58: =IF(OR($A58="Power Cable",$A58="RTD Cable",$A58="Fieldbus Cable"),IF(AND($AE58<>""),"YES","NO"),"N/A") -> NO | P58: =IF(OR($A58="RTD"),IF(AND($AH58<>""),"YES","NO"),"N/A") -> N/A | Q58: =IF(OR($A58="RTD"),IF(AND($AI58<>""),"YES","NO"),"N/A") -> N/A | R58: =IF(OR($AM58<>"",$Z58<>"",$AC58<>""),"YES","NO") -> NO | S58: =IF(COUNTIF(I58:R58,"NO")=0,"YES","NO") -> NO | AJ58: ACIC | AK58: 16AWG | AL58: Levy Ostrup
A59: RTD Cable | B59: 29103-ET-PE1802-5-R-1 | C59: 29103-ET-PE1802-5 | D59: 29103-HTP-100 HTC-17 | E59: 29103-HTP-100 | G59: 113 | H59: 29103-ET-PE1802-5-R-1.pdf | I59: =IF($H59<>"","YES","NO") -> YES | J59: =IF(N($T59)>0,"YES","NO") -> NO | K59: =IF(OR($A59="EHT Trace"),IF(AND($U59<>"",$V59<>""),"YES","NO"),"N/A") -> N/A | L59: =IF(OR($A59="EHT Trace"),IF(AND($X59<>"",$Y59<>""),"YES","NO"),"N/A") -> N/A | M59: =IF(OR($A59="EHT Trace"),IF(AND($AA59<>"",$AB59<>""),"YES","NO"),"N/A") -> N/A | N59: =IF(OR($A59="Power Cable"),IF(AND($AD59<>""),"YES","NO"),"N/A") -> N/A | O59: =IF(OR($A59="Power Cable",$A59="RTD Cable",$A59="Fieldbus Cable"),IF(AND($AE59<>""),"YES","NO"),"N/A") -> NO | P59: =IF(OR($A59="RTD"),IF(AND($AH59<>""),"YES","NO"),"N/A") -> N/A | Q59: =IF(OR($A59="RTD"),IF(AND($AI59<>""),"YES","NO"),"N/A") -> N/A | R59: =IF(OR($AM59<>"",$Z59<>"",$AC59<>""),"YES","NO") -> NO | S59: =IF(COUNTIF(I59:R59,"NO")=0,"YES","NO") -> NO | AJ59: ACIC | AK59: 16AWG | AL59: Levy Ostrup
A60: RTD Cable | B60: 29103-ET-PE1803-3-R-1 | C60: 29103-ET-PE1803-3 | D60: 29103-HTP-100 HTC-04 | E60: 29103-HTP-100 | G60: 113 | H60: 29103-ET-PE1803-3-R-1.pdf | I60: =IF($H60<>"","YES","NO") -> YES | J60: =IF(N($T60)>0,"YES","NO") -> NO | K60: =IF(OR($A60="EHT Trace"),IF(AND($U60<>"",$V60<>""),"YES","NO"),"N/A") -> N/A | L60: =IF(OR($A60="EHT Trace"),IF(AND($X60<>"",$Y60<>""),"YES","NO"),"N/A") -> N/A | M60: =IF(OR($A60="EHT Trace"),IF(AND($AA60<>"",$AB60<>""),"YES","NO"),"N/A") -> N/A | N60: =IF(OR($A60="Power Cable"),IF(AND($AD60<>""),"YES","NO"),"N/A") -> N/A | O60: =IF(OR($A60="Power Cable",$A60="RTD Cable",$A60="Fieldbus Cable"),IF(AND($AE60<>""),"YES","NO"),"N/A") -> NO | P60: =IF(OR($A60="RTD"),IF(AND($AH60<>""),"YES","NO"),"N/A") -> N/A | Q60: =IF(OR($A60="RTD"),IF(AND($AI60<>""),"YES","NO"),"N/A") -> N/A | R60: =IF(OR($AM60<>"",$Z60<>"",$AC60<>""),"YES","NO") -> NO | S60: =IF(COUNTIF(I60:R60,"NO")=0,"YES","NO") -> NO | AJ60: ACIC | AK60: 16AWG | AL60: Levy Ostrup
A61: RTD Cable | B61: 29103-ET-PE1803-3-R-2 | C61: 29103-ET-PE1803-3 | D61: 29103-HTP-100 I/O-1-3 | E61: 29103-HTP-100 | G61: 113 | H61: 29103-ET-PE1803-3-R-2.pdf | I61: =IF($H61<>"","YES","NO") -> YES | J61: =IF(N($T61)>0,"YES","NO") -> NO | K61: =IF(OR($A61="EHT Trace"),IF(AND($U61<>"",$V61<>""),"YES","NO"),"N/A") -> N/A | L61: =IF(OR($A61="EHT Trace"),IF(AND($X61<>"",$Y61<>""),"YES","NO"),"N/A") -> N/A | M61: =IF(OR($A61="EHT Trace"),IF(AND($AA61<>"",$AB61<>""),"YES","NO"),"N/A") -> N/A | N61: =IF(OR($A61="Power Cable"),IF(AND($AD61<>""),"YES","NO"),"N/A") -> N/A | O61: =IF(OR($A61="Power Cable",$A61="RTD Cable",$A61="Fieldbus Cable"),IF(AND($AE61<>""),"YES","NO"),"N/A") -> NO | P61: =IF(OR($A61="RTD"),IF(AND($AH61<>""),"YES","NO"),"N/A") -> N/A | Q61: =IF(OR($A61="RTD"),IF(AND($AI61<>""),"YES","NO"),"N/A") -> N/A | R61: =IF(OR($AM61<>"",$Z61<>"",$AC61<>""),"YES","NO") -> NO | S61: =IF(COUNTIF(I61:R61,"NO")=0,"YES","NO") -> NO | AJ61: ACIC | AK61: 16AWG | AL61: Levy Ostrup
A62: RTD Cable | B62: 29103-ET-PE1803-5-R-1 | C62: 29103-ET-PE1803-5 | D62: 29103-HTP-100 HTC-08 | E62: 29103-HTP-100 | G62: 113 | H62: 29103-ET-PE1803-5-R-1.pdf | I62: =IF($H62<>"","YES","NO") -> YES | J62: =IF(N($T62)>0,"YES","NO") -> NO | K62: =IF(OR($A62="EHT Trace"),IF(AND($U62<>"",$V62<>""),"YES","NO"),"N/A") -> N/A | L62: =IF(OR($A62="EHT Trace"),IF(AND($X62<>"",$Y62<>""),"YES","NO"),"N/A") -> N/A | M62: =IF(OR($A62="EHT Trace"),IF(AND($AA62<>"",$AB62<>""),"YES","NO"),"N/A") -> N/A | N62: =IF(OR($A62="Power Cable"),IF(AND($AD62<>""),"YES","NO"),"N/A") -> N/A | O62: =IF(OR($A62="Power Cable",$A62="RTD Cable",$A62="Fieldbus Cable"),IF(AND($AE62<>""),"YES","NO"),"N/A") -> NO | P62: =IF(OR($A62="RTD"),IF(AND($AH62<>""),"YES","NO"),"N/A") -> N/A | Q62: =IF(OR($A62="RTD"),IF(AND($AI62<>""),"YES","NO"),"N/A") -> N/A | R62: =IF(OR($AM62<>"",$Z62<>"",$AC62<>""),"YES","NO") -> NO | S62: =IF(COUNTIF(I62:R62,"NO")=0,"YES","NO") -> NO | AJ62: ACIC | AK62: 16AWG | AL62: Levy Ostrup
A63: RTD Cable | B63: 29103-ET-PE1803-6-R-1 | C63: 29103-ET-PE1803-6 | D63: 29103-HTP-100 HTC-09 | E63: 29103-HTP-100 | G63: 113 | H63: 29103-ET-PE1803-6-R-1.pdf | I63: =IF($H63<>"","YES","NO") -> YES | J63: =IF(N($T63)>0,"YES","NO") -> NO | K63: =IF(OR($A63="EHT Trace"),IF(AND($U63<>"",$V63<>""),"YES","NO"),"N/A") -> N/A | L63: =IF(OR($A63="EHT Trace"),IF(AND($X63<>"",$Y63<>""),"YES","NO"),"N/A") -> N/A | M63: =IF(OR($A63="EHT Trace"),IF(AND($AA63<>"",$AB63<>""),"YES","NO"),"N/A") -> N/A | N63: =IF(OR($A63="Power Cable"),IF(AND($AD63<>""),"YES","NO"),"N/A") -> N/A | O63: =IF(OR($A63="Power Cable",$A63="RTD Cable",$A63="Fieldbus Cable"),IF(AND($AE63<>""),"YES","NO"),"N/A") -> NO | P63: =IF(OR($A63="RTD"),IF(AND($AH63<>""),"YES","NO"),"N/A") -> N/A | Q63: =IF(OR($A63="RTD"),IF(AND($AI63<>""),"YES","NO"),"N/A") -> N/A | R63: =IF(OR($AM63<>"",$Z63<>"",$AC63<>""),"YES","NO") -> NO | S63: =IF(COUNTIF(I63:R63,"NO")=0,"YES","NO") -> NO | AJ63: ACIC | AK63: 16AWG | AL63: Levy Ostrup
A64: RTD Cable | B64: 29103-ET-PE1806-1-R-1 | C64: 29103-ET-PE1806-1 | D64: 29103-HTP-100 HTC-10 | E64: 29103-HTP-100 | G64: 113 | H64: 29103-ET-PE1806-1-R-1.pdf | I64: =IF($H64<>"","YES","NO") -> YES | J64: =IF(N($T64)>0,"YES","NO") -> NO | K64: =IF(OR($A64="EHT Trace"),IF(AND($U64<>"",$V64<>""),"YES","NO"),"N/A") -> N/A | L64: =IF(OR($A64="EHT Trace"),IF(AND($X64<>"",$Y64<>""),"YES","NO"),"N/A") -> N/A | M64: =IF(OR($A64="EHT Trace"),IF(AND($AA64<>"",$AB64<>""),"YES","NO"),"N/A") -> N/A | N64: =IF(OR($A64="Power Cable"),IF(AND($AD64<>""),"YES","NO"),"N/A") -> N/A | O64: =IF(OR($A64="Power Cable",$A64="RTD Cable",$A64="Fieldbus Cable"),IF(AND($AE64<>""),"YES","NO"),"N/A") -> NO | P64: =IF(OR($A64="RTD"),IF(AND($AH64<>""),"YES","NO"),"N/A") -> N/A | Q64: =IF(OR($A64="RTD"),IF(AND($AI64<>""),"YES","NO"),"N/A") -> N/A | R64: =IF(OR($AM64<>"",$Z64<>"",$AC64<>""),"YES","NO") -> NO | S64: =IF(COUNTIF(I64:R64,"NO")=0,"YES","NO") -> NO | AJ64: ACIC | AK64: 16AWG | AL64: Levy Ostrup

Sheet 29103-HTP-101
A1: 29103-HTP-101
I3: CHECKSHEETS | T3: TEST RESULTS
A4: Type | B4: Tag | C4: Circuit | D4: Controller | E4: System | F4: ISO / Dwg | G4: Form | H4: File | I4: ITR | J4: Visual | K4: Rec. Megger | L4: Pre-Insul Megger | M4: Post-Insul Megger | N4: Cable IR | O4: Cable Cont. | P4: RTD Pre | Q4: RTD Post | R4: Dated | S4: Complete | T4: Visual Initials | U4: Rec. IR | V4: Rec. Cont. | W4: Rec. Date | X4: Pre IR | Y4: Pre Cont. | Z4: Pre Date | AA4: Post IR | AB4: Post Cont. | AC4: Post Date | AD4: Cable IR | AE4: Cable Cont. | AF4: Meter | AG4: RTD Ω | AH4: RTD Pre (S/C/Com) | AI4: RTD Post (S/C/Com) | AJ4: Part # / Cable | AK4: Length / Size | AL4: Inspected By | AM4: Date | AN4: Remarks
A5: EHT Trace | B5: 29103-ET-P1001-1-1 | C5: 29103-ET-P1001-1 | D5: HTC-39 / CB-39 | E5: 29103-P-1001 | F5: 29103-65R-ET-P1001-01-01 | G5: 13.1 | H5: 29103-ET-P1001-1-1.pdf | I5: =IF($H5<>"","YES","NO") -> YES | J5: =IF(N($T5)>0,"YES","NO") -> NO | K5: =IF(OR($A5="EHT Trace"),IF(AND($U5<>"",$V5<>""),"YES","NO"),"N/A") -> YES | L5: =IF(OR($A5="EHT Trace"),IF(AND($X5<>"",$Y5<>""),"YES","NO"),"N/A") -> NO | M5: =IF(OR($A5="EHT Trace"),IF(AND($AA5<>"",$AB5<>""),"YES","NO"),"N/A") -> NO | N5: =IF(OR($A5="Power Cable"),IF(AND($AD5<>""),"YES","NO"),"N/A") -> N/A | O5: =IF(OR($A5="Power Cable",$A5="RTD Cable",$A5="Fieldbus Cable"),IF(AND($AE5<>""),"YES","NO"),"N/A") -> N/A | P5: =IF(OR($A5="RTD"),IF(AND($AH5<>""),"YES","NO"),"N/A") -> N/A | Q5: =IF(OR($A5="RTD"),IF(AND($AI5<>""),"YES","NO"),"N/A") -> N/A | R5: =IF(OR($AM5<>"",$Z5<>"",$AC5<>""),"YES","NO") -> NO | S5: =IF(COUNTIF(I5:R5,"NO")=0,"YES","NO") -> NO | U5: >2.2 GΩ | V5: 27.7 Ω | W5: 2026-05-17 | AJ5: D/32SQ3150/53.7M/2674/277/2.1M/LS23A/X/N12 | AK5: 53.7 m m | AL5: Levy Ostrup
A6: EHT Trace | B6: 29103-ET-P1001-1-2 | C6: 29103-ET-P1001-1 | D6: HTC-39 / CB-39 | E6: 29103-P-1001 | F6: 29103-65R-ET-P1001-01-01 | G6: 13.1 | H6: 29103-ET-P1001-1-2.pdf | I6: =IF($H6<>"","YES","NO") -> YES | J6: =IF(N($T6)>0,"YES","NO") -> NO | K6: =IF(OR($A6="EHT Trace"),IF(AND($U6<>"",$V6<>""),"YES","NO"),"N/A") -> YES | L6: =IF(OR($A6="EHT Trace"),IF(AND($X6<>"",$Y6<>""),"YES","NO"),"N/A") -> NO | M6: =IF(OR($A6="EHT Trace"),IF(AND($AA6<>"",$AB6<>""),"YES","NO"),"N/A") -> NO | N6: =IF(OR($A6="Power Cable"),IF(AND($AD6<>""),"YES","NO"),"N/A") -> N/A | O6: =IF(OR($A6="Power Cable",$A6="RTD Cable",$A6="Fieldbus Cable"),IF(AND($AE6<>""),"YES","NO"),"N/A") -> N/A | P6: =IF(OR($A6="RTD"),IF(AND($AH6<>""),"YES","NO"),"N/A") -> N/A | Q6: =IF(OR($A6="RTD"),IF(AND($AI6<>""),"YES","NO"),"N/A") -> N/A | R6: =IF(OR($AM6<>"",$Z6<>"",$AC6<>""),"YES","NO") -> NO | S6: =IF(COUNTIF(I6:R6,"NO")=0,"YES","NO") -> NO | U6: >2.2 GΩ | V6: 27.7 Ω | W6: 2026-05-17 | AJ6: D/32SQ3150/53.7M/2674/277/2.1M/LS23A/X/N12 | AK6: 53.7 m m | AL6: Levy Ostrup
A7: EHT Trace | B7: 29103-ET-P1001-2-1 | C7: 29103-ET-P1001-2 | D7: HTC-07 / CB-07 | F7: 29103-65R-ET-P1001-02-01 | G7: 13.1 | H7: 29103-ET-P1001-2-1.pdf | I7: =IF($H7<>"","YES","NO") -> YES | J7: =IF(N($T7)>0,"YES","NO") -> NO | K7: =IF(OR($A7="EHT Trace"),IF(AND($U7<>"",$V7<>""),"YES","NO"),"N/A") -> YES | L7: =IF(OR($A7="EHT Trace"),IF(AND($X7<>"",$Y7<>""),"YES","NO"),"N/A") -> NO | M7: =IF(OR($A7="EHT Trace"),IF(AND($AA7<>"",$AB7<>""),"YES","NO"),"N/A") -> NO | N7: =IF(OR($A7="Power Cable"),IF(AND($AD7<>""),"YES","NO"),"N/A") -> N/A | O7: =IF(OR($A7="Power Cable",$A7="RTD Cable",$A7="Fieldbus Cable"),IF(AND($AE7<>""),"YES","NO"),"N/A") -> N/A | P7: =IF(OR($A7="RTD"),IF(AND($AH7<>""),"YES","NO"),"N/A") -> N/A | Q7: =IF(OR($A7="RTD"),IF(AND($AI7<>""),"YES","NO"),"N/A") -> N/A | R7: =IF(OR($AM7<>"",$Z7<>"",$AC7<>""),"YES","NO") -> NO | S7: =IF(COUNTIF(I7:R7,"NO")=0,"YES","NO") -> NO | U7: >2.2 GΩ | V7: 121.3 Ω | W7: 2026-05-17 | AJ7: D/32SA2275/13.1M/639/277/2.1M/LS23A/X/N12 | AK7: 13.1 m m | AL7: Levy Ostrup
A8: EHT Trace | B8: 29103-ET-P2800-4-1 | C8: 29103-ET-P2800-4 | D8: HTC-05 / CB-05 | E8: 29103-P-2800 | F8: 29103-65R-ET-P2800-04-01 | G8: 13.1 | H8: 29103-ET-P2800-4-1.pdf | I8: =IF($H8<>"","YES","NO") -> YES | J8: =IF(N($T8)>0,"YES","NO") -> NO | K8: =IF(OR($A8="EHT Trace"),IF(AND($U8<>"",$V8<>""),"YES","NO"),"N/A") -> NO | L8: =IF(OR($A8="EHT Trace"),IF(AND($X8<>"",$Y8<>""),"YES","NO"),"N/A") -> NO | M8: =IF(OR($A8="EHT Trace"),IF(AND($AA8<>"",$AB8<>""),"YES","NO"),"N/A") -> NO | N8: =IF(OR($A8="Power Cable"),IF(AND($AD8<>""),"YES","NO"),"N/A") -> N/A | O8: =IF(OR($A8="Power Cable",$A8="RTD Cable",$A8="Fieldbus Cable"),IF(AND($AE8<>""),"YES","NO"),"N/A") -> N/A | P8: =IF(OR($A8="RTD"),IF(AND($AH8<>""),"YES","NO"),"N/A") -> N/A | Q8: =IF(OR($A8="RTD"),IF(AND($AI8<>""),"YES","NO"),"N/A") -> N/A | R8: =IF(OR($AM8<>"",$Z8<>"",$AC8<>""),"YES","NO") -> NO | S8: =IF(COUNTIF(I8:R8,"NO")=0,"YES","NO") -> NO | AJ8: D/32SQ3200/36.8M/2859/277/2.1M/LS23A/X/N12 | AK8: 36.8 m m | AL8: Levy Ostrup
A9: EHT Trace | B9: 29103-ET-P2800-5-1 | C9: 29103-ET-P2800-5 | D9: HTC-02 / CB-02 | E9: 29103-P-2800 | F9: 29103-65R-ET-P2800-05-01 | G9: 13.1 | H9: 29103-ET-P2800-5-1.pdf | I9: =IF($H9<>"","YES","NO") -> YES | J9: =IF(N($T9)>0,"YES","NO") -> NO | K9: =IF(OR($A9="EHT Trace"),IF(AND($U9<>"",$V9<>""),"YES","NO"),"N/A") -> NO | L9: =IF(OR($A9="EHT Trace"),IF(AND($X9<>"",$Y9<>""),"YES","NO"),"N/A") -> NO | M9: =IF(OR($A9="EHT Trace"),IF(AND($AA9<>"",$AB9<>""),"YES","NO"),"N/A") -> NO | N9: =IF(OR($A9="Power Cable"),IF(AND($AD9<>""),"YES","NO"),"N/A") -> N/A | O9: =IF(OR($A9="Power Cable",$A9="RTD Cable",$A9="Fieldbus Cable"),IF(AND($AE9<>""),"YES","NO"),"N/A") -> N/A | P9: =IF(OR($A9="RTD"),IF(AND($AH9<>""),"YES","NO"),"N/A") -> N/A | Q9: =IF(OR($A9="RTD"),IF(AND($AI9<>""),"YES","NO"),"N/A") -> N/A | R9: =IF(OR($AM9<>"",$Z9<>"",$AC9<>""),"YES","NO") -> NO | S9: =IF(COUNTIF(I9:R9,"NO")=0,"YES","NO") -> NO | AJ9: D/32SP4583/70.3M/4577/277/2.1M/LS23A/X/N12 | AK9: 70.3 m m | AL9: Levy Ostrup
A10: EHT Trace | B10: 29103-ET-P2800-6-1 | C10: 29103-ET-P2800-6 | D10: HTC-06 / CB-06 | E10: 29103-P-2800 | F10: 29103-65R-ET-P2800-06-01 | G10: 13.1 | H10: 29103-ET-P2800-6-1.pdf | I10: =IF($H10<>"","YES","NO") -> YES | J10: =IF(N($T10)>0,"YES","NO") -> NO | K10: =IF(OR($A10="EHT Trace"),IF(AND($U10<>"",$V10<>""),"YES","NO"),"N/A") -> YES | L10: =IF(OR($A10="EHT Trace"),IF(AND($X10<>"",$Y10<>""),"YES","NO"),"N/A") -> NO | M10: =IF(OR($A10="EHT Trace"),IF(AND($AA10<>"",$AB10<>""),"YES","NO"),"N/A") -> NO | N10: =IF(OR($A10="Power Cable"),IF(AND($AD10<>""),"YES","NO"),"N/A") -> N/A | O10: =IF(OR($A10="Power Cable",$A10="RTD Cable",$A10="Fieldbus Cable"),IF(AND($AE10<>""),"YES","NO"),"N/A") -> N/A | P10: =IF(OR($A10="RTD"),IF(AND($AH10<>""),"YES","NO"),"N/A") -> N/A | Q10: =IF(OR($A10="RTD"),IF(AND($AI10<>""),"YES","NO"),"N/A") -> N/A | R10: =IF(OR($AM10<>"",$Z10<>"",$AC10<>""),"YES","NO") -> NO | S10: =IF(COUNTIF(I10:R10,"NO")=0,"YES","NO") -> NO | U10: >2.2 GΩ | V10: 26.9 Ω | W10: 2026-05-17 | AJ10: D/32SQ3150/51.6M/2771/277/2.1M/LS23A/X/N12 | AK10: 51.6 m m | AL10: Levy Ostrup
A11: EHT Trace | B11: 29103-ET-P2800-6-2 | C11: 29103-ET-P2800-6 | D11: HTC-06 / CB-06 | E11: 29103-P-2800 | F11: 29103-65R-ET-P2800-06-01 | G11: 13.1 | H11: 29103-ET-P2800-6-2.pdf | I11: =IF($H11<>"","YES","NO") -> YES | J11: =IF(N($T11)>0,"YES","NO") -> NO | K11: =IF(OR($A11="EHT Trace"),IF(AND($U11<>"",$V11<>""),"YES","NO"),"N/A") -> YES | L11: =IF(OR($A11="EHT Trace"),IF(AND($X11<>"",$Y11<>""),"YES","NO"),"N/A") -> NO | M11: =IF(OR($A11="EHT Trace"),IF(AND($AA11<>"",$AB11<>""),"YES","NO"),"N/A") -> NO | N11: =IF(OR($A11="Power Cable"),IF(AND($AD11<>""),"YES","NO"),"N/A") -> N/A | O11: =IF(OR($A11="Power Cable",$A11="RTD Cable",$A11="Fieldbus Cable"),IF(AND($AE11<>""),"YES","NO"),"N/A") -> N/A | P11: =IF(OR($A11="RTD"),IF(AND($AH11<>""),"YES","NO"),"N/A") -> N/A | Q11: =IF(OR($A11="RTD"),IF(AND($AI11<>""),"YES","NO"),"N/A") -> N/A | R11: =IF(OR($AM11<>"",$Z11<>"",$AC11<>""),"YES","NO") -> NO | S11: =IF(COUNTIF(I11:R11,"NO")=0,"YES","NO") -> NO | U11: >2.2 GΩ | V11: 26.8 Ω | W11: 2026-05-17 | AJ11: D/32SQ3150/51.6M/2771/277/2.1M/LS23A/X/N12 | AK11: 51.6 m m | AL11: Levy Ostrup
A12: EHT Trace | B12: 29103-ET-P2800-7-1 | C12: 29103-ET-P2800-7 | D12: HTC-38 / CB-38 | E12: 29103-P-2810, 29103-P-2800 | F12: 29103-65R-ET-P2800-07-01 | G12: 13.1 | H12: 29103-ET-P2800-7-1.pdf | I12: =IF($H12<>"","YES","NO") -> YES | J12: =IF(N($T12)>0,"YES","NO") -> NO | K12: =IF(OR($A12="EHT Trace"),IF(AND($U12<>"",$V12<>""),"YES","NO"),"N/A") -> YES | L12: =IF(OR($A12="EHT Trace"),IF(AND($X12<>"",$Y12<>""),"YES","NO"),"N/A") -> YES | M12: =IF(OR($A12="EHT Trace"),IF(AND($AA12<>"",$AB12<>""),"YES","NO"),"N/A") -> NO | N12: =IF(OR($A12="Power Cable"),IF(AND($AD12<>""),"YES","NO"),"N/A") -> N/A | O12: =IF(OR($A12="Power Cable",$A12="RTD Cable",$A12="Fieldbus Cable"),IF(AND($AE12<>""),"YES","NO"),"N/A") -> N/A | P12: =IF(OR($A12="RTD"),IF(AND($AH12<>""),"YES","NO"),"N/A") -> N/A | Q12: =IF(OR($A12="RTD"),IF(AND($AI12<>""),"YES","NO"),"N/A") -> N/A | R12: =IF(OR($AM12<>"",$Z12<>"",$AC12<>""),"YES","NO") -> YES | S12: =IF(COUNTIF(I12:R12,"NO")=0,"YES","NO") -> NO | U12: >2.2 GΩ | V12: 23 Ω | W12: 2026-05-17 | X12: 550 MΩ | Y12: 23.0 Ω | Z12: 2026-09-20 | AJ12: D/32SQ3150/45.8M/3092/277/2.1M/LS23A/X/N12 | AK12: 45.8 m m | AL12: Levy Ostrup
A13: EHT Trace | B13: 29103-ET-P2800-7-2 | C13: 29103-ET-P2800-7 | D13: HTC-38 / CB-38 | E13: 29103-P-2810, 29103-P-2800 | F13: 29103-65R-ET-P2800-07-01 | G13: 13.1 | H13: 29103-ET-P2800-7-2.pdf | I13: =IF($H13<>"","YES","NO") -> YES | J13: =IF(N($T13)>0,"YES","NO") -> NO | K13: =IF(OR($A13="EHT Trace"),IF(AND($U13<>"",$V13<>""),"YES","NO"),"N/A") -> YES | L13: =IF(OR($A13="EHT Trace"),IF(AND($X13<>"",$Y13<>""),"YES","NO"),"N/A") -> YES | M13: =IF(OR($A13="EHT Trace"),IF(AND($AA13<>"",$AB13<>""),"YES","NO"),"N/A") -> NO | N13: =IF(OR($A13="Power Cable"),IF(AND($AD13<>""),"YES","NO"),"N/A") -> N/A | O13: =IF(OR($A13="Power Cable",$A13="RTD Cable",$A13="Fieldbus Cable"),IF(AND($AE13<>""),"YES","NO"),"N/A") -> N/A | P13: =IF(OR($A13="RTD"),IF(AND($AH13<>""),"YES","NO"),"N/A") -> N/A | Q13: =IF(OR($A13="RTD"),IF(AND($AI13<>""),"YES","NO"),"N/A") -> N/A | R13: =IF(OR($AM13<>"",$Z13<>"",$AC13<>""),"YES","NO") -> YES | S13: =IF(COUNTIF(I13:R13,"NO")=0,"YES","NO") -> NO | U13: >2.2 GΩ | V13: 23.1 Ω | W13: 2026-05-17 | X13: 550 MΩ | Y13: 23.1 Ω | Z13: 2026-09-20 | AJ13: D/32SQ3150/45.8M/3092/277/2.1M/LS23A/X/N12 | AK13: 45.8 m m | AL13: Levy Ostrup
A14: EHT Trace | B14: 29103-ET-PE1001-1-1 | C14: 29103-ET-PE1001-1 | D14: HTC-12 / CB-12 | E14: 29103-PE-1002, 29103-PE-1001 | F14: 29103-65R-ET-PE1001-01-01 | G14: 13.1 | H14: 29103-ET-PE1001-1-1.pdf | I14: =IF($H14<>"","YES","NO") -> YES | J14: =IF(N($T14)>0,"YES","NO") -> NO | K14: =IF(OR($A14="EHT Trace"),IF(AND($U14<>"",$V14<>""),"YES","NO"),"N/A") -> NO | L14: =IF(OR($A14="EHT Trace"),IF(AND($X14<>"",$Y14<>""),"YES","NO"),"N/A") -> NO | M14: =IF(OR($A14="EHT Trace"),IF(AND($AA14<>"",$AB14<>""),"YES","NO"),"N/A") -> NO | N14: =IF(OR($A14="Power Cable"),IF(AND($AD14<>""),"YES","NO"),"N/A") -> N/A | O14: =IF(OR($A14="Power Cable",$A14="RTD Cable",$A14="Fieldbus Cable"),IF(AND($AE14<>""),"YES","NO"),"N/A") -> N/A | P14: =IF(OR($A14="RTD"),IF(AND($AH14<>""),"YES","NO"),"N/A") -> N/A | Q14: =IF(OR($A14="RTD"),IF(AND($AI14<>""),"YES","NO"),"N/A") -> N/A | R14: =IF(OR($AM14<>"",$Z14<>"",$AC14<>""),"YES","NO") -> NO | S14: =IF(COUNTIF(I14:R14,"NO")=0,"YES","NO") -> NO | AJ14: D/32SQ3150/51.4M/2781/277/2.1M/LS23A/X/N12 | AK14: 51.4 m m | AL14: Levy Ostrup
A15: EHT Trace | B15: 29103-ET-PE1001-1-2 | C15: 29103-ET-PE1001-1 | D15: HTC-12 / CB-12 | E15: 29103-PE-1002, 29103-PE-1001 | F15: 29103-65R-ET-PE1001-01-01 | G15: 13.1 | H15: 29103-ET-PE1001-1-2.pdf | I15: =IF($H15<>"","YES","NO") -> YES | J15: =IF(N($T15)>0,"YES","NO") -> NO | K15: =IF(OR($A15="EHT Trace"),IF(AND($U15<>"",$V15<>""),"YES","NO"),"N/A") -> NO | L15: =IF(OR($A15="EHT Trace"),IF(AND($X15<>"",$Y15<>""),"YES","NO"),"N/A") -> NO | M15: =IF(OR($A15="EHT Trace"),IF(AND($AA15<>"",$AB15<>""),"YES","NO"),"N/A") -> NO | N15: =IF(OR($A15="Power Cable"),IF(AND($AD15<>""),"YES","NO"),"N/A") -> N/A | O15: =IF(OR($A15="Power Cable",$A15="RTD Cable",$A15="Fieldbus Cable"),IF(AND($AE15<>""),"YES","NO"),"N/A") -> N/A | P15: =IF(OR($A15="RTD"),IF(AND($AH15<>""),"YES","NO"),"N/A") -> N/A | Q15: =IF(OR($A15="RTD"),IF(AND($AI15<>""),"YES","NO"),"N/A") -> N/A | R15: =IF(OR($AM15<>"",$Z15<>"",$AC15<>""),"YES","NO") -> NO | S15: =IF(COUNTIF(I15:R15,"NO")=0,"YES","NO") -> NO | AJ15: D/32SQ3150/51.4M/2781/277/2.1M/LS23A/X/N12 | AK15: 51.4 m m | AL15: Levy Ostrup
A16: EHT Trace | B16: 29103-ET-PE1002-1-1 | C16: 29103-ET-PE1002-1 | D16: HTC-23 / CB-23 | E16: 29103-PE-1002 | F16: 29103-65R-ET-PE1002-01-01 | G16: 13.1 | H16: 29103-ET-PE1002-1-1.pdf | I16: =IF($H16<>"","YES","NO") -> YES | J16: =IF(N($T16)>0,"YES","NO") -> NO | K16: =IF(OR($A16="EHT Trace"),IF(AND($U16<>"",$V16<>""),"YES","NO"),"N/A") -> NO | L16: =IF(OR($A16="EHT Trace"),IF(AND($X16<>"",$Y16<>""),"YES","NO"),"N/A") -> NO | M16: =IF(OR($A16="EHT Trace"),IF(AND($AA16<>"",$AB16<>""),"YES","NO"),"N/A") -> NO | N16: =IF(OR($A16="Power Cable"),IF(AND($AD16<>""),"YES","NO"),"N/A") -> N/A | O16: =IF(OR($A16="Power Cable",$A16="RTD Cable",$A16="Fieldbus Cable"),IF(AND($AE16<>""),"YES","NO"),"N/A") -> N/A | P16: =IF(OR($A16="RTD"),IF(AND($AH16<>""),"YES","NO"),"N/A") -> N/A | Q16: =IF(OR($A16="RTD"),IF(AND($AI16<>""),"YES","NO"),"N/A") -> N/A | R16: =IF(OR($AM16<>"",$Z16<>"",$AC16<>""),"YES","NO") -> NO | S16: =IF(COUNTIF(I16:R16,"NO")=0,"YES","NO") -> NO | AJ16: D/32SA2200/13.8M/835/277/2.1M/LS23A/X/N12 | AK16: 13.8 m m | AL16: Levy Ostrup
A17: EHT Trace | B17: 29103-ET-PE1803-4-1 | C17: 29103-ET-PE1803-4 | D17: HTC-18 / CB-18 | E17: 29103-PE-1805 | F17: 29103-65R-ET-PE1803-04-01 | G17: 13.1 | H17: 29103-ET-PE1803-4-1.pdf | I17: =IF($H17<>"","YES","NO") -> YES | J17: =IF(N($T17)>0,"YES","NO") -> NO | K17: =IF(OR($A17="EHT Trace"),IF(AND($U17<>"",$V17<>""),"YES","NO"),"N/A") -> NO | L17: =IF(OR($A17="EHT Trace"),IF(AND($X17<>"",$Y17<>""),"YES","NO"),"N/A") -> NO | M17: =IF(OR($A17="EHT Trace"),IF(AND($AA17<>"",$AB17<>""),"YES","NO"),"N/A") -> NO | N17: =IF(OR($A17="Power Cable"),IF(AND($AD17<>""),"YES","NO"),"N/A") -> N/A | O17: =IF(OR($A17="Power Cable",$A17="RTD Cable",$A17="Fieldbus Cable"),IF(AND($AE17<>""),"YES","NO"),"N/A") -> N/A | P17: =IF(OR($A17="RTD"),IF(AND($AH17<>""),"YES","NO"),"N/A") -> N/A | Q17: =IF(OR($A17="RTD"),IF(AND($AI17<>""),"YES","NO"),"N/A") -> N/A | R17: =IF(OR($AM17<>"",$Z17<>"",$AC17<>""),"YES","NO") -> NO | S17: =IF(COUNTIF(I17:R17,"NO")=0,"YES","NO") -> NO | AJ17: E/32SQ3472/10.8M/423/87.2/1.2M/LS23A/X/N12/XNF | AK17: 10.8 m m | AL17: Levy Ostrup
A18: EHT Trace | B18: 29103-ET-PE1803-4-2 | C18: 29103-ET-PE1803-4 | D18: HTC-18 / CB-18 | E18: 29103-PE-1805 | F18: 29103-65R-ET-PE1803-04-01 | G18: 13.1 | H18: 29103-ET-PE1803-4-2.pdf | I18: =IF($H18<>"","YES","NO") -> YES | J18: =IF(N($T18)>0,"YES","NO") -> NO | K18: =IF(OR($A18="EHT Trace"),IF(AND($U18<>"",$V18<>""),"YES","NO"),"N/A") -> NO | L18: =IF(OR($A18="EHT Trace"),IF(AND($X18<>"",$Y18<>""),"YES","NO"),"N/A") -> NO | M18: =IF(OR($A18="EHT Trace"),IF(AND($AA18<>"",$AB18<>""),"YES","NO"),"N/A") -> NO | N18: =IF(OR($A18="Power Cable"),IF(AND($AD18<>""),"YES","NO"),"N/A") -> N/A | O18: =IF(OR($A18="Power Cable",$A18="RTD Cable",$A18="Fieldbus Cable"),IF(AND($AE18<>""),"YES","NO"),"N/A") -> N/A | P18: =IF(OR($A18="RTD"),IF(AND($AH18<>""),"YES","NO"),"N/A") -> N/A | Q18: =IF(OR($A18="RTD"),IF(AND($AI18<>""),"YES","NO"),"N/A") -> N/A | R18: =IF(OR($AM18<>"",$Z18<>"",$AC18<>""),"YES","NO") -> NO | S18: =IF(COUNTIF(I18:R18,"NO")=0,"YES","NO") -> NO | AJ18: E/32SQ3472/15.1M/592/122/1.2M/LS23A/X/N12/XMF | AK18: 15.1 m m | AL18: Levy Ostrup
A19: EHT Trace | B19: 29103-ET-PE1803-4-3 | C19: 29103-ET-PE1803-4 | D19: HTC-18 / CB-18 | E19: 29103-PE-1804, 29103-PE-1803 | F19: 29103-65R-ET-PE1803-04-01 | G19: 13.1 | H19: 29103-ET-PE1803-4-3.pdf | I19: =IF($H19<>"","YES","NO") -> YES | J19: =IF(N($T19)>0,"YES","NO") -> NO | K19: =IF(OR($A19="EHT Trace"),IF(AND($U19<>"",$V19<>""),"YES","NO"),"N/A") -> NO | L19: =IF(OR($A19="EHT Trace"),IF(AND($X19<>"",$Y19<>""),"YES","NO"),"N/A") -> NO | M19: =IF(OR($A19="EHT Trace"),IF(AND($AA19<>"",$AB19<>""),"YES","NO"),"N/A") -> NO | N19: =IF(OR($A19="Power Cable"),IF(AND($AD19<>""),"YES","NO"),"N/A") -> N/A | O19: =IF(OR($A19="Power Cable",$A19="RTD Cable",$A19="Fieldbus Cable"),IF(AND($AE19<>""),"YES","NO"),"N/A") -> N/A | P19: =IF(OR($A19="RTD"),IF(AND($AH19<>""),"YES","NO"),"N/A") -> N/A | Q19: =IF(OR($A19="RTD"),IF(AND($AI19<>""),"YES","NO"),"N/A") -> N/A | R19: =IF(OR($AM19<>"",$Z19<>"",$AC19<>""),"YES","NO") -> NO | S19: =IF(COUNTIF(I19:R19,"NO")=0,"YES","NO") -> NO | AJ19: D/32SQ3472/8.4M/329/67.8/1.2M/LS23A/X/N12/XMN | AK19: 8.4 m m | AL19: Levy Ostrup
A20: EHT Trace | B20: 29103-ET-PE2802-3-1 | C20: 29103-ET-PE2802-3 | D20: HTC-03 / CB-03 | E20: 29103-PE-2802 | F20: 29103-65R-ET-PE2802-03-01 | G20: 13.1 | H20: 29103-ET-PE2802-3-1.pdf | I20: =IF($H20<>"","YES","NO") -> YES | J20: =IF(N($T20)>0,"YES","NO") -> NO | K20: =IF(OR($A20="EHT Trace"),IF(AND($U20<>"",$V20<>""),"YES","NO"),"N/A") -> NO | L20: =IF(OR($A20="EHT Trace"),IF(AND($X20<>"",$Y20<>""),"YES","NO"),"N/A") -> NO | M20: =IF(OR($A20="EHT Trace"),IF(AND($AA20<>"",$AB20<>""),"YES","NO"),"N/A") -> NO | N20: =IF(OR($A20="Power Cable"),IF(AND($AD20<>""),"YES","NO"),"N/A") -> N/A | O20: =IF(OR($A20="Power Cable",$A20="RTD Cable",$A20="Fieldbus Cable"),IF(AND($AE20<>""),"YES","NO"),"N/A") -> N/A | P20: =IF(OR($A20="RTD"),IF(AND($AH20<>""),"YES","NO"),"N/A") -> N/A | Q20: =IF(OR($A20="RTD"),IF(AND($AI20<>""),"YES","NO"),"N/A") -> N/A | R20: =IF(OR($AM20<>"",$Z20<>"",$AC20<>""),"YES","NO") -> NO | S20: =IF(COUNTIF(I20:R20,"NO")=0,"YES","NO") -> NO | AJ20: D/32SP4458/18M/1580/74.1/2.1M/LS23A/X/N12 | AK20: 18 m m | AL20: Levy Ostrup
A21: EHT Trace | B21: 29103-ET-PE2802-3-2 | C21: 29103-ET-PE2802-3 | D21: HTC-03 / CB-03 | E21: 29103-PE-2802 | F21: 29103-65R-ET-PE2802-03-01 | G21: 13.1 | H21: 29103-ET-PE2802-3-2.pdf | I21: =IF($H21<>"","YES","NO") -> YES | J21: =IF(N($T21)>0,"YES","NO") -> NO | K21: =IF(OR($A21="EHT Trace"),IF(AND($U21<>"",$V21<>""),"YES","NO"),"N/A") -> NO | L21: =IF(OR($A21="EHT Trace"),IF(AND($X21<>"",$Y21<>""),"YES","NO"),"N/A") -> NO | M21: =IF(OR($A21="EHT Trace"),IF(AND($AA21<>"",$AB21<>""),"YES","NO"),"N/A") -> NO | N21: =IF(OR($A21="Power Cable"),IF(AND($AD21<>""),"YES","NO"),"N/A") -> N/A | O21: =IF(OR($A21="Power Cable",$A21="RTD Cable",$A21="Fieldbus Cable"),IF(AND($AE21<>""),"YES","NO"),"N/A") -> N/A | P21: =IF(OR($A21="RTD"),IF(AND($AH21<>""),"YES","NO"),"N/A") -> N/A | Q21: =IF(OR($A21="RTD"),IF(AND($AI21<>""),"YES","NO"),"N/A") -> N/A | R21: =IF(OR($AM21<>"",$Z21<>"",$AC21<>""),"YES","NO") -> NO | S21: =IF(COUNTIF(I21:R21,"NO")=0,"YES","NO") -> NO | AJ21: D/32SP4458/49.3M/4329/203/1.2M/LS23A/X/N12 | AK21: 49.3 m m | AL21: Levy Ostrup
