Workbook
Name L_ansi_rating: Lists!$G$1:$G$7
Name L_asme_code: Lists!$A$1:$A$2
Name L_body_style: Lists!$H$1:$H$2
Name L_command_signal_type: Lists!$M$1:$M$2
Name L_fail_position: Lists!$L$1:$L$3
Name L_local_display: Lists!$B$1:$B$2
Name L_signal_type: Lists!$I$1:$I$5
Name L_system_results: Lists!$C$1:$C$3
Name L_travel_unit: Lists!$E$1:$E$2
Name L_valve_class: Lists!$F$1:$F$6
Name L_valve_stem_type: Lists!$K$1:$K$5
Name L_valve_type: Lists!$D$1:$D$5
Name L_verified_by: Lists!$J$1:$J$2

Sheet Dashboard
B2: K1B Well Pad – Equipment Inspection Tracker
B3: Transmitter Inspection & Test Records + Pneumatically Actuated Valve Check Records
B5: GO TO: | C5: =HYPERLINK("#'Transmitter Log'!A1","Transmitter Log") | D5: =HYPERLINK("#'Transmitter Index'!A1","Transmitter Index") | E5: =HYPERLINK("#'Valve Log'!A1","Valve Log") | F5: =HYPERLINK("#'Valve Index'!A1","Valve Index") | G5: =HYPERLINK("#Instructions!A1","Instructions")
B8: TRANSMITTERS LOGGED | D8: VALVES LOGGED | F8: MARKED READY (Y) | H8: TOTAL EQUIPMENT
B9: =COUNTIF('Transmitter Log 100'!F5:F304,"?*") | D9: =COUNTIF('Valve Log 100'!I5:I304,"?*") | F9: =COUNTIF('Transmitter Log 100'!A5:A304,"Y")+COUNTIF('Valve Log 100'!A5:A304,"Y") | H9: =COUNTIF('Transmitter Log 100'!F5:F304,"?*")+COUNTIF('Valve Log 100'!I5:I304,"?*")
B14: SYSTEM BREAKDOWN
B15: 100 Series
B16: System | C16: Transmitters | D16: Valves | E16: Total
B17: STEAM | C17: =COUNTIF('Transmitter Log 100'!H5:H304,"STEAM") | D17: =COUNTIF('Valve Log 100'!F5:F304,"STEAM") | E17: =C17+D17
B18: NATURAL GAS | C18: =COUNTIF('Transmitter Log 100'!H5:H304,"NATURAL GAS") | D18: =COUNTIF('Valve Log 100'!F5:F304,"NATURAL GAS") | E18: =C18+D18
B19: PRODUCED EMULSION | C19: =COUNTIF('Transmitter Log 100'!H5:H304,"PRODUCED EMULSION") | D19: =COUNTIF('Valve Log 100'!F5:F304,"PRODUCED EMULSION") | E19: =C19+D19
B21: 200 Series
B22: System | C22: Transmitters | D22: Valves | E22: Total
B23: STEAM | C23: =COUNTIF('Transmitter Log 200'!H11:H310,"STEAM") | D23: =COUNTIF('Valve Log 200'!F11:F310,"STEAM") | E23: =C23+D23
B24: NATURAL GAS | C24: =COUNTIF('Transmitter Log 200'!H11:H310,"NATURAL GAS") | D24: =COUNTIF('Valve Log 200'!F11:F310,"NATURAL GAS") | E24: =C24+D24
B25: PRODUCED EMULSION | C25: =COUNTIF('Transmitter Log 200'!H11:H310,"PRODUCED EMULSION") | D25: =COUNTIF('Valve Log 200'!F11:F310,"PRODUCED EMULSION") | E25: =C25+D25
B26: Serial # Missing
B29: QUICK TIPS
B30: • Enter data in the Log tabs (grouped by section, dropdown columns are restricted to valid choices).
B31: • Set column A ("Export to PDF (Y/N)") to Y on rows you want turned into filled PDFs.
B32: • Use the Index tabs for a condensed view - click a row number to jump straight to it in the full log.
B33: • Run the matching export script (export_to_pdf.py or export_valve_to_pdf.py) to generate PDFs.
B34: • See the Instructions tab for full details, including the PDF export command-line options.

Sheet Lists
A1: Y | B1: Yes | C1: Pass | D1: ESDV | E1: Inch | F1: I | G1: 150 | H1: Flanged | I1: 4-20 mA / HART | J1: IESL | K1: Sliding Stem | L1: Valve Fails Open | M1: mA
A2: N | B2: No | C2: Fail | D2: FCV | E2: Metric | F2: II | G2: 300 | H2: Threaded | I2: Fieldbus | J2: Other | K2: Rotary | L2: Valve Fails Closed | M2: %
C3: N/A | D3: LCV | F3: III | G3: 600 | I3: Wireless | K3: Quarter Turn | L3: Valve Fails Last
D4: PCV | F4: IV | G4: 900 | I4: Modbus | K4: Throttle
D5: Other | F5: V | G5: 1200 | I5: Pneumatic | K5: Snap Acting
F6: VI | G6: 1500
G7: 2500

Sheet Valve Log 100
A1: =HYPERLINK("#Dashboard!A1","<< Dashboard")
A2: Control | B2: Header | M2: General Description | AF2: Commissioning Inspection | BB2: Functional Verification Activities | BM2: Positioner / Valve Travel Indication | CE2: Calibration & Configuration Test Equipment Used | CI2: Comments | CJ2: Sign-Off
A3: Export to PDF (Y/N) | B3: Customer Name | C3: Project Name | D3: Contract # | E3: Location | F3: System | G3: P&ID # | H3: Line # | I3: Equip # | J3: Unit # | K3: Valve Type | L3: Valve Type - Other (specify) | M3: Actuator - Serial # | N3: Actuator - Model # | O3: Trim - Plug | P3: Trim - Seat | Q3: Valve - Serial # | R3: Valve - Model # | S3: Travel - Unit | T3: Travel - Value | U3: Positioner - Serial # | V3: Positioner - Model # | W3: Class (ANSI Leakage Class) | X3: ANSI Rating | Y3: Position Limit - Serial # | Z3: Position Limit - Model # | AA3: ANSI Rating - Size | AB3: Body Style | AC3: Solenoid - Serial # | AD3: Solenoid - Model # | AE3: CRN# | AF3: Signal Type | AG3: Commissioning Tag # | AH3: Voltage | AI3: Fuse Rating | AJ3: Inst. Air Pressure | AK3: Bad I/O | AL3: Verify Device & Screen Match | AM3: SS Device Tag | AN3: SS Cable Tag | AO3: Calibration Tag | AP3: Wire Tagged | AQ3: Cable & Fittings Inspected | AR3: Adequate Service Loop | AS3: Polarity Correct & Wire Tug | AT3: Heat Traced | AU3: Insulated | AV3: Tubing & Fittings Inspected | AW3: Conforms to Install | AX3: Conforms to P&ID | AY3: Installed By | AZ3: Verified By | BA3: ASME Code | BB3: 1. Blow Down Air Supply at Header, Open and Drain Instrument Regulator (initials, or N/A) | BC3: 2. Valve is Sliding Stem: Rotary: Quarter Turn: Throttle: Snap Acting (initials, or N/A) | BD3: 3. Verify Fail Position: Valve Fails Open / Valve Fails Closed / Valve Fails Last (initials, or N/A) | BE3: 4. Verify Positioner Command Signals: mA / % (initials, or N/A) | BF3: 5. Valve and Actuator Strokes Smoothly on Command From DCS/PLC (initials, or N/A) | BG3: 6. Verify Open and Close Limit Switches Function and are Displayed Correctly on DCS/PLC (initials, or N/A) | BH3: 7. Verify Solenoid Trip and Valve Strokes to Fail Position (initials, or N/A) | BI3: 8. Verify Positioner is Returned to IN SERVICE (initials, or N/A) | BJ3: Valve is Sliding Stem / Type | BK3: Verify Fail Position | BL3: Verify Positioner Command Signals | BM3: Valve Position @ 0% (up) | BN3: Valve Position @ 25% (up) | BO3: Valve Position @ 50% (up) | BP3: Valve Position @ 75% (up) | BQ3: Valve Position @ 100% | BR3: Valve Position @ 75% (down) | BS3: Valve Position @ 50% (down) | BT3: Valve Position @ 25% (down) | BU3: Valve Position @ 0% (down) | BV3: mA Input @ 0% (up) | BW3: mA Input @ 25% (up) | BX3: mA Input @ 50% (up) | BY3: mA Input @ 75% (up) | BZ3: mA Input @ 100% | CA3: mA Input @ 75% (down) | CB3: mA Input @ 50% (down) | CC3: mA Input @ 25% (down) | CD3: mA Input @ 0% (down) | CE3: Test Equipment - Make | CF3: Test Equipment - Model | CG3: Test Equipment - Serial# | CH3: Test Equipment - Calibration Date | CI3: Comments | CJ3: YANDA QC Representative - Name | CK3: YANDA Commissioning Representative - Name | CL3: YANDA QC Representative - Date
A4: N | G4: 29103-25J-106-01 | H4: 29103-16"-ST-1800-DASB0-90H | I4: 29103-PV-1200 | K4: PCV | M4: N/A | N4: 51 | O4: CA6NM SS/Nitrided | P4: A487 gr CA6NM HF | Q4: N/A | R4: N/A | S4: Inch | T4: 3 | U4: N/A | V4: SVI3 | W4: IV | X4: 1500 | Y4: N/A | Z4: N/A | AA4: 12" | AB4: Flanged | AC4: N/A | AD4: N/A | AE4: 0C18929.52 | CE4: EMERSON | CF4: TREX | CG4: 210100082367 | CH4: '2026-07-31
C5: K1B WELL PAD PROJECT | D5: CA23007 | E5: KINOSIS K1B | F5: STEAM | G5: 29103-25J-106-01 | H5: 29103-16"-ST-1800-DASB0-90H | I5: 29103-PV-1200 | K5: PCV | M5: S-26-019797 | N5: 51 | O5: CA6NM SS/Nitrided | P5: A487 gr CA6NM HF | Q5: N/A | R5: 41000 | S5: Inch | T5: 3" | U5: F005382540 | V5: SVI3 | W5: IV | X5: 1500 | Y5: N/A | Z5: N/A | AA5: 12 | AB5: Flanged | AC5: N/A | AD5: N/A | AE5: 0C18929.52 | CE5: EMERSON | CF5: TREX | CG5: 210100082367 | CH5: '2026-07-31 | CJ5: Levy Ostrup
C6: K1B WELL PAD PROJECT | D6: CA23007 | E6: KINOSIS K1B | F6: STEAM | G6: 29103-25J-111-01 | H6: 29103-6"-ST-1102-BASB0-64H | I6: 29103-FV-1011 | K6: FCV | M6: 1000383587 | N6: PDA200 | O6: 5CB TC | P6: TC c/w S17400 carrier | Q6: 1000383579 | R6: P3E HT | S6: Inch | T6: 4" | U6: F005340804 | V6: DVC-6200 | W6: V | X6: 900 | Y6: N/A | Z6: N/A | AA6: 2.15 | AB6: Flanged | AC6: N/A | AD6: N/A | AE6: 0C00070.2 | CE6: EMERSON | CF6: TREX | CG6: 210100082367 | CH6: '2026-07-31 | CJ6: Levy Ostrup
C7: K1B WELL PAD PROJECT | D7: CA23007 | E7: KINOSIS K1B | F7: STEAM | G7: 29103-25J-111-01 | H7: 29103-3"-ST-1101-DASB0-64H | I7: 29103-FV-1012 | K7: FCV | M7: 1000383583 | N7: PDA200 | O7: 5CB TC | P7: TC c/w S17400 carrier | Q7: 1000389735 | R7: P25E HT | S7: Inch | T7: 3" | U7: F005340807 | V7: DVC-6200 | W7: V | X7: 900 | Y7: N/A | Z7: N/A | AA7: 1.5 | AB7: Flanged | AC7: N/A | AD7: N/A | AE7: 0C00070.2 | CE7: EMERSON | CF7: TREX | CG7: 210100082367 | CH7: '2026-07-31 | CJ7: Levy Ostrup
C8: K1B WELL PAD PROJECT | D8: CA23007 | E8: KINOSIS K1B | F8: STEAM | G8: 29103-25J-121-01 | H8: 29103-6"-ST-1202-DASB0-64H | I8: 29103-FV-1021 | K8: FCV | M8: 1000383602 | N8: PDA200 | O8: 5CB TC | P8: TC c/w S17400 carrier | Q8: 1000383595 | R8: P3E HT | S8: Inch | T8: 4" | U8: F005340829 | V8: DVC-6200 | W8: V | X8: 900 | Y8: N/A | Z8: N/A | AA8: 2.15 | AB8: Flanged | AC8: N/A | AD8: N/A | AE8: 0C00070.2 | CE8: EMERSON | CF8: TREX | CG8: 210100082367 | CH8: '2026-07-31 | CJ8: Levy Ostrup
C9: K1B WELL PAD PROJECT | D9: CA23007 | E9: KINOSIS K1B | F9: STEAM | G9: 29103-25J-121-01 | H9: 29103-3"-ST-1201-DASB0-64H | I9: 29103-FV-1022 | K9: FCV | M9: 1000383533 | N9: PDA200 | O9: 5CB TC | P9: TC c/c S17400 carrier | Q9: 1000389751 | R9: P25E HT | S9: Inch | T9: 3" | U9: F005209238 | V9: DVC-6200 | W9: V | X9: 900 | Y9: N/A | Z9: N/A | AA9: 1.5 | AB9: Flanged | AC9: N/A | AD9: N/A | AE9: 0C00070.2 | CE9: EMERSON | CF9: TREX | CG9: 210100082367 | CH9: '2026-07-31 | CJ9: Levy Ostrup
C10: K1B WELL PAD PROJECT | D10: CA23007 | E10: KINOSIS K1B | F10: STEAM | G10: 29103-25J-131-01 | H10: 29103-6"-ST-1302-DASB0-64H | I10: 29103-FV-1031 | K10: FCV | M10: 1000383588 | N10: PDA200 | O10: 5CB TC | P10: TC c/w S17400 carrier | Q10: 1000383580 | R10: P3E HT | S10: Inch | T10: 4" | U10: F005340815 | V10: DVC-6200 | W10: V | X10: 900 | Y10: N/A | Z10: N/A | AA10: 2.15 | AB10: Flanged | AC10: N/A | AD10: N/A | AE10: 0C00070.2 | CE10: EMERSON | CF10: TREX | CG10: 210100082367 | CH10: '2026-07-31 | CJ10: Levy Ostrup
C11: K1B WELL PAD PROJECT | D11: CA23007 | E11: KINOSIS K1B | F11: STEAM | G11: 29103-25J-131-01 | H11: 29103-3"-ST-1301-DASB0-64H | I11: 29103-FV-1032 | K11: FCV | M11: 1000383564 | N11: PDA200 | O11: 5CB TC | P11: TC c/w S17400 carrier | Q11: 1000389736 | R11: P25E HT | S11: Inch | T11: 3" | U11: F005340816 | V11: DVC-6200 | W11: V | X11: 900 | Y11: N/A | Z11: N/A | AA11: 1.5 | AB11: Flanged | AC11: N/A | AD11: N/A | AE11: 0C00070.2 | CE11: EMERSON | CF11: TREX | CG11: 210100082367 | CH11: '2026-07-31 | CJ11: Levy Ostrup
C12: K1B WELL PAD PROJECT | D12: CA23007 | E12: KINOSIS K1B | F12: STEAM | G12: 29103-25J-141-01 | H12: 29103-6"-ST-1402-DASB0-64H | I12: 29103-FV-1041 | K12: FCV | M12: 1000383603 | N12: PDA200 | O12: 5CB TC | P12: TC c/w S17400 carrier | Q12: 1000383596 | R12: P3E HT | S12: Inch | T12: 4" | U12: F005340813 | V12: DVC-6200 | W12: V | X12: 900 | Y12: N/A | Z12: N/A | AA12: 2.15 | AB12: Flanged | AC12: N/A | AD12: N/A | AE12: 0C00070.2 | CE12: EMERSON | CF12: TREX | CG12: 210100082367 | CH12: '2026-07-31 | CJ12: Levy Ostrup
C13: K1B WELL PAD PROJECT | D13: CA23007 | E13: KINOSIS K1B | F13: STEAM | G13: 29103-25J-141-01 | H13: 29103-3"-ST-1401-DASB0-64H | I13: 29103-FV-1042 | K13: FCV | M13: 1000383534 | N13: PDA200 | O13: 5CB TC | P13: TC c/w S17400 carrier | Q13: 1000389752 | R13: P25E HT | S13: Inch | T13: 3" | U13: F005209236 | V13: DVC-6200 | W13: V | X13: 900 | Y13: N/A | Z13: N/A | AA13: 1.5 | AB13: Flanged | AC13: N/A | AD13: N/A | AE13: 0C00070.2 | CE13: EMERSON | CF13: TREX | CG13: 210100082367 | CH13: '2026-07-31 | CJ13: Levy Ostrup
C14: K1B WELL PAD PROJECT | D14: CA23007 | E14: KINOSIS K1B | F14: STEAM | G14: 29103-25J-151-01 | H14: 29103-6"-ST-1502-DASB0-64H | I14: 29103-FV-1051 | K14: FCV | M14: 1000383589 | N14: PDA200 | O14: 5CB TC | P14: TC c/w S17400 carrier | Q14: 1000383581 | R14: P3E HT | S14: Inch | T14: 4" | U14: F005340836 | V14: DVC-6200 | W14: V | X14: 900 | Y14: N/A | Z14: N/A | AA14: 2.15 | AB14: Flanged | AC14: N/A | AD14: N/A | AE14: 0C00070.2 | CE14: EMERSON | CF14: TREX | CG14: 210100082367 | CH14: '2026-07-31 | CJ14: Levy Ostrup
C15: K1B WELL PAD PROJECT | D15: CA23007 | E15: KINOSIS K1B | F15: STEAM | G15: 29103-25J-151-01 | H15: 29103-3"-ST-1501-DASB0-64H | I15: 29103-FV-1052 | K15: FCV | M15: 1000383565 | N15: PDA200 | O15: 5CB TC | P15: TC c/w S17400 carrier | Q15: 1000389737 | R15: P25E HT | S15: Inch | T15: 3" | U15: F005340809 | V15: DVC-6200 | W15: V | X15: 900 | Y15: N/A | Z15: N/A | AA15: 1.5 | AB15: Flanged | AC15: N/A | AD15: N/A | AE15: 0C00070.2 | CE15: EMERSON | CF15: TREX | CG15: 210100082367 | CH15: '2026-07-31 | CJ15: Levy Ostrup
C16: K1B WELL PAD PROJECT | D16: CA23007 | E16: KINOSIS K1B | F16: STEAM | G16: 29103-25J-161-01 | H16: 29103-6"-ST-1602-DASB0-64H | I16: 29103-FV-1061 | K16: FCV | M16: 1000383604 | N16: PDA200 | O16: 5CB TC | P16: TC c/w S17400 carrier | Q16: 1000383597 | R16: P3E HT | S16: Inch | T16: 4" | U16: F005340803 | V16: DVC-6200 | W16: V | X16: 900 | Y16: N/A | Z16: N/A | AA16: 2.15 | AB16: Flanged | AC16: N/A | AD16: N/A | AE16: 0C00070.2 | CE16: EMERSON | CF16: TREX | CG16: 210100082367 | CH16: '2026-07-31 | CJ16: Levy Ostrup
C17: K1B WELL PAD PROJECT | D17: CA23007 | E17: KINOSIS K1B | F17: STEAM | G17: 29103-25J-161-01 | H17: 29103-3"-ST-1601-DASB0-64H | I17: 29103-FV-1062 | K17: FCV | M17: 1000383535 | N17: PDA200 | O17: 5CB TC | P17: TC c/w S17400 carrier | Q17: 1000389753 | R17: P25E HT | S17: Inch | T17: 3" | U17: F005209241 | V17: DVC-6200 | W17: V | X17: 900 | Y17: N/A | Z17: N/A | AA17: 1.5 | AB17: Flanged | AC17: N/A | AD17: N/A | AE17: 0C00070.2 | CE17: EMERSON | CF17: TREX | CG17: 210100082367 | CH17: '2026-07-31 | CJ17: Levy Ostrup
... C19: K1B WELL PAD PROJECT | D19: CA23007 | E19: KINOSIS K1B | F19: STEAM | G19: 29103-25J-171-01 | H19: 29103-3"-ST-1701-DASB0-64H | I19: 29103-FV-1072 | K19: FCV | M19: 1000383566 | N19: PDA200 | O19: 5CB TC | P19: TC c/w S17400 carrier | Q19: 1000389738 | R19: P25E HT | S19: Inch | T19: 3" | U19: F005340818 | V19: DVC-6200 | W19: V | X19: 900 | Y19: N/A | Z19: N/A | AA19: 1.5 | AB19: Flanged | AC19: N/A | AD19: N/A | AE19: 0C00070.2 | CE19: EMERSON | CF19: TREX | CG19: 210100082367 | CH19: '2026-07-31 | CJ19: Levy Ostrup
C20: K1B WELL PAD PROJECT | D20: CA23007 | E20: KINOSIS K1B | F20: NATURAL GAS | G20: 29103-25J-111-01 | H20: 29103-1"-FG-1105-DLHB0-38H-ET | I20: 29103-FV-1015 | K20: FCV | M20: S-26-018955 | N20: 88 Spring & Diaphragm | O20: 316 SS | P20: 316 SS | Q20: N/A | R20: N/A | S20: Inch | T20: 0.8 | U20: F005452608 | V20: SVI3 SMART | W20: IV | X20: 1500 | Y20: N/A | Z20: N/A | AA20: 1 | AB20: Flanged | AC20: N/A | AD20: N/A | AE20: 0C18929.52 | CE20: EMERSON | CF20: TREX | CG20: 210100082367 | CH20: '2026-07-31 | CJ20: Levy Ostrup
C21: K1B WELL PAD PROJECT | D21: CA23007 | E21: KINOSIS K1B | F21: NATURAL GAS | G21: 29103-25J-131-01 | H21: 29103-1"-FG-1305-DLHB0-38H-ET | I21: 29103-FV-1035 | K21: FCV | M21: N/A | N21: 88 Spring & Diaphragm | O21: 316 SS | P21: 316 SS | Q21: N/A | R21: N/A | S21: Inch | T21: 0.8 | U21: N/A | V21: SVI3 SMART | W21: IV | X21: 1500 | Y21: N/A | Z21: N/A | AA21: 1 | AB21: Flanged | AC21: N/A | AD21: N/A | AE21: 0C18929.52 | CE21: EMERSON | CF21: TREX | CG21: 210100082367 | CH21: '2026-07-31 | CJ21: Levy Ostrup
C22: K1B WELL PAD PROJECT | D22: CA23007 | E22: KINOSIS K1B | F22: NATURAL GAS | G22: 29103-25J-151-01 | H22: 29103-1"-FG-1505-DLHB0-38H-ET | I22: 29103-FV-1055 | K22: FCV | M22: N/A | N22: 88 Spring & Diaphragm | O22: 316 SS | P22: 316 SS | Q22: N/A | R22: N/A | S22: Inch | T22: 0.8 | U22: N/A | V22: SVI3 SMART | W22: IV | X22: 1500 | Y22: N/A | Z22: N/A | AA22: 1 | AB22: Flanged | AC22: N/A | AD22: N/A | AE22: 0C18929.52 | CE22: EMERSON | CF22: TREX | CG22: 210100082367 | CH22: '2026-07-31 | CJ22: Levy Ostrup
C23: K1B WELL PAD PROJECT | D23: CA23007 | E23: KINOSIS K1B | F23: NATURAL GAS | G23: 29103-25J-111-01 | H23: 29103-1"-FG-1103-DLHB0-38H-ET | I23: 29103-KV-1013 | K23: PCV | M23: N/A | N23: VPVL100SR4/5BD | O23: 316 SS | P23: Xtreme | Q23: 25224154 | R23: 1/2" 4B36HBXTB2 | U23: N/A | V23: N/A | W23: VI | X23: 800 | Y23: N/A | Z23: N/A | AA23: 1/2" | AB23: Threaded | AC23: A47713296 | AD23: JS2D8314H301-24VDC | AE23: 0C7803.52 | CE23: EMERSON | CF23: TREX | CG23: 210100082367 | CH23: '2026-07-31 | CJ23: Levy Ostrup
C24: K1B WELL PAD PROJECT | D24: CA23007 | E24: KINOSIS K1B | F24: NATURAL GAS | G24: 29103-25J-112-01 | H24: 29103-1"-FG-1101-DLHB0-38H-ET | I24: 29103-KV-1017 | K24: PCV | M24: N/A | N24: VPVL100SR4/5BD | O24: 316 SS | P24: Xtreme | Q24: 25224157 | R24: 1/2" 4B36HBXTB2 | U24: N/A | V24: N/A | W24: VI | X24: 800 | Y24: N/A | Z24: N/A | AA24: 1/2" | AB24: Threaded | AC24: A47713296 | AD24: JS2D8314H301-24VDC | AE24: 0C7803.52 | CE24: EMERSON | CF24: TREX | CG24: 210100082367 | CH24: '2026-07-31 | CJ24: Levy Ostrup
C25: K1B WELL PAD PROJECT | D25: CA23007 | E25: KINOSIS K1B | F25: NATURAL GAS | G25: 29103-25J-121-01 | H25: 29103-1"-FG-1203-DLHB0-38H-ET | I25: 29103-KV-1023 | K25: PCV | M25: N/A | N25: VPVL100SR4/5BD | O25: 316 SS | P25: Xtreme | Q25: 25224155 | R25: 1/2" 4B36HBXTB2 | U25: N/A | V25: N/A | W25: VI | X25: 800 | Y25: N/A | Z25: N/A | AA25: 1/2" | AB25: Threaded | AC25: A47713296 | AD25: JS2D8314H301-24VDC | AE25: 0C7803.52 | CE25: EMERSON | CF25: TREX | CG25: 210100082367 | CH25: '2026-07-31 | CJ25: Levy Ostrup
C26: K1B WELL PAD PROJECT | D26: CA23007 | E26: KINOSIS K1B | F26: NATURAL GAS | G26: 29103-25J-122-01 | H26: 29103-1"-FG-1201-DLHB0-38H-ET | I26: 29103-KV-1027 | K26: PCV | M26: N/A | N26: VPVL100SR4/5BD | O26: 316 SS | P26: Xtreme | Q26: 25224106 | R26: 1/2" 4B36HBXTB2 | U26: N/A | V26: N/A | W26: VI | X26: 800 | Y26: N/A | Z26: N/A | AA26: 1/2" | AB26: Threaded | AC26: A47713296 | AD26: JS2D8314H301-24VDC | AE26: 0C7803.52 | CE26: EMERSON | CF26: TREX | CG26: 210100082367 | CH26: '2026-07-31 | CJ26: Levy Ostrup
C27: K1B WELL PAD PROJECT | D27: CA23007 | E27: KINOSIS K1B | F27: NATURAL GAS | G27: 29103-25J-131-01 | H27: 29103-1"-FG-1303-DLHB0-38H-ET | I27: 29103-KV-1033 | K27: PCV | M27: N/A | N27: VPVL100SR4/5BD | O27: 316 SS | P27: Xtreme | Q27: 25224111 | R27: 1/2" 4B36HBXTB2 | U27: N/A | V27: N/A | W27: VI | X27: 800 | Y27: N/A | Z27: N/A | AA27: 1/2" | AB27: Threaded | AC27: A47713296 | AD27: JS2D8314H301-24VDC | AE27: 0C7803.52 | CE27: EMERSON | CF27: TREX | CG27: 210100082367 | CH27: '2026-07-31 | CJ27: Levy Ostrup
C28: K1B WELL PAD PROJECT | D28: CA23007 | E28: KINOSIS K1B | F28: NATURAL GAS | G28: 29103-25J-132-01 | H28: 29103-1"-FG-1301-DLHB0-38H-ET | I28: 29103-KV-1037 | K28: PCV | M28: N/A | N28: VPVL100SR4/5BD | O28: 316 SS | P28: Xtreme | Q28: 25224153 | R28: 1/2" 4B36HBXTB2 | U28: N/A | V28: N/A | W28: VI | X28: 800 | Y28: N/A | Z28: N/A | AA28: 1/2" | AB28: Threaded | AC28: A47713296 | AD28: JS2D8314H301-24VDC | AE28: 0C7803.52 | CE28: EMERSON | CF28: TREX | CG28: 210100082367 | CH28: '2026-07-31 | CJ28: Levy Ostrup
C29: K1B WELL PAD PROJECT | D29: CA23007 | E29: KINOSIS K1B | F29: NATURAL GAS | G29: 29103-25J-141-01 | H29: 29103-1"-FG-1403-DLHB0-38H-ET | I29: 29103-KV-1043 | K29: PCV | M29: N/A | N29: VPVL100SR4/5BD | O29: 316 SS | P29: Xtreme | Q29: 25224152 | R29: 1/2" 4B36HBXTB2 | U29: N/A | V29: N/A | W29: VI | X29: 800 | Y29: N/A | Z29: N/A | AA29: 1/2" | AB29: Threaded | AC29: A47713296 | AD29: JS2D8314H301-24VDC | AE29: 0C7803.52 | CE29: EMERSON | CF29: TREX | CG29: 210100082367 | CH29: '2026-07-31 | CJ29: Levy Ostrup
C30: K1B WELL PAD PROJECT | D30: CA23007 | E30: KINOSIS K1B | F30: NATURAL GAS | G30: 29103-25J-142-01 | H30: 29103-1"-FG-1401-DLHB0-38H-ET | I30: 29103-KV-1047 | K30: PCV | M30: N/A | N30: VPVL100SR4/5BD | O30: 316 SS | P30: Xtreme | Q30: 25224181 | R30: 1/2" 4B36HBXTB2 | U30: N/A | V30: N/A | W30: VI | X30: 800 | Y30: N/A | Z30: N/A | AA30: 1/2" | AB30: Threaded | AC30: A47713296 | AD30: JS2D8314H301-24VDC | AE30: 0C7803.52 | CE30: EMERSON | CF30: TREX | CG30: 210100082367 | CH30: '2026-07-31 | CJ30: Levy Ostrup
C31: K1B WELL PAD PROJECT | D31: CA23007 | E31: KINOSIS K1B | F31: NATURAL GAS | G31: 29103-25J-151-01 | H31: 29103-1"-FG-1503-DLHB0-38H-ET | I31: 29103-KV-1053 | K31: PCV | M31: N/A | N31: VPVL100SR4/5BD | O31: 316 SS | P31: Xtreme | Q31: 25224113 | R31: 1/2" 4B36HBXTB2 | U31: N/A | V31: N/A | W31: VI | X31: 800 | Y31: N/A | Z31: N/A | AA31: 1/2" | AB31: Threaded | AC31: A47713296 | AD31: JS2D8314H301-24VDC | AE31: 0C7803.52 | CE31: EMERSON | CF31: TREX | CG31: 210100082367 | CH31: '2026-07-31 | CJ31: Levy Ostrup
C32: K1B WELL PAD PROJECT | D32: CA23007 | E32: KINOSIS K1B | F32: NATURAL GAS | G32: 29103-25J-152-01 | H32: 29103-1"-FG-1501-DLHB0-38H-ET | I32: 29103-KV-1057 | K32: PCV | M32: N/A | N32: VPVL100SR4/5BD | O32: 316 SS | P32: Xtreme | Q32: 25224184 | R32: 1/2" 4B36HBXTB2 | U32: N/A | V32: N/A | W32: VI | X32: 800 | Y32: N/A | Z32: N/A | AA32: 1/2" | AB32: Threaded | AC32: A47713296 | AD32: JS2D8314H301-24VDC | AE32: 0C7803.52 | CE32: EMERSON | CF32: TREX | CG32: 210100082367 | CH32: '2026-07-31 | CJ32: Levy Ostrup
C33: K1B WELL PAD PROJECT | D33: CA23007 | E33: KINOSIS K1B | F33: NATURAL GAS | G33: 29103-25J-161-01 | H33: 29103-1"-FG-1603-DLHB0-38H-ET | I33: 29103-KV-1063 | K33: PCV | M33: N/A | N33: VPVL100SR4/5BD | O33: 316 SS | P33: Xtreme | Q33: 25224177 | R33: 1/2" 4B36HBXTB2 | U33: N/A | V33: N/A | W33: VI | X33: 800 | Y33: N/A | Z33: N/A | AA33: 1/2" | AB33: Threaded | AC33: A47713296 | AD33: JS2D8314H301-24VDC | AE33: 0C7803.52 | CE33: EMERSON | CF33: TREX | CG33: 210100082367 | CH33: '2026-07-31 | CJ33: Levy Ostrup
C34: K1B WELL PAD PROJECT | D34: CA23007 | E34: KINOSIS K1B | F34: NATURAL GAS | G34: 29103-25J-162-01 | H34: 29103-1"-FG-1601-DLHB0-38H-ET | I34: 29103-KV-1067 | K34: PCV | M34: N/A | N34: VPVL100SR4/5BD | O34: 316 SS | P34: Xtreme | Q34: 25224175 | R34: 1/2" 4B36HBXTB2 | U34: N/A | V34: N/A | W34: VI | X34: 800 | Y34: N/A | Z34: N/A | AA34: 1/2" | AB34: Threaded | AC34: A47713296 | AD34: JS2D8314H301-24VDC | AE34: 0C7803.52 | CE34: EMERSON | CF34: TREX | CG34: 210100082367 | CH34: '2026-07-31 | CJ34: Levy Ostrup
... C36: K1B WELL PAD PROJECT | D36: CA23007 | E36: KINOSIS K1B | F36: NATURAL GAS | G36: 29103-25J-172-01 | H36: 29103-1"-FG-1701-DLHB0-38H-ET | I36: 29103-KV-1077 | K36: PCV | M36: N/A | N36: VPVL100SR4/5BD | O36: 316 SS | P36: Xtreme | Q36: 25224148 | R36: 1/2" 4B36HBXTB2 | U36: N/A | V36: N/A | W36: VI | X36: 800 | Y36: N/A | Z36: N/A | AA36: 1/2" | AB36: Threaded | AC36: A47713296 | AD36: JS2D8314H301-24VDC | AE36: 0C7803.52 | CE36: EMERSON | CF36: TREX | CG36: 210100082367 | CH36: '2026-07-31 | CJ36: Levy Ostrup
C37: K1B WELL PAD PROJECT | D37: CA23007 | E37: KINOSIS K1B | F37: PRODUCED EMULSION | G37: 29103-25J-112-01 | H37: 29103-4"-PE-1101-DAPC0-64H-ET | I37: 29103-PV-1014 | K37: PCV | M37: 1000383571 | N37: 667-46 Spring & Diaphragm | O37: 5CB TC | P37: TC c/w S17400 carrier | Q37: 1000389743 | R37: P25E | S37: Inch | T37: 1.5 | U37: F005209232 | V37: DVC6200-PD SMART | W37: V | X37: 900 | Y37: N/A | Z37: N/A | AA37: 3 | AB37: Flanged | AC37: N/A | AD37: N/A | AE37: 0C00070.2 | CE37: EMERSON | CF37: TREX | CG37: 210100082367 | CH37: '2026-07-31 | CJ37: Levy Ostrup
C38: K1B WELL PAD PROJECT | D38: CA23007 | E38: KINOSIS K1B | F38: PRODUCED EMULSION | G38: 29103-25J-122-01 | H38: 29103-4"-PE-1201-DAPC0-64H-ET | I38: 29103-PV-1024 | K38: PCV | M38: 1000383540 | N38: 667-46 Spring & Diaphragm | O38: 5CB TC | P38: TC c/w S17400 carrier | Q38: N/A | R38: P25E | S38: Inch | T38: 1.5 | U38: F005209243 | V38: DVC6200-PD SMART | W38: V | X38: 900 | Y38: N/A | Z38: N/A | AA38: 3 | AB38: Flanged | AC38: N/A | AD38: N/A | AE38: 0C00070.2 | CE38: EMERSON | CF38: TREX | CG38: 210100082367 | CH38: '2026-07-31 | CJ38: Levy Ostrup
C39: K1B WELL PAD PROJECT | D39: CA23007 | E39: KINOSIS K1B | F39: PRODUCED EMULSION | G39: 29103-25J-132-01 | H39: 29103-4"-PE-1301-DAPC0-64H-ET | I39: 29103-PV-1034 | K39: PCV | M39: 1000383572 | N39: 667-46 Spring & Diaphragm | O39: 5CB TC | P39: TC c/w S17400 carrier | Q39: N/A | R39: P25E | S39: Inch | T39: 1.5 | U39: F005340817 | V39: DVC6200-PD SMART | W39: V | X39: 900 | Y39: N/A | Z39: N/A | AA39: 3 | AB39: Flanged | AC39: N/A | AD39: N/A | AE39: 0C00070.2 | CE39: EMERSON | CF39: TREX | CG39: 210100082367 | CH39: '2026-07-31 | CJ39: Levy Ostrup
C40: K1B WELL PAD PROJECT | D40: CA23007 | E40: KINOSIS K1B | F40: PRODUCED EMULSION | G40: 29103-25J-142-01 | H40: 29103-4"-PE-1401-DAPC0-64H-ET | I40: 29103-PV-1044 | K40: PCV | M40: 1000383541 | N40: 667-46 Spring & Diaphragm | O40: 5CB TC | P40: TC c/w S17400 carrier | Q40: N/A | R40: P25E | S40: Inch | T40: 1.5 | U40: F005209347 | V40: DVC6200-PD SMART | W40: V | X40: 900 | Y40: N/A | Z40: N/A | AA40: 3 | AB40: Flanged | AC40: N/A | AD40: N/A | AE40: 0C00070.2 | CE40: EMERSON | CF40: TREX | CG40: 210100082367 | CH40: '2026-07-31 | CJ40: Levy Ostrup
C41: K1B WELL PAD PROJECT | D41: CA23007 | E41: KINOSIS K1B | F41: PRODUCED EMULSION | G41: 29103-25J-152-01 | H41: 29103-4"-PE-1501-DAPC0-64H-ET | I41: 29103-PV-1054 | K41: PCV | M41: 1000383573 | N41: 667-46 Spring & Diaphragm | O41: 5CB TC | P41: TC c/w S17400 carrier | Q41: N/A | R41: P25E | S41: Inch | T41: 1.5 | U41: F005340832 | V41: DVC6200-PD SMART | W41: V | X41: 900 | Y41: N/A | Z41: N/A | AA41: 3 | AB41: Flanged | AC41: N/A | AD41: N/A | AE41: 0C00070.2 | CE41: EMERSON | CF41: TREX | CG41: 210100082367 | CH41: '2026-07-31 | CJ41: Levy Ostrup
C42: K1B WELL PAD PROJECT | D42: CA23007 | E42: KINOSIS K1B | F42: PRODUCED EMULSION | G42: 29103-25J-162-01 | H42: 29103-4"-PE-1601-DAPC0-64H-ET | I42: 29103-PV-1064 | K42: PCV | M42: 1000383542 | N42: 667-46 Spring & Diaphragm | O42: 5CB TC | P42: TC c/w S17400 carrier | Q42: N/A | R42: P25E | S42: Inch | T42: 1.5 | U42: F005209242 | V42: DVC6200-PD SMART | W42: V | X42: 900 | Y42: N/A | Z42: N/A | AA42: 3 | AB42: Flanged | AC42: N/A | AD42: N/A | AE42: 0C00070.2 | CE42: EMERSON | CF42: TREX | CG42: 210100082367 | CH42: '2026-07-31 | CJ42: Levy Ostrup
C43: K1B WELL PAD PROJECT | D43: CA23007 | E43: KINOSIS K1B | F43: PRODUCED EMULSION | G43: 29103-25J-172-01 | H43: 29103-4"-PE-1701-DAPC0-64H-ET | I43: 29103-PV-1074 | K43: PCV | M43: 1000383574 | N43: 667-46 Spring & Diaphragm | O43: 5CB TC | P43: TC c/w S17400 carrier | Q43: N/A | R43: P25E | S43: Inch | T43: 1.5 | U43: F005340799 | V43: DVC6200-PD SMART | W43: V | X43: 900 | Y43: N/A | Z43: N/A | AA43: 3 | AB43: Flanged | AC43: N/A | AD43: N/A | AE43: 0C00070.2 | CE43: EMERSON | CF43: TREX | CG43: 210100082367 | CH43: '2026-07-31 | CJ43: Levy Ostrup
C44: K1B WELL PAD PROJECT | D44: CA23007 | E44: KINOSIS K1B | F44: PRODUCED EMULSION | G44: 29103-25J-112-01 | H44: 29103-4"-PE-1102-DAPC0-64H-ET | I44: 29103-XV-1011 | M44: 3656446-011 | N44: LPC-10A-180L-DA | O44: F51+TCC | P44: F316+TCC | Q44: YDFQ25129208 | R44: 4TF9RBPA105N | U44: F005266343 | V44: DVC-6200 AD | W44: V | X44: 900 | Y44: N/A | Z44: N/A | AA44: 4 | AB44: Flanged | AC44: N/A | AD44: N/A | AE44: 0C15284.52 | CE44: EMERSON | CF44: TREX | CG44: 210100082367 | CH44: '2026-07-31 | CJ44: Levy Ostrup
C45: K1B WELL PAD PROJECT | D45: CA23007 | E45: KINOSIS K1B | F45: PRODUCED EMULSION | G45: 29103-25J-112-01 | H45: 29103-4"-PE-1103-DAPC0-64H-ET | I45: 29103-XV-1012 | M45: 3656446-017 | N45: LPC-10A-180L-DA | O45: F51+TCC | P45: F316+TCC | Q45: YDFQ25129209 | R45: 4TF9RBPA105N | U45: F005266334 | V45: DVC-6200 AD | W45: V | X45: 900 | Y45: N/A | Z45: N/A | AA45: 4 | AB45: Flanged | AC45: N/A | AD45: N/A | AE45: 0C15284.52 | CE45: EMERSON | CF45: TREX | CG45: 210100082367 | CH45: '2026-07-31 | CJ45: Levy Ostrup
C46: K1B WELL PAD PROJECT | D46: CA23007 | E46: KINOSIS K1B | F46: PRODUCED EMULSION | G46: 29103-25J-122-01 | H46: 29103-4"-PE-1202-DAPC0-64H-ET | I46: 29103-XV-1021 | M46: 3656446-024 | N46: LPC-10A-180L-DA | O46: F51+TCC | P46: F316+TCC | Q46: YDFQ25129210 | R46: 4TF9RBPA105N | U46: F005266348 | V46: DVC-6200 AD | W46: V | X46: 900 | Y46: N/A | Z46: N/A | AA46: 4 | AB46: Flanged | AC46: N/A | AD46: N/A | AE46: 0C15284.52 | CE46: EMERSON | CF46: TREX | CG46: 210100082367 | CH46: '2026-07-31 | CJ46: Levy Ostrup
C47: K1B WELL PAD PROJECT | D47: CA23007 | E47: KINOSIS K1B | F47: PRODUCED EMULSION | G47: 29103-25J-122-01 | H47: 29103-4"-PE-1203-DAPC0-64H-ET | I47: 29103-XV-1022 | M47: 3656446-003 | N47: LPC-10A-180L-DA | O47: F51+TCC | P47: F316+TCC | Q47: YDFQ25129211 | R47: 4TF9RBPA105N | U47: F005266332 | V47: DVC-6200 AD | W47: V | X47: 900 | Y47: N/A | Z47: N/A | AA47: 4 | AB47: Flanged | AC47: N/A | AD47: N/A | AE47: 0C15284.52 | CE47: EMERSON | CF47: TREX | CG47: 210100082367 | CH47: '2026-07-31 | CJ47: Levy Ostrup
C48: K1B WELL PAD PROJECT | D48: CA23007 | E48: KINOSIS K1B | F48: PRODUCED EMULSION | G48: 29103-25J-132-01 | H48: 29103-4"-PE-1302-DAPC0-64H-ET | I48: 29103-XV-1031 | M48: 3656446-020 | N48: LPC-10A-180L-DA | O48: F51+TCC | P48: F316+TCC | Q48: YDFQ25129212 | R48: 4TF9RBPA105N | U48: F005266353 | V48: DVC-6200 AD | W48: V | X48: 900 | Y48: N/A | Z48: N/A | AA48: 4 | AB48: Flanged | AC48: N/A | AD48: N/A | AE48: 0C15284.52 | CE48: EMERSON | CF48: TREX | CG48: 210100082367 | CH48: '2026-07-31 | CJ48: Levy Ostrup
C49: K1B WELL PAD PROJECT | D49: CA23007 | E49: KINOSIS K1B | F49: PRODUCED EMULSION | G49: 29103-25J-132-01 | H49: 29103-4"-PE-1303-DAPC0-64H-ET | I49: 29103-XV-1032 | M49: 3656446-023 | N49: LPC-10A-180L-DA | O49: F51+TCC | P49: F316+TCC | Q49: YDFQ25129213 | R49: 4TF9RBPA105N | U49: F005266335 | V49: DVC-6200 AD | W49: V | X49: 900 | Y49: N/A | Z49: N/A | AA49: 4 | AB49: Flanged | AC49: N/A | AD49: N/A | AE49: 0C15284.52 | CE49: EMERSON | CF49: TREX | CG49: 210100082367 | CH49: '2026-07-31 | CJ49: Levy Ostrup
C50: K1B WELL PAD PROJECT | D50: CA23007 | E50: KINOSIS K1B | F50: PRODUCED EMULSION | G50: 29103-25J-142-01 | H50: 29103-4"-PE-1402-DAPC0-64H-ET | I50: 29103-XV-1041 | M50: 3656446-018 | N50: LPC-10A-180L-DA | O50: F51+TCC | P50: F316+TCC | Q50: YDFQ25129214 | R50: 4TF9RBPA105N | U50: F005266350 | V50: DVC-6200 AD | W50: V | X50: 900 | Y50: N/A | Z50: N/A | AA50: 4 | AB50: Flanged | AC50: N/A | AD50: N/A | AE50: 0C15284.52 | CE50: EMERSON | CF50: TREX | CG50: 210100082367 | CH50: '2026-07-31 | CJ50: Levy Ostrup
C51: K1B WELL PAD PROJECT | D51: CA23007 | E51: KINOSIS K1B | F51: PRODUCED EMULSION | G51: 29103-25J-142-01 | H51: 29103-4"-PE-1403-DAPC0-64H-ET | I51: 29103-XV-1042 | M51: 3656446-028 | N51: LPC-10A-180L-DA | O51: F51+TCC | P51: F316+TCC | Q51: YDFQ25129215 | R51: 4TF9RBPA105N | U51: F005266333 | V51: DVC-6200 AD | W51: V | X51: 900 | Y51: N/A | Z51: N/A | AA51: 4 | AB51: Flanged | AC51: N/A | AD51: N/A | AE51: 0C15284.52 | CE51: EMERSON | CF51: TREX | CG51: 210100082367 | CH51: '2026-07-31 | CJ51: Levy Ostrup
C52: K1B WELL PAD PROJECT | D52: CA23007 | E52: KINOSIS K1B | F52: PRODUCED EMULSION | G52: 29103-25J-152-01 | H52: 29103-4"-PE-1502-DAPC0-64H-ET | I52: 29103-XV-1051 | M52: 3656446-027 | N52: LPC-10A-180L-DA | O52: F51+TCC | P52: F316+TCC | Q52: YDFQ25129216 | R52: 4TF9RBPA105N | U52: F005266347 | V52: DVC-6200 AD | W52: V | X52: 900 | Y52: N/A | Z52: N/A | AA52: 4 | AB52: Flanged | AC52: N/A | AD52: N/A | AE52: 0C15284.52 | CE52: EMERSON | CF52: TREX | CG52: 210100082367 | CH52: '2026-07-31 | CJ52: Levy Ostrup
C53: K1B WELL PAD PROJECT | D53: CA23007 | E53: KINOSIS K1B | F53: PRODUCED EMULSION | G53: 29103-25J-152-01 | H53: 29103-4"-PE-1503-DAPC0-64H-ET | I53: 29103-XV-1052 | M53: 3656446-021 | N53: LPC-10A-180L-DA | O53: F51+TCC | P53: F316+TCC | Q53: YDFQ25129217 | R53: 4TF9RBPA105N | U53: F005266329 | V53: DVC-6200 AD | W53: V | X53: 900 | Y53: N/A | Z53: N/A | AA53: 4 | AB53: Flanged | AC53: N/A | AD53: N/A | AE53: 0C15284.52 | CE53: EMERSON | CF53: TREX | CG53: 210100082367 | CH53: '2026-07-31 | CJ53: Levy Ostrup
C54: K1B WELL PAD PROJECT | D54: CA23007 | E54: KINOSIS K1B | F54: PRODUCED EMULSION | G54: 29103-25J-162-01 | H54: 29103-4"-PE-1602-DAPC0-64H-ET | I54: 29103-XV-1061 | M54: 3656446-025 | N54: LPC-10A-180L-DA | O54: F51+TCC | P54: F316+TCC | Q54: YDFQ25129218 | R54: 4TF9RBPA105N | U54: F005266349 | V54: DVC-6200 AD | W54: V | X54: 900 | Y54: N/A | Z54: N/A | AA54: 4 | AB54: Flanged | AC54: N/A | AD54: N/A | AE54: 0C15284.52 | CE54: EMERSON | CF54: TREX | CG54: 210100082367 | CH54: '2026-07-31 | CJ54: Levy Ostrup
C55: K1B WELL PAD PROJECT | D55: CA23007 | E55: KINOSIS K1B | F55: PRODUCED EMULSION | G55: 29103-25J-162-01 | H55: 29103-4"-PE-1603-DAPC0-64H-ET | I55: 29103-XV-1062 | M55: 3656446-022 | N55: LPC-10A-180L-DA | O55: F51+TCC | P55: F316+TCC | Q55: YDFQ25129219 | R55: 4TF9RBPA105N | U55: F005266338 | V55: DVC-6200 AD | W55: V | X55: 900 | Y55: N/A | Z55: N/A | AA55: 4 | AB55: Flanged | AC55: N/A | AD55: N/A | AE55: 0C15284.52 | CE55: EMERSON | CF55: TREX | CG55: 210100082367 | CH55: '2026-07-31 | CJ55: Levy Ostrup
... C57: K1B WELL PAD PROJECT | D57: CA23007 | E57: KINOSIS K1B | F57: PRODUCED EMULSION | G57: 29103-25J-172-01 | H57: 29103-4"-PE-1703-DAPC0-64H-ET | I57: 29103-XV-1072 | M57: 3656446-007 | N57: LPC-10A-180L-DA | O57: F51+TCC | P57: F316+TCC | Q57: YDFQ25129221 | R57: 4TF9RBPA105N | U57: F005266325 | V57: DVC-6200 AD | W57: V | X57: 900 | Y57: N/A | Z57: N/A | AA57: 4 | AB57: Flanged | AC57: N/A | AD57: N/A | AE57: 0C15284.52 | CE57: EMERSON | CF57: TREX | CG57: 210100082367 | CH57: '2026-07-31 | CJ57: Levy Ostrup
C58: K1B WELL PAD PROJECT | D58: CA23007 | E58: KINOSIS K1B | F58: PRODUCED EMULSION | G58: 29103-25J-106-01 | H58: 29103-10"-PE-1802-DAPC0-64H-ET | I58: 29103-XV-1520 | M58: 3656469-001 | N58: LPS-25A-485L-FC4-2 | O58: F51+TCC | P58: F316+TCC | Q58: YDFQ25129207 | R58: 10TF9RBPA105N | U58: F005266356 | V58: DVC-6200 AD | W58: V | X58: 900

Sheet Transmitter Log 100
A1: =HYPERLINK("#Dashboard!A1","<< Dashboard")
A2: Control | B2: Header Info | C2: PART 1 – Project Description | F2: PART 2 – Transmitter Description | V2: PART 3 – Visual Inspection | AH2: PART 4 – Procedure | AV2: PART 5 – Test Equipment | BH2: PART 6 – Test Results | CW2: PART 7 – Remarks | CX2: PART 8 – Inspected/Approved By
A3: Export to PDF (Y/N) | B3: Customer Ref# | C3: Project | D3: Location | E3: Contract # | F3: Tag | G3: Transmitter Type | H3: System Number | I3: Service | J3: P&ID Number | K3: Line Number | L3: Make | M3: Model | N3: Serial Number | O3: Calibration Range | P3: Instrument Range | Q3: Repeatability | R3: Local Display | S3: Signal Type | T3: K-Factor | U3: Scale Factor | V3: 1. Stamped SS instrument tag attached. (Initial/NA) | W3: 2. Stamped SS cable tag attached. (Initial/NA) | X3: 3. Device installed as per P&ID drawings and installation details. (Initial/NA) | Y3: 4. Equipment accessible and easy to maintain. (Initial/NA) | Z3: 5. Verify impulse line(s) are correctly installed. (Initial/NA) | AA3: 6. Manifold/isolation valve(s) conform to data sheets. (Initial/NA) | AB3: 7. Wiring polarity correct and properly labeled. (Initial/NA) | AC3: 8. Tug test terminations. (Initial/NA) | AD3: 9. Perform insulation check on wiring. (Initial/NA) | AE3: 10. Check enclosure labeling. (Initial/NA) | AF3: 11. Check enclosure mounting/orientation. (Initial/NA) | AG3: 12. Check boot and seal(s). (All openings sealed) (Initial/NA) | AH3: 1. Power the transmitter and measure the voltage (VDC) | AI3: 2. Perform leak check procedure. | AJ3: 3. Power enclosure heater and verify operations. | AK3: 4. Power traced tubing bundle(s) and verify operation. | AL3: 5. Disconnect wire (open loop) and verify fault. | AM3: 6. Verify local display(s) operational. | AN3: 7. Ensure process sensing/impulse lines are open. | AO3: 8. Verify signal configuration. | AP3: 9. Ensure manifolds are placed back into service position. | AQ3: 10. Confirm controller action as per loop narrative. | AR3: 11. Graphic display matches with function. | AS3: 12. Construction QA/QC Documents Verified. | AT3: 13. Is loop left energized and ready for service. | AU3: 14. Place "pre-commissioned" tag on instrument. | AV3: Test Equip 1 - Make | AW3: Test Equip 1 - Model | AX3: Test Equip 1 - Serial | AY3: Test Equip 1 - Calibration Date | AZ3: Test Equip 2 - Make | BA3: Test Equip 2 - Model | BB3: Test Equip 2 - Serial | BC3: Test Equip 2 - Calibration Date | BD3: Test Equip 3 - Make | BE3: Test Equip 3 - Model | BF3: Test Equip 3 - Serial | BG3: Test Equip 3 - Calibration Date | BH3: 0% Input Upscale | BI3: 0% Input Downscale | BJ3: 0% Output Upscale | BK3: 0% Output Downscale | BL3: 0% Local Display Upscale | BM3: 0% Local Display Downscale | BN3: 0% DCS Display/Units Upscale | BO3: 0% DCS Display/Units Downscale | BP3: 25% Input Upscale | BQ3: 25% Input Downscale | BR3: 25% Output Upscale | BS3: 25% Output Downscale | BT3: 25% Local Display Upscale | BU3: 25% Local Display Downscale | BV3: 25% DCS Display/Units Upscale | BW3: 25% DCS Display/Units Downscale | BX3: 50% Input Upscale | BY3: 50% Input Downscale | BZ3: 50% Output Upscale | CA3: 50% Output Downscale | CB3: 50% Local Display Upscale | CC3: 50% Local Display Downscale | CD3: 50% DCS Display/Units Upscale | CE3: 50% DCS Display/Units Downscale | CF3: 75% Input Upscale | CG3: 75% Input Downscale | CH3: 75% Output Upscale | CI3: 75% Output Downscale | CJ3: 75% Local Display Upscale | CK3: 75% Local Display Downscale | CL3: 75% DCS Display/Units Upscale | CM3: 75% DCS Display/Units Downscale | CN3: 100% Input Upscale | CO3: 100% Input Downscale | CP3: 100% Output Upscale | CQ3: 100% Output Downscale | CR3: 100% Local Display Upscale | CS3: 100% Local Display Downscale | CT3: 100% DCS Display/Units Upscale | CU3: 100% DCS Display/Units Downscale | CV3: System Results | CW3: Remarks | CX3: Yanda QA Representative - Name | CY3: Yanda QA Representative - Date | CZ3: Yanda QA Representative - Signature | DA3: Client Representative - Name | DB3: Client Representative - Date | DC3: Client Representative - Signature
A4: N | C4: K1B WELL PAD PROJECT | D4: KINOSIS K1B | E4: CA23007 | F4: 29103-PIT-1014 | G4: Pressure Transmitter | H4: PRODUCED EMULSION | I4: PAD A P01 PRODUCED EMULSION PRES | J4: 29103-25J-112-01 | K4: 29103-4"-PE-1101-DAPC0-64H-ET | L4: ROSEMOUNT | M4: 3051T | N4: 26SIPG3884781 | O4: 0 - 6000 kPa-g | P4: -101 - 27580 kPa-g | Q4: N/A | R4: Yes | S4: 4-20 mA w/ HART | T4: N/A | U4: N/A | V4: LO | W4: LO | X4: LO | Y4: LO | Z4: N/A | AA4: LO | AB4: LO | AC4: LO | AD4: N/A | AE4: LO | AF4: LO | AG4: LO | AH4: 24.1 | AI4: Pass | AJ4: Pass | AK4: Pass | AL4: Pass | AM4: Pass | AN4: Pass | AO4: Pass | AP4: Pass | AQ4: Pass | AR4: Pass | AS4: Pass | AT4: Pass | AU4: Pass | CV4: Pass | CW4: Example row - for reference only. Delete or overwrite before logging real data. | CX4: L. Olsen | CY4: '2026-08-01
C5: K1B WELL PAD PROJECT | D5: KINOSIS K1B | E5: CA23007 | F5: 29103-FIT-1011 | G5: Vortex Flow Meter | H5: STEAM | I5: PAD A S01 HP STM TO INJC WELL TOE FLOW CTRL | J5: 29103-25J-112-01 | K5: 29103-4"-ST-1100-DASSBO-64H | L5: ROSEMOUNT | M5: 8800DF010SA8N1D1K6M5Q5Q8Q66Q71Q77 | N5: 13949848 | O5: 0-15,000 kg/h | P5: 765-38273 kg/h | Q5: N/A | R5: Yes | S5: 4-20 mA w/ HART | T5: 10.754 | U5: N/A | V5: LO | W5: LO | X5: LO | Y5: LO | Z5: N/A | AA5: N/A | AB5: LO | AC5: LO | AD5: N/A | AE5: LO | AF5: LO | AG5: LO | AH5: 23.8 | AI5: Pass | AJ5: N/A | AK5: N/A | AL5: Pass | AM5: Pass | AN5: N/A | AO5: Pass | AP5: N/A | AQ5: N/A | AR5: Pass | AS5: Pass | AT5: N/A | AU5: N/A | AV5: EMERSON | AW5: TREX | AX5: 210100082367 | AY5: '2026-07-31 | CX5: Levy Ostrup | CY5: '2026-08-01
C6: K1B WELL PAD PROJECT | D6: KINOSIS K1B | E6: CA23007 | F6: 29103-FIT-1012 | G6: Vortex Flow Meter | H6: STEAM | I6: PAD A S01 HP STM TO INJC WELL HEEL FLOW CTRL | J6: 29103-25J-111-01 | K6: 29103-3"-ST-1101-DASBO-64H | L6: ROSEMOUNT | M6: 8800DF010SA8N1D1K6M5Q5Q8Q66Q71Q77 | N6: 13948492 | O6: 0-15,000 kg/h | P6: 765-38273 kg/h | Q6: N/A | R6: Yes | S6: 4-20 mA w/ HART | T6: 10.614 | U6: N/A | V6: LO | W6: LO | X6: LO | Y6: LO | Z6: N/A | AA6: N/A | AB6: LO | AC6: LO | AD6: N/A | AE6: LO | AF6: LO | AG6: LO | AH6: 23.8 | AI6: Pass | AJ6: N/A | AK6: N/A | AL6: Pass | AM6: Pass | AN6: N/A | AO6: Pass | AP6: N/A | AQ6: N/A | AR6: Pass | AS6: Pass | AT6: N/A | AU6: N/A | AV6: EMERSON | AW6: TREX | AX6: 210100082367 | AY6: '2026-07-31 | CX6: Levy Ostrup | CY6: '2026-08-01
C7: K1B WELL PAD PROJECT | D7: KINOSIS K1B | E7: CA23007 | F7: 29103-FIT-1021 | G7: Vortex Flow Meter | H7: STEAM | I7: PAD A S02 HP STM TO INJC WELL TOE FLOW CTRL | J7: 29103-25J-121-01 | K7: 29103-4"-ST-1200-DASSBO-64H | L7: ROSEMOUNT | M7: 8800DF010SA8N1D1K6M5Q5Q8Q66Q71Q77 | N7: 13939849 | O7: 0-15,000 kg/h | P7: 765-38273 kg/h | Q7: N/A | R7: Yes | S7: 4-20 mA w/ HART | T7: 10.646 | U7: N/A | V7: LO | W7: LO | X7: LO | Y7: LO | Z7: N/A | AA7: N/A | AB7: LO | AC7: LO | AD7: N/A | AE7: LO | AF7: LO | AG7: LO | AH7: 23.5 | AI7: Pass | AJ7: N/A | AK7: N/A | AL7: Pass | AM7: Pass | AN7: N/A | AO7: Pass | AP7: N/A | AQ7: N/A | AR7: Pass | AS7: Pass | AT7: N/A | AU7: N/A | AV7: EMERSON | AW7: TREX | AX7: 210100082367 | AY7: '2026-07-31 | CX7: Levy Ostrup | CY7: '2026-08-22
C8: K1B WELL PAD PROJECT | D8: KINOSIS K1B | E8: CA23007 | F8: 29103-FIT-1022 | G8: Vortex Flow Meter | H8: STEAM | I8: PAD A S02 HP STM TO INJC WELL HEEL FLOW CTRL | J8: 29103-25J-121-01 | K8: 29103-3"-ST-1201-DASBO-64H | L8: ROSEMOUNT | M8: 8800DF010SA8N1D1K6M5Q5Q8Q66Q71Q77 | N8: 13949011 | O8: 0-15,000 kg/h | P8: 765-38273 kg/h | Q8: N/A | R8: Yes | S8: 4-20 mA w/ HART | T8: 10.491 | U8: N/A | V8: LO | W8: LO | X8: LO | Y8: LO | Z8: N/A | AA8: N/A | AB8: LO | AC8: LO | AD8: N/A | AE8: LO | AF8: LO | AG8: LO | AH8: 23.8 | AI8: Pass | AJ8: N/A | AK8: N/A | AL8: Pass | AM8: Pass | AN8: N/A | AO8: Pass | AP8: N/A | AQ8: N/A | AR8: Pass | AS8: N/A | AT8: N/A | AU8: N/A | AV8: EMERSON | AW8: TREX | AX8: 210100082367 | AY8: '2026-07-31 | CX8: Levy Ostrup | CY8: '2026-08-01
C9: K1B WELL PAD PROJECT | D9: KINOSIS K1B | E9: CA23007 | F9: 29103-FIT-1031 | G9: Vortex Flow Meter | H9: STEAM | I9: PAD A S03 HP STM TO INJC WELL TOE FLOW CTRL | J9: 29103-25J-131-01 | K9: 29103-4"-ST-1300-DASSBO-64H | L9: ROSEMOUNT | M9: 8800DF010SA8N1D1K6M5Q5Q8Q66Q71Q77 | N9: 13949012 | O9: 0-15,000 kg/h | P9: 765-38273 kg/h | Q9: N/A | R9: Yes | S9: 4-20 mA w/ HART | T9: 10.67 | U9: N/A | V9: LO | W9: LO | X9: LO | Y9: LO | Z9: N/A | AA9: N/A | AB9: LO | AC9: LO | AD9: N/A | AE9: LO | AF9: LO | AG9: LO | AH9: 23.5 | AI9: Pass | AJ9: N/A | AK9: N/A | AL9: Pass | AM9: Pass | AN9: N/A | AO9: Pass | AP9: N/A | AQ9: N/A | AR9: Pass | AS9: Pass | AT9: N/A | AU9: N/A | AV9: EMERSON | AW9: TREX | AX9: 210100082367 | AY9: '2026-07-31 | CX9: Levy Ostrup | CY9: '2026-08-01
C10: K1B WELL PAD PROJECT | D10: KINOSIS K1B | E10: CA23007 | F10: 29103-FIT-1032 | G10: Vortex Flow Meter | H10: STEAM | I10: PAD A S03 HP STM TO INJC WELL HEEL FLOW CTRL | J10: 29103-25J-131-01 | K10: 29103-3"-ST-1301-DASBO-64H | L10: ROSEMOUNT | M10: 8800DF010SA8N1D1K6M5Q5Q8Q66Q71Q77 | N10: 13950338 | O10: 0-15,000 kg/h | P10: 765-38273 kg/h | Q10: N/A | R10: Yes | S10: 4-20 mA w/ HART | T10: 10.429 | U10: N/A | V10: LO | W10: LO | X10: LO | Y10: LO | Z10: N/A | AA10: N/A | AB10: LO | AC10: LO | AD10: N/A | AE10: LO | AF10: LO | AG10: LO | AH10: 23.8 | AI10: Pass | AJ10: N/A | AK10: N/A | AL10: Pass | AM10: Pass | AN10: N/A | AO10: Pass | AP10: N/A | AQ10: N/A | AR10: Pass | AS10: Pass | AT10: N/A | AU10: N/A | AV10: EMERSON | AW10: TREX | AX10: 210100082367 | AY10: '2026-07-31 | CX10: Levy Ostrup | CY10: '2026-08-01
C11: K1B WELL PAD PROJECT | D11: KINOSIS K1B | E11: CA23007 | F11: 29103-FIT-1041 | G11: Vortex Flow Meter | H11: STEAM | I11: PAD A S04 HP STM TO INJC WELL TOE FLOW CTRL | J11: 29103-25J-141-01 | K11: 29103-4"-ST-1400-DASSBO-64H | L11: ROSEMOUNT | M11: 8800DF010SA8N1D1K6M5Q5Q8Q66Q71Q77 | N11: 13950856 | O11: 0-15,000 kg/h | P11: 765-38273 kg/h | Q11: N/A | R11: Yes | S11: 4-20 mA w/ HART | T11: 10.681 | U11: N/A | V11: LO | W11: LO | X11: LO | Y11: LO | Z11: N/A | AA11: N/A | AB11: LO | AC11: LO | AD11: N/A | AE11: LO | AF11: LO | AG11: LO | AH11: 23.4 | AI11: Pass | AJ11: N/A | AK11: N/A | AL11: Pass | AM11: Pass | AN11: N/A | AO11: Pass | AP11: N/A | AQ11: N/A | AR11: Pass | AS11: Pass | AT11: N/A | AU11: N/A | AV11: EMERSON | AW11: TREX | AX11: 210100082367 | AY11: '2026-07-31 | CX11: Levy Ostrup | CY11: '2026-08-01
C12: K1B WELL PAD PROJECT | D12: KINOSIS K1B | E12: CA23007 | F12: 29103-FIT-1042 | G12: Vortex Flow Meter | H12: STEAM | I12: PAD A S04 HP STM TO INJC WELL HEEL FLOW CTRL | J12: 29103-25J-141-01 | K12: 29103-3"-ST-1401-DASBO-64H | L12: ROSEMOUNT | M12: 8800DF010SA8N1D1K6M5Q5Q8Q66Q71Q77 | N12: 13950339 | O12: 0-15,000 kg/h | P12: 765-38273 kg/h | Q12: N/A | R12: Yes | S12: 4-20 mA w/ HART | T12: 10.484 | U12: N/A | V12: LO | W12: LO | X12: LO | Y12: LO | Z12: N/A | AA12: N/A | AB12: LO | AC12: LO | AD12: N/A | AE12: LO | AF12: LO | AG12: LO | AH12: 23.3 | AI12: Pass | AJ12: N/A | AK12: N/A | AL12: Pass | AM12: Pass | AN12: N/A | AO12: Pass | AP12: N/A | AQ12: N/A | AR12: Pass | AS12: Pass | AT12: N/A | AU12: N/A | AV12: EMERSON | AW12: TREX | AX12: 210100082367 | AY12: '2026-07-31 | CX12: Levy Ostrup | CY12: '2026-08-01
C13: K1B WELL PAD PROJECT | D13: KINOSIS K1B | E13: CA23007 | F13: 29103-FIT-1051 | G13: Vortex Flow Meter | H13: STEAM | I13: PAD A S05 HP STM TO INJC WELL TOE FLOW CTRL | J13: 29103-25J-151-01 | K13: 29103-4"-ST-1500-DASSBO-64H | L13: ROSEMOUNT | M13: 8800DF010SA8N1D1K6M5Q5Q8Q66Q71Q77 | N13: 13950845 | O13: 0-15,000 kg/h | P13: 765-38273 kg/h | Q13: N/A | R13: Yes | S13: 4-20 mA w/ HART | T13: 10.76 | U13: N/A | V13: LO | W13: LO | X13: LO | Y13: LO | Z13: N/A | AA13: N/A | AB13: LO | AC13: LO | AD13: N/A | AE13: LO | AF13: LO | AG13: LO | AH13: 23.8 | AI13: Pass | AJ13: N/A | AK13: N/A | AL13: Pass | AM13: Pass | AN13: N/A | AO13: Pass | AP13: N/A | AQ13: N/A | AR13: Pass | AS13: Pass | AT13: N/A | AU13: N/A | AV13: EMERSON | AW13: TREX | AX13: 210100082367 | AY13: '2026-07-31 | CX13: Levy Ostrup | CY13: '2026-08-01
C14: K1B WELL PAD PROJECT | D14: KINOSIS K1B | E14: CA23007 | F14: 29103-FIT-1052 | G14: Vortex Flow Meter | H14: STEAM | I14: PAD A S05 HP STM TO INJC WELL HEEL FLOW CTRL | J14: 29103-25J-151-01 | K14: 29103-3"-ST-1501-DASBO-64H | L14: ROSEMOUNT | M14: 8800DF010SA8N1D1K6M5Q5Q8Q66Q71Q77 | N14: 13951880 | O14: 0-15,000 kg/h | P14: 765-38273 kg/h | Q14: N/A | R14: Yes | S14: 4-20 mA w/ HART | T14: 10.388 | U14: N/A | V14: LO | W14: LO | X14: LO | Y14: LO | Z14: N/A | AA14: N/A | AB14: LO | AC14: LO | AD14: N/A | AE14: LO | AF14: LO | AG14: LO | AH14: 23.8 | AI14: Pass | AJ14: N/A | AK14: N/A | AL14: Pass | AM14: Pass | AN14: N/A | AO14: Pass | AP14: N/A | AQ14: N/A | AR14: Pass | AS14: Pass | AT14: N/A | AU14: N/A | AV14: EMERSON | AW14: TREX | AX14: 210100082367 | AY14: '2026-07-31 | CX14: Levy Ostrup | CY14: '2026-08-01
C15: K1B WELL PAD PROJECT | D15: KINOSIS K1B | E15: CA23007 | F15: 29103-FIT-1061 | G15: Vortex Flow Meter | H15: STEAM | I15: PAD A S06 HP STM TO INJC WELL TOE FLOW CTRL | J15: 29103-25J-161-01 | K15: 29103-4"-ST-1600-DASSBO-64H | L15: ROSEMOUNT | M15: 8800DF010SA8N1D1K6M5Q5Q8Q66Q71Q77 | N15: 13951881 | O15: 0-15,000 kg/h | P15: 765-38273 kg/h | Q15: N/A | R15: Yes | S15: 4-20 mA w/ HART | T15: 10.694 | U15: N/A | V15: LO | W15: LO | X15: LO | Y15: LO | Z15: N/A | AA15: N/A | AB15: LO | AC15: LO | AD15: N/A | AE15: LO | AF15: LO | AG15: LO | AH15: 23.8 | AI15: Pass | AJ15: N/A | AK15: N/A | AL15: Pass | AM15: Pass | AN15: N/A | AO15: Pass | AP15: N/A | AQ15: N/A | AR15: Pass | AS15: Pass | AT15: N/A | AU15: N/A | AV15: EMERSON | AW15: TREX | AX15: 210100082367 | AY15: '2026-07-31 | CX15: Levy Ostrup | CY15: '2026-08-01
C16: K1B WELL PAD PROJECT | D16: KINOSIS K1B | E16: CA23007 | F16: 29103-FIT-1062 | G16: Vortex Flow Meter | H16: STEAM | I16: PAD A S06 HP STM TO INJC WELL HEEL FLOW CTRL | J16: 29103-25J-161-01 | K16: 29103-3"-ST-1601-DASBO-64H | L16: ROSEMOUNT | M16: 8800DF010SA8N1D1K6M5Q5Q8Q66Q71Q77 | N16: 13950340 | O16: 0-15,000 kg/h | P16: 765-38273 kg/h | Q16: N/A | R16: Yes | S16: 4-20 mA w/ HART | T16: 10.661 | U16: N/A | V16: LO | W16: LO | X16: LO | Y16: LO | Z16: N/A | AA16: N/A | AB16: LO | AC16: LO | AD16: N/A | AE16: LO | AF16: LO | AG16: LO | AH16: 23.5 | AI16: Pass | AJ16: N/A | AK16: N/A | AL16: Pass | AM16: Pass | AN16: N/A | AO16: Pass | AP16: N/A | AQ16: N/A | AR16: Pass | AS16: Pass | AT16: N/A | AU16: N/A | AV16: EMERSON | AW16: TREX | AX16: 210100082367 | AY16: '2026-07-31 | CX16: Levy Ostrup | CY16: '2026-08-01
C17: K1B WELL PAD PROJECT | D17: KINOSIS K1B | E17: CA23007 | F17: 29103-FIT-1071 | G17: Vortex Flow Meter | H17: STEAM | I17: PAD A S07 HP STM TO INJC WELL TOE FLOW CTRL | J17: 29103-25J-171-01 | K17: 29103-4"-ST-1700-DASSBO-64H | L17: ROSEMOUNT | M17: 8800DF010SA8N1D1K6M5Q5Q8Q66Q71Q77 | N17: 13950858 | O17: 0-15,000 kg/h | P17: 765-38273 kg/h | Q17: N/A | R17: Yes | S17: 4-20 mA w/ HART | T17: N/A | U17: N/A | V17: LO | W17: LO | X17: LO | Y17: LO | Z17: N/A | AA17: N/A | AB17: LO | AC17: LO | AD17: N/A | AE17: LO | AF17: LO | AG17: LO | AH17: 23.5 | AI17: Pass | AJ17: N/A | AK17: N/A | AL17: Pass | AM17: Pass | AN17: N/A | AO17: Pass | AP17: N/A | AQ17: N/A | AR17: Pass | AS17: Pass | AT17: N/A | AU17: N/A | AV17: EMERSON | AW17: TREX | AX17: 210100082367 | AY17: '2026-07-31 | CX17: Levy Ostrup | CY17: '2026-08-01
C18: K1B WELL PAD PROJECT | D18: KINOSIS K1B | E18: CA23007 | F18: 29103-FIT-1072 | G18: Vortex Flow Meter | H18: STEAM | I18: PAD A S07 HP STM TO INJC WELL HEEL FLOW CTRL | J18: 29103-25J-171-01 | K18: 29103-3"-ST-1701-DASBO-64H | L18: ROSEMOUNT | M18: 8800DF010SA8N1D1K6M5Q5Q8Q66Q71Q77 | N18: 13951882 | O18: 0-15,000 kg/h | P18: 765-38273 kg/h | Q18: N/A | R18: Yes | S18: 4-20 mA w/ HART | T18: 10.743 | U18: N/A | V18: LO | W18: LO | X18: LO | Y18: LO | Z18: N/A | AA18: N/A | AB18: LO | AC18: LO | AD18: N/A | AE18: LO | AF18: LO | AG18: LO | AH18: 23.8 | AI18: Pass | AJ18: N/A | AK18: N/A | AL18: Pass | AM18: Pass | AN18: N/A | AO18: Pass | AP18: N/A | AQ18: N/A | AR18: Pass | AS18: Pass | AT18: N/A | AU18: N/A | AV18: EMERSON | AW18: TREX | AX18: 210100082367 | AY18: '2026-07-31 | CX18: Levy Ostrup | CY18: '2026-08-01
C19: K1B WELL PAD PROJECT | D19: KINOSIS K1B | E19: CA23007 | F19: 29103-PIT-1200 | G19: Pressure Transmitter | H19: STEAM | I19: PAD A HP STEAM TO WELL PAD | J19: 29103-25J-106-01 | K19: 29103-16"-ST-1802-DASB0-90H | L19: ROSEMOUNT | M19: 3051T | N19: 26SIPG3884732 | O19: 0 - 10000 kPa-g | P19: -101 - 27580 kPa-g | Q19: N/A | R19: YES | S19: 4-20 mA w/ HART | T19: N/A | U19: N/A | V19: LO | W19: LO | X19: LO | Y19: LO | Z19: N/A | AA19: LO | AB19: LO | AC19: LO | AD19: N/A | AE19: LO | AF19: LO | AG19: LO | AH19: 23.4 | AI19: Pass | AJ19: N/A | AK19: N/A | AL19: Pass | AM19: Pass | AN19: N/A | AO19: Pass | AP19: N/A | AQ19: N/A | AR19: Pass | AS19: Pass | AT19: N/A | AU19: N/A | AV19: CRYSTAL ENGINEERING | AW19: IS33-36/5000 PSI | AX19: 4530-525617 | AY19: '2026-07-02 | AZ19: EMERSON | BA19: TREX | BB19: 210100082367 | BC19: '2026-07-31 | CX19: Levy Ostrup | CY19: '2026-08-01
C20: K1B WELL PAD PROJECT | D20: KINOSIS K1B | E20: CA23007 | F20: 29103-PIT-1201 | G20: Pressure Transmitter | H20: STEAM | I20: PAD A HP STEAM TO WELL PAD | J20: 29103-25J-106-01 | K20: 29103-16"-ST-1802-DASB0-90H | L20: ROSEMOUNT | M20: 3051T | N20: 26SIPG3884728 | O20: 0 - 10000 kPa-g | P20: -101 - 27580 kPa-g | Q20: N/A | R20: YES | S20: 4-20 mA w/ HART | T20: N/A | U20: N/A | V20: LO | W20: LO | X20: LO | Y20: LO | Z20: N/A | AA20: LO | AB20: LO | AC20: LO | AD20: N/A | AE20: LO | AF20: LO | AG20: LO | AH20: 23.4 | AI20: Pass | AJ20: N/A | AK20: N/A | AL20: Pass | AM20: Pass | AN20: N/A | AO20: Pass | AP20: N/A | AQ20: N/A | AR20: Pass | AS20: Pass | AT20: N/A | AU20: N/A | AV20: CRYSTAL ENGINEERING | AW20: IS33-36/5000 PSI | AX20: 4530-525617 | AY20: '2026-07-02 | AZ20: EMERSON | BA20: TREX | BB20: 210100082367 | BC20: '2026-07-31 | CX20: Levy Ostrup | CY20: '2026-08-01
C21: K1B WELL PAD PROJECT | D21: KINOSIS K1B | E21: CA23007 | F21: 29103-PIT-1202 | G21: Pressure Transmitter | H21: STEAM | I21: PAD A HP STEAM FROM FLOWLINE | J21: 29103-25J-106-01 | K21: 29103-16"-ST-1802-DASB0-90H | L21: ROSEMOUNT | M21: 3051T | N21: 26SIPG3884727 | O21: 0 - 10000 kPa-g | P21: -101 - 27580 kPa-g | Q21: N/A | R21: YES | S21: 4-20 mA w/ HART | T21: N/A | U21: N/A | V21: LO | W21: LO | X21: LO | Y21: LO | Z21: N/A | AA21: LO | AB21: LO | AC21: LO | AD21: N/A | AE21: LO | AF21: LO | AG21: LO | AH21: 23.4 | AI21: Pass | AJ21: N/A | AK21: N/A | AL21: Pass | AM21: Pass | AN21: N/A | AO21: Pass | AP21: N/A | AQ21: N/A | AR21: Pass | AS21: Pass | AT21: N/A | AU21: N/A | AV21: CRYSTAL ENGINEERING | AW21: IS33-36/5000 PSI | AX21: 4530-525617 | AY21: '2026-07-02 | AZ21: EMERSON | BA21: TREX | BB21: 210100082367 | BC21: '2026-07-31 | CX21: Levy Ostrup | CY21: '2026-08-01
C22: K1B WELL PAD PROJECT | D22: KINOSIS K1B | E22: CA23007 | F22: 29103-TIT-1100 | G22: Pressure Transmitter | H22: STEAM | I22: PAD A HP STEAM FROM FLOWLINE | J22: 29103-25J-106-01 | K22: 29103-16"-ST-1800-DASB0-90H | L22: ROSEMOUNT | M22: 3144P | N22: 26SITC3660170 | O22: -50 - 400ºC | P22: -200 - 600ºC | Q22: N/A | R22: YES | S22: 4-20 mA w/ HART | T22: N/A | U22: N/A | V22: LO | W22: LO | X22: LO | Y22: LO | Z22: N/A | AA22: N/A | AB22: LO | AC22: LO | AD22: N/A | AE22: LO | AF22: LO | AG22: LO | AH22: 23.7 | AI22: Pass | AJ22: N/A | AK22: N/A | AL22: Pass | AM22: Pass | AN22: N/A | AO22: Pass | AP22: N/A | AQ22: N/A | AR22: Pass | AS22: Pass | AT22: N/A | AU22: N/A | AV22: EMERSON | AW22: TREX | AX22: 210100082367 | AY22: '2026-07-31 | CX22: Levy Ostrup | CY22: '2026-08-01
C23: K1B WELL PAD PROJECT | D23: KINOSIS K1B | E23: CA23007 | F23: 29103-PIT-1011 | G23: Pressure Transmitter | H23: STEAM | I23: PAD A S01 HP STM TO INJC WELL TOE | J23: 29103-25J-111-01 | K23: 29103-6"-ST-1102-DASB0-64H | L23: ROSEMOUNT | M23: 3051T | N23: 26SIPG3884776 | O23: 0 - 8000 kPa-g | P23: -101 to 27580 kPa-g | Q23: N/A | R23: YES | S23: 4-20 mA w/ HART | T23: N/A | U23: N/A | V23: LO | W23: LO | X23: LO | Y23: LO | Z23: N/A | AA23: LO | AB23: LO | AC23: LO | AD23: N/A | AE23: LO | AF23: LO | AG23: LO | AH23: 23.4 | AI23: Pass | AJ23: N/A | AK23: N/A | AL23: Pass | AM23: Pass | AN23: N/A | AO23: Pass | AP23: N/A | AQ23: N/A | AR23: Pass | AS23: Pass | AT23: N/A | AU23: N/A | AV23: CRYSTAL ENGINEERING | AW23: IS33-36/5000 PSI | AX23: 4530-525617 | AY23: '2026-07-02 | AZ23: EMERSON | BA23: TREX | BB23: 210100082367 | BC23: '2026-07-31 | CX23: Levy Ostrup | CY23: '2026-08-01
C24: K1B WELL PAD PROJECT | D24: KINOSIS K1B | E24: CA23007 | F24: 29103-PIT-1012 | G24: Pressure Transmitter | H24: STEAM | I24: PAD A S01 HP STM TO INJC WELL HEEL | J24: 29103-25J-111-01 | K24: 29103-4"-ST-1103-DASB0-64H-ET | L24: ROSEMOUNT | M24: 3051T | N24: 26SIPG3884782 | O24: 0 - 8000 kPa-g | P24: -101 - 27580 kPa-g | Q24: N/A | R24: YES | S24: 4-20 mA w/ HART | T24: N/A | U24: N/A | V24: LO | W24: LO | X24: LO | Y24: LO | Z24: N/A | AA24: LO | AB24: LO | AC24: LO | AD24: N/A | AE24: LO | AF24: LO | AG24: LO | AH24: 23.4 | AI24: Pass | AJ24: N/A | AK24: N/A | AL24: Pass | AM24: Pass | AN24: N/A | AO24: Pass | AP24: N/A | AQ24: N/A | AR24: Pass | AS24: Pass | AT24: N/A | AU24: N/A | AV24: CRYSTAL ENGINEERING | AW24: IS33-36/5000 PSI | AX24: 4530-525617 | AY24: '2026-07-02 | AZ24: EMERSON | BA24: TREX | BB24: 210100082367 | BC24: '2026-07-31 | CX24: Levy Ostrup | CY24: '2026-08-01
C25: K1B WELL PAD PROJECT | D25: KINOSIS K1B | E25: CA23007 | F25: 29103-PIT-1021 | G25: Pressure Transmitter | H25: STEAM | I25: PAD A S02 HP STM TO INJC WELL TOE | J25: 29103-25J-121-01 | K25: 29103-6"-ST-1202-DASB0-64H | L25: ROSEMOUNT | M25: 3051T | N25: 26SIPG3884778 | O25: 0 - 8000 kPa-g | P25: -101 - 27580 kPa-g | Q25: N/A | R25: YES | S25: 4-20 mA w/ HART | T25: N/A | U25: N/A | V25: LO | W25: LO | X25: LO | Y25: LO | Z25: N/A | AA25: LO | AB25: LO | AC25: LO | AD25: N/A | AE25: LO | AF25: LO | AG25: LO | AH25: 23.4 | AI25: Pass | AJ25: N/A | AK25: N/A | AL25: Pass | AM25: Pass | AN25: N/A | AO25: Pass | AP25: N/A | AQ25: N/A | AR25: Pass | AS25: Pass | AT25: N/A | AU25: N/A | AV25: CRYSTAL ENGINEERING | AW25: IS33-36/5000 PSI | AX25: 4530-525617 | AY25: '2026-07-02 | AZ25: EMERSON | BA25: TREX | BB25: 210100082367 | BC25: '2026-07-31 | CX25: Levy Ostrup | CY25: '2026-08-01
C26: K1B WELL PAD PROJECT | D26: KINOSIS K1B | E26: CA23007 | F26: 29103-PIT-1022 | G26: Pressure Transmitter | H26: STEAM | I26: PAD A S02 HP STM TO INJC WELL HEEL | J26: 29103-25J-121-01 | K26: 29103-4"-ST-1203-DASB0-64H-ET | L26: ROSEMOUNT | M26: 3051T | N26: 26SIPG3884777 | O26: 0 - 8000 kPa-g | P26: -101 - 27580 kPa-g | Q26: N/A | R26: YES | S26: 4-20 mA w/ HART | T26: N/A | U26: N/A | V26: LO | W26: LO | X26: LO | Y26: LO | Z26: N/A | AA26: LO | AB26: LO | AC26: LO | AD26: N/A | AE26: LO | AF26: LO | AG26: LO | AH26: 23.4 | AI26: Pass | AJ26: N/A | AK26: N/A | AL26: Pass | AM26: Pass | AN26: N/A | AO26: Pass | AP26: N/A | AQ26: N/A | AR26: Pass | AS26: Pass | AT26: N/A | AU26: N/A | AV26: CRYSTAL ENGINEERING | AW26: IS33-36/5000 PSI | AX26: 4530-525617 | AY26: '2026-07-02 | AZ26: EMERSON | BA26: TREX | BB26: 210100082367 | BC26: '2026-07-31 | CX26: Levy Ostrup | CY26: '2026-08-01
C27: K1B WELL PAD PROJECT | D27: KINOSIS K1B | E27: CA23007 | F27: 29103-PIT-1031 | G27: Pressure Transmitter | H27: STEAM | I27: PAD A S03 HP STM TO INJC WELL TOE | J27: 29103-25J-131-01 | K27: 29103-6"-ST-1302-DASB0-64H | L27: ROSEMOUNT | M27: 3051T | N27: 26SIPG3885068 | O27: 0 - 8000 kPa-g | P27: -101 - 27580 kPa-g | Q27: N/A | R27: YES | S27: 4-20 mA w/ HART | T27: N/A | U27: N/A | V27: LO | W27: LO | X27: LO | Y27: LO | Z27: N/A | AA27: LO | AB27: LO | AC27: LO | AD27: N/A | AE27: LO | AF27: LO | AG27: LO | AH27: 23.4 | AI27: Pass | AJ27: N/A | AK27: N/A | AL27: Pass | AM27: Pass | AN27: N/A | AO27: Pass | AP27: N/A | AQ27: N/A | AR27: Pass | AS27: Pass | AT27: N/A | AU27: N/A | AV27: CRYSTAL ENGINEERING | AW27: IS33-36/5000 PSI | AX27: 4530-525617 | AY27: '2026-07-02 | AZ27: EMERSON | BA27: TREX | BB27: 210100082367 | BC27: '2026-07-31 | CX27: Levy Ostrup | CY27: '2026-08-01
C28: K1B WELL PAD PROJECT | D28: KINOSIS K1B | E28: CA23007 | F28: 29103-PIT-1032 | G28: Pressure Transmitter | H28: STEAM | I28: PAD A S03 HP STM TO INJC WELL HEEL | J28: 29103-25J-131-01 | K28: 29103-4"-ST-1303-DASB0-64H-ET | L28: ROSEMOUNT | M28: 3051T | N28: 26SIPG3885067 | O28: 0 - 8000 kPa-g | P28: -101 - 27580 kPa-g | Q28: N/A | R28: YES | S28: 4-20 mA w/ HART | T28: N/A | U28: N/A | V28: LO | W28: LO | X28: LO | Y28: LO | Z28: N/A | AA28: LO | AB28: LO | AC28: LO | AD28: N/A | AE28: LO | AF28: LO | AG28: LO | AH28: 23.4 | AI28: Pass | AJ28: N/A | AK28: N/A | AL28: Pass | AM28: Pass | AN28: N/A | AO28: Pass | AP28: N/A | AQ28: N/A | AR28: Pass | AS28: Pass | AT28: N/A | AU28: N/A | AV28: CRYSTAL ENGINEERING | AW28: IS33-36/5000 PSI | AX28: 4530-525617 | AY28: '2026-07-02 | AZ28: EMERSON | BA28: TREX | BB28: 210100082367 | BC28: '2026-07-31 | CX28: Levy Ostrup | CY28: '2026-08-01
C29: K1B WELL PAD PROJECT | D29: KINOSIS K1B | E29: CA23007 | F29: 29103-PIT-1041 | G29: Pressure Transmitter | H29: STEAM | I29: PAD A S04 HP STM TO INJC WELL TOE | J29: 29103-25J-141-01 | K29: 29103-6"-ST-1402-DASB0-64H | L29: ROSEMOUNT | M29: 3051T | N29: 26SIPG3884596 | O29: 0 - 8000 kPa-g | P29: -101 - 27580 kPa-g | Q29: N/A | R29: YES | S29: 4-20 mA w/ HART | T29: N/A | U29: N/A | V29: LO | W29: LO | X29: LO | Y29: LO | Z29: N/A | AA29: LO | AB29: LO | AC29: LO | AD29: N/A | AE29: LO | AF29: LO | AG29: LO | AH29: 23.4 | AI29: Pass | AJ29: N/A | AK29: N/A | AL29: Pass | AM29: Pass | AN29: N/A | AO29: Pass | AP29: N/A | AQ29: N/A | AR29: Pass | AS29: Pass | AT29: N/A | AU29: N/A | AV29: CRYSTAL ENGINEERING | AW29: IS33-36/5000 PSI | AX29: 4530-525617 | AY29: '2026-07-02 | AZ29: EMERSON | BA29: TREX | BB29: 210100082367 | BC29: '2026-07-31 | CX29: Levy Ostrup | CY29: '2026-08-01
C30: K1B WELL PAD PROJECT | D30: KINOSIS K1B | E30: CA23007 | F30: 29103-PIT-1042 | G30: Pressure Transmitter | H30: STEAM | I30: PAD A S04 HP STM TO INJC WELL HEEL | J30: 29103-25J-141-01 | K30: 29103-6"-ST-1402-DASB0-64H | L30: ROSEMOUNT | M30: 3051T | N30: 26SIPG3884595 | O30: 0 - 8000 kPa-g | P30: -101 - 27580 kPa-g | Q30: N/A | R30: YES | S30: 4-20 mA w/ HART | T30: N/A | U30: N/A | V30: LO | W30: LO | X30: LO | Y30: LO | Z30: N/A | AA30: LO | AB30: LO | AC30: LO | AD30: N/A | AE30: LO | AF30: LO | AG30: LO | AH30: 23.4 | AI30: Pass | AJ30: N/A | AK30: N/A | AL30: Pass | AM30: Pass | AN30: N/A | AO30: Pass | AP30: N/A | AQ30: N/A | AR30: Pass | AS30: Pass | AT30: N/A | AU30: N/A | AV30: CRYSTAL ENGINEERING | AW30: IS33-36/5000 PSI | AX30: 4530-525617 | AY30: '2026-07-02 | AZ30: EMERSON | BA30: TREX | BB30: 210100082367 | BC30: '2026-07-31 | CX30: Levy Ostrup | CY30: '2026-08-01
C31: K1B WELL PAD PROJECT | D31: KINOSIS K1B | E31: CA23007 | F31: 29103-PIT-1051 | G31: Pressure Transmitter | H31: STEAM | I31: PAD A S05 HP STM TO INJC WELL TOE | J31: 29103-25J-151-01 | K31: 29103-6"-ST-1502-DASB0-64H | L31: ROSEMOUNT | M31: 3051T | N31: 26SIPG3884752 | O31: 0 - 8000 kPa-g | P31: -101 - 27580 kPa-g | Q31: N/A | R31: YES | S31: 4-20 mA w/ HART | T31: N/A | U31: N/A | V31: LO | W31: LO | X31: LO | Y31: LO | Z31: N/A | AA31: LO | AB31: LO | AC31: LO | AD31: N/A | AE31: LO | AF31: LO | AG31: LO | AH31: 23.4 | AI31: Pass | AJ31: N/A | AK31: N/A | AL31: Pass | AM31: Pass | AN31: N/A | AO31: Pass | AP31: N/A | AQ31: N/A | AR31: Pass | AS31: Pass | AT31: N/A | AU31: N/A | AV31: CRYSTAL ENGINEERING | AW31: IS33-36/5000 PSI | AX31: 4530-525617 | AY31: '2026-07-02 | AZ31: EMERSON | BA31: TREX | BB31: 210100082367 | BC31: '2026-07-31 | CX31: Levy Ostrup | CY31: '2026-08-01
C32: K1B WELL PAD PROJECT | D32: KINOSIS K1B | E32: CA23007 | F32: 29103-PIT-1052 | G32: Pressure Transmitter | H32: STEAM | I32: PAD A S05 HP STM TO INJC WELL HEEL | J32: 29103-25J-151-01 | K32: 29103-4"-ST-1503-DASB0-64H-ET | L32: ROSEMOUNT | M32: 3051T | N32: 26SIPG3884595 | O32: 0 - 8000 kPa-g | P32: -101 - 27580 kPa-g | Q32: N/A | R32: YES | S32: 4-20 mA w/ HART | T32: N/A | U32: N/A | V32: LO | W32: LO | X32: LO | Y32: LO | Z32: N/A | AA32: LO | AB32: LO | AC32: LO | AD32: N/A | AE32: LO | AF32: LO | AG32: LO | AH32: 23.4 | AI32: Pass | AJ32: N/A | AK32: N/A | AL32: Pass | AM32: Pass | AN32: N/A | AO32: Pass | AP32: N/A | AQ32: N/A | AR32: Pass | AS32: Pass | AT32: N/A | AU32: N/A | AV32: CRYSTAL ENGINEERING | AW32: IS33-36/5000 PSI | AX32: 4530-525617 | AY32: '2026-07-02 | AZ32: EMERSON | BA32: TREX | BB32: 210100082367 | BC32: '2026-07-31 | CX32: Levy Ostrup | CY32: '2026-08-01
C33: K1B WELL PAD PROJECT | D33: KINOSIS K1B | E33: CA23007 | F33: 29103-PIT-1061 | G33: Pressure Transmitter | H33: STEAM | I33: PAD A S06 HP STM TO INJC WELL TOE | J33: 29103-25J-161-01 | K33: 29103-6"-ST-1602-DASB0-64H | L33: ROSEMOUNT | M33: 3051T | N33: 26SIPG3884746 | O33: 0 - 8000 kPa-g | P33: -101 - 27580 kPa-g | Q33: N/A | R33: YES | S33: 4-20 mA w/ HART | T33: N/A | U33: N/A | V33: LO | W33: LO | X33: LO | Y33: LO | Z33: N/A | AA33: LO | AB33: LO | AC33: LO | AD33: N/A | AE33: LO | AF33: LO | AG33: LO | AH33: 23.4 | AI33: Pass | AJ33: N/A | AK33: N/A | AL33: Pass | AM33: Pass | AN33: N/A | AO33: Pass | AP33: N/A | AQ33: N/A | AR33: Pass | AS33: Pass | AT33: N/A | AU33: N/A | AV33: CRYSTAL ENGINEERING | AW33: IS33-36/5000 PSI | AX33: 4530-525617 | AY33: '2026-07-02 | AZ33: EMERSON | BA33: TREX | BB33: 210100082367 | BC33: '2026-07-31 | CX33: Levy Ostrup | CY33: '2026-08-01
C34: K1B WELL PAD PROJECT | D34: KINOSIS K1B | E34: CA23007 | F34: 29103-PIT-1062 | G34: Pressure Transmitter | H34: STEAM | I34: PAD A S06 HP STM TO INJC WELL HEEL | J34: 29103-25J-161-01 | K34: 29103-4"-ST-1603-DASB0-64H-ET | L34: ROSEMOUNT | M34: 3051T | N34: 26SIPG3884742 | O34: 0 - 8000 kPa-g | P34: -101 - 27580 kPa-g | Q34: N/A | R34: YES | S34: 4-20 mA w/ HART | T34: N/A | U34: N/A | V34: LO | W34: LO | X34: LO | Y34: LO | Z34: N/A | AA34: LO | AB34: LO | AC34: LO | AD34: N/A | AE34: LO | AF34: LO | AG34: LO | AH34: 23.4 | AI34: Pass | AJ34: N/A | AK34: N/A | AL34: Pass | AM34: Pass | AN34: N/A | AO34: Pass | AP34: N/A | AQ34: N/A | AR34: Pass | AS34: Pass | AT34: N/A | AU34: N/A | AV34: CRYSTAL ENGINEERING | AW34: IS33-36/5000 PSI | AX34: 4530-525617 | AY34: '2026-07-02 | AZ34: EMERSON | BA34: TREX | BB34: 210100082367 | BC34: '2026-07-31 | CX34: Levy Ostrup | CY34: '2026-08-01
... C38: K1B WELL PAD PROJECT | D38: KINOSIS K1B | E38: CA23007 | F38: 29103-PIT-1018 | G38: Pressure Transmitter | H38: PRODUCED GAS | I38: PAD A P01 PRODUCED VAPOR PRESSURE | J38: 29103-25J-112-01 | K38: 29103-4"-PG-1101-DAPC0-64H-ET | L38: ROSEMOUNT | M38: 3051TG4A2B21AS1M536Q4Q8Q15P1BR5 | N38: 26SIPG3884779 | O38: 0 - 1500 kPa-g | P38: -101 - 5515 kPa-g | Q38: N/A | R38: Yes | S38: 4-20 mA w/ HART | T38: N/A | U38: N/A | V38: LO | W38: LO | X38: LO | Y38: LO | Z38: N/A | AA38: LO | AB38: LO | AC38: LO | AD38: N/A | AE38: LO | AF38: LO | AG38: LO | AH38: 23.9 | AI38: Pass | AJ38: N/A | AK38: N/A | AL38: Pass | AM38: Pass | AN38: N/A | AO38: Pass | AP38: N/A | AQ38: N/A | AR38: Pass | AS38: Pass | AT38: N/A | AU38: N/A | AV38: CRYSTAL ENGINEERING | AW38: IS33-36/5000 PSI | AX38: 4530-525617 | AY38: '2026-07-02 | AZ38: EMERSON | BA38: TREX | BB38: 210100082367 | BC38: '2026-07-31 | CX38: Levy Ostrup | CY38: '2026-08-01
C39: K1B WELL PAD PROJECT | D39: KINOSIS K1B | E39: CA23007 | F39: 29103-TIT-1014 | G39: Temperature Indicating Transmitter | H39: PRODUCED EMULSION | I39: PAD A P01 PRODUCED EMULSION HEAD | J39: 29103-25J-112-01 | K39: 29103-4"-PE-1101-DAPC0-64H-ET | L39: ROSEMOUNT | M39: 3144PD1A1K6M5Q4C8BR5XA | N39: 26SITC3662822 | O39: -50 - 300°C | P39: -200 - 600°C | Q39: N/A | R39: Yes | S39: 4-20 mA w/ HART | T39: N/A | U39: N/A | V39: LO | W39: LO | X39: LO | Y39: LO | Z39: N/A | AA39: N/A | AB39: LO | AC39: LO | AD39: N/A | AE39: LO | AF39: LO | AG39: LO | AH39: 23.2 | AI39: Pass | AJ39: N/A | AK39: N/A | AL39: Pass | AM39: Pass | AN39: N/A | AO39: Pass | AP39: N/A | AQ39: N/A | AR39: Pass | AS39: Pass | AT39: N/A | AU39: N/A | AV39: FLUKE | AW39: 1551A EX | AX39: 6627011 | AY39: '2026-05-13 | CX39: Levy Ostrup | CY39: '2026-08-01
C40: K1B WELL PAD PROJECT | D40: KINOSIS K1B | E40: CA23007 | F40: 29103-PIT-1024 | G40: Pressure Transmitter | H40: PRODUCED EMULSION | I40: PAD A P02 PRODUCED EMULSION PRESSURE | J40: 29103-25J-122-01 | K40: 29103-4"-PE-1201-DAPC0-64H-ET | L40: ROSEMOUNT | M40: 3051TG4A2B21AS1M536Q4Q8Q15P1BR5 | N40: 26SIPG3884604 | O40: 0 - 6000 kPa-g | P40: -101 - 27580 kPa-g | Q40: N/A | R40: Yes | S40: 4-20 mA w/ HART | T40: N/A | U40: N/A | V40: LO | W40: LO | X40: LO | Y40: LO | Z40: N/A | AA40: LO | AB40: LO | AC40: LO | AD40: N/A | AE40: LO | AF40: LO | AG40: LO | AH40: 23.8 | AI40: Pass | AJ40: N/A | AK40: N/A | AL40: Pass | AM40: Pass | AN40: N/A | AO40: Pass | AP40: N/A | AQ40: N/A | AR40: Pass | AS40: Pass | AT40: N/A | AU40: N/A | AV40: CRYSTAL ENGINEERING | AW40: IS33-36/5000 PSI | AX40: 4530-525617 | AY40: '2026-07-02 | AZ40: EMERSON | BA40: TREX | BB40: 210100082367 | BC40: '2026-07-31 | CX40: Levy Ostrup | CY40: '2026-08-01
C41: K1B WELL PAD PROJECT | D41: KINOSIS K1B | E41: CA23007 | F41: 29103-PIT-1028 | G41: Pressure Transmitter | H41: PRODUCED GAS | I41: PAD A P02 PRODUCED VAPOR PRESSURE | J41: 29103-25J-122-01 | K41: 29103-4"-PG-1201-DAPC0-64H-ET | L41: ROSEMOUNT | M41: 3051TG4A2B21AS1M536Q4Q8Q15P1BR5 | N41: 26SIPG3884602 | O41: 0 - 1500 kPa-g | P41: -101 - 5515 kPa-g | Q41: N/A | R41: Yes | S41: 4-20 mA w/ HART | T41: N/A | U41: N/A | V41: LO | W41: LO | X41: LO | Y41: LO | Z41: N/A | AA41: LO | AB41: LO | AC41: LO | AD41: N/A | AE41: LO | AF41: LO | AG41: LO | AH41: 23.7 | AI41: Pass | AJ41: N/A | AK41: N/A | AL41: Pass | AM41: Pass | AN41: N/A | AO41: Pass | AP41: N/A | AQ41: N/A | AR41: Pass | AS41: Pass | AT41: N/A | AU41: N/A | AV41: CRYSTAL ENGINEERING | AW41: IS33-36/5000 PSI | AX41: 4530-525617 | AY41: '2026-07-02 | AZ41: EMERSON | BA41: TREX | BB41: 210100082367 | BC41: '2026-07-31 | CX41: Levy Ostrup | CY41: '2026-08-01
C42: K1B WELL PAD PROJECT | D42: KINOSIS K1B | E42: CA23007 | F42: 29103-TIT-1024 | G42: Temperature Indicating Transmitter | H42: PRODUCED EMULSION | I42: PAD A P02 PRODUCED EMULSION HEAD | J42: 29103-25J-122-01 | K42: 29103-4"-PE-1201-DAPC0-64H-ET | L42: ROSEMOUNT | M42: 3144PD1A1K6M5Q4C8BR5XA | N42: 26SITC3662820 | O42: -50 - 300°C | P42: -200 - 600°C | Q42: N/A | R42: Yes | S42: 4-20 mA w/ HART | T42: N/A | U42: N/A | V42: LO | W42: LO | X42: LO | Y42: LO | Z42: N/A | AA42: N/A | AB42: LO | AC42: LO | AD42: N/A | AE42: LO | AF42: LO | AG42: LO | AH42: 23.5 | AI42: Pass | AJ42: N/A | AK42: N/A | AL42: Pass | AM42: Pass | AN42: N/A | AO42: Pass | AP42: N/A | AQ42: N/A | AR42: Pass | AS42: Pass | AT42: N/A | AU42: N/A | AV42: FLUKE | AW42: 1551A EX | AX42: 6627011 | AY42: '2026-05-13 | CX42: Levy Ostrup | CY42: '2026-08-01
C43: K1B WELL PAD PROJECT | D43: KINOSIS K1B | E43: CA23007 | F43: 29103-PIT-1034 | G43: Pressure Transmitter | H43: PRODUCED EMULSION | I43: PAD A P03 PRODUCED EMULSION PRESSURE | J43: 29103-25J-132-01 | K43: 29103-4"-PE-1301-DAPC0-64H-ET | L43: ROSEMOUNT | M43: 3051TG4A2B21AS1M536Q4Q8Q15P1BR5 | N43: 26SIPG3885066 | O43: 0 - 6000 kPa-g | P43: -101 - 27580 kPa-g | Q43: N/A | R43: Yes | S43: 4-20 mA w/ HART | T43: N/A | U43: N/A | V43: LO | W43: LO | X43: LO | Y43: LO | Z43: N/A | AA43: LO | AB43: LO | AC43: LO | AD43: N/A | AE43: LO | AF43: LO | AG43: LO | AH43: 23.4 | AI43: Pass | AJ43: N/A | AK43: N/A | AL43: Pass | AM43: Pass | AN43: N/A | AO43: Pass | AP43: N/A | AQ43: N/A | AR43: Pass | AS43: Pass | AT43: N/A | AU43: N/A | AV43: CRYSTAL ENGINEERING | AW43: IS33-36/5000 PSI | AX43: 4530-525617 | AY43: '2026-07-02 | AZ43: EMERSON | BA43: TREX | BB43: 210100082367 | BC43: '2026-07-31 | CX43: Levy Ostrup | CY43: '2026-08-01
C44: K1B WELL PAD PROJECT | D44: KINOSIS K1B | E44: CA23007 | F44: 29103-PIT-1038 | G44: Pressure Transmitter | H44: PRODUCED GAS | I44: PAD A P03 PRODUCED VAPOR PRESSURE | J44: 29103-25J-132-01 | K44: 29103-4"-PG-1301-DAPC0-64H-ET | L44: ROSEMOUNT | M44: 3051TG4A2B21AS1M536Q4Q8Q15P1BR5 | N44: 26SIPG3884597 | O44: 0 - 1500 kPa-g | P44: -101 - 5515 kPa-g | Q44: N/A | R44: Yes | S44: 4-20 mA w/ HART | T44: N/A | U44: N/A | V44: LO | W44: LO | X44: LO | Y44: LO | Z44: N/A | AA44: LO | AB44: LO | AC44: LO | AD44: N/A | AE44: LO | AF44: LO | AG44: LO | AH44: 23.5 | AI44: Pass | AJ44: N/A | AK44: N/A | AL44: Pass | AM44: Pass | AN44: N/A | AO44: Pass | AP44: N/A | AQ44: N/A | AR44: Pass | AS44: Pass | AT44: N/A | AU44: N/A | AV44: CRYSTAL ENGINEERING | AW44: IS33-36/5000 PSI | AX44: 4530-525617 | AY44: '2026-07-02 | AZ44: EMERSON | BA44: TREX | BB44: 210100082367 | BC44: '2026-07-31 | CX44: Levy Ostrup | CY44: '2026-08-01
C45: K1B WELL PAD PROJECT | D45: KINOSIS K1B | E45: CA23007 | F45: 29103-TIT-1034 | G45: Temperature Indicating Transmitter | H45: PRODUCED EMULSION | I45: PAD A P03 PRODUCED EMULSION HEAD | J45: 29103-25J-132-01 | K45: 29103-4"-PE-1301-DAPC0-64H-ET | L45: ROSEMOUNT | M45: 3144PD1A1K6M5Q4C8BR5XA | N45: 26SITC3662817 | O45: -50 - 300°C | P45: -200 - 600°C | Q45: N/A | R45: Yes | S45: 4-20 mA w/ HART | T45: N/A | U45: N/A | V45: LO | W45: LO | X45: LO | Y45: LO | Z45: N/A | AA45: N/A | AB45: LO | AC45: LO | AD45: N/A | AE45: LO | AF45: LO | AG45: LO | AH45: 23.9 | AI45: Pass | AJ45: N/A | AK45: N/A | AL45: Pass | AM45: Pass | AN45: N/A | AO45: Pass | AP45: N/A | AQ45: N/A | AR45: Pass | AS45: Pass | AT45: N/A | AU45: N/A | AV45: FLUKE | AW45: 1551A EX | AX45: 6627011 | AY45: '2026-05-13 | CX45: Levy Ostrup | CY45: '2026-08-01
C46: K1B WELL PAD PROJECT | D46: KINOSIS K1B | E46: CA23007 | F46: 29103-PIT-1044 | G46: Pressure Transmitter | H46: PRODUCED EMULSION | I46: PAD A P04 PRODUCED EMULSION PRESSURE | J46: 29103-25J-142-01 | K46: 29103-4"-PE-1401-DAPC0-64H-ET | L46: ROSEMOUNT | M46: 3051TG4A2B21AS1M536Q4Q8Q15P1BR5 | N46: 26SIPG3884594 | O46: 0 - 6000 kPa-g | P46: -101 - 27580 kPa-g | Q46: N/A | R46: Yes | S46: 4-20 mA w/ HART | T46: N/A | U46: N/A | V46: LO | W46: LO | X46: LO | Y46: LO | Z46: N/A | AA46: LO | AB46: LO | AC46: LO | AD46: N/A | AE46: LO | AF46: LO | AG46: LO | AH46: 23.5 | AI46: Pass | AJ46: N/A | AK46: N/A | AL46: Pass | AM46: Pass | AN46: N/A | AO46: Pass | AP46: N/A | AQ46: N/A | AR46: Pass | AS46: Pass | AT46: N/A | AU46: N/A | AV46: CRYSTAL ENGINEERING | AW46: IS33-36/5000 PSI | AX46: 4530-525617 | AY46: '2026-07-02 | AZ46: EMERSON | BA46: TREX | BB46: 210100082367 | BC46: '2026-07-31 | CX46: Levy Ostrup | CY46: '2026-08-01
C47: K1B WELL PAD PROJECT | D47: KINOSIS K1B | E47: CA23007 | F47: 29103-PIT-1048 | G47: Pressure Transmitter | H47: PRODUCED GAS | I47: PAD A P04 PRODUCED VAPOR PRESSURE | J47: 29103-25J-142-01 | K47: 29103-4"-PG-1401-DAPC0-64H-ET | L47: ROSEMOUNT | M47: 3051TG4A2B21AS1M536Q4Q8Q15P1BR5 | N47: 26SIPG3884753 | O47: 0 - 1500 kPa-g | P47: -101 - 5515 kPa-g | Q47: N/A | R47: Yes | S47: 4-20 mA w/ HART | T47: N/A | U47: N/A | V47: LO | W47: LO | X47: LO | Y47: LO | Z47: N/A | AA47: LO | AB47: LO | AC47: LO | AD47: N/A | AE47: LO | AF47: LO | AG47: LO | AH47: 23.5 | AI47: Pass | AJ47: N/A | AK47: N/A | AL47: Pass | AM47: Pass | AN47: N/A | AO47: Pass | AP47: N/A | AQ47: N/A | AR47: Pass | AS47: Pass | AT47: N/A | AU47: N/A | AV47: CRYSTAL ENGINEERING | AW47: IS33-36/5000 PSI | AX47: 4530-525617 | AY47: '2026-07-02 | AZ47: EMERSON | BA47: TREX | BB47: 210100082367 | BC47: '2026-07-31 | CX47: Levy Ostrup | CY47: '2026-08-01
C48: K1B WELL PAD PROJECT | D48: KINOSIS K1B | E48: CA23007 | F48: 29103-TIT-1044 | G48: Temperature Indicating Transmitter | H48: PRODUCED EMULSION | I48: PAD A P04 PRODUCED EMULSION HEAD | J48: 29103-25J-142-01 | K48: 29103-4"-PE-1401-DAPC0-64H-ET | L48: ROSEMOUNT | M48: 3144PD1A1K6M5Q4C8BR5XA | N48: 26SITC3662816 | O48: -50 - 300°C | P48: -200 - 600°C | Q48: N/A | R48: Yes | S48: 4-20 mA w/ HART | T48: N/A | U48: N/A | V48: LO | W48: LO | X48: LO | Y48: LO | Z48: N/A | AA48: N/A | AB48: LO | AC48: LO | AD48: N/A | AE48: LO | AF48: LO | AG48: LO | AH48: 23.9 | AI48: Pass | AJ48: N/A | AK48: N/A | AL48: Pass | AM48: Pass | AN48: N/A | AO48: Pass | AP48: N/A | AQ48: N/A | AR48: Pass | AS48: Pass | AT48: N/A | AU48: N/A | AV48: FLUKE | AW48: 1551A EX | AX48: 6627011 | AY48: '2026-05-13 | CX48: Levy Ostrup | CY48: '2026-08-01
C49: K1B WELL PAD PROJECT | D49: KINOSIS K1B | E49: CA23007 | F49: 29103-PIT-1054 | G49: Pressure Transmitter | H49: PRODUCED EMULSION | I49: PAD A P05 PRODUCED EMULSION PRESSURE | J49: 29103-25J-152-01 | K49: 29103-4"-PE-1501-DAPC0-64H-ET | L49: ROSEMOUNT | M49: 3051TG4A2B21AS1M536Q4Q8Q15P1BR5 | N49: 26SIPG3884749 | O49: 0 - 6000 kPa-g | P49: -101 - 27580 kPa-g | Q49: N/A | R49: Yes | S49: 4-20 mA w/ HART | T49: N/A | U49: N/A | V49: LO | W49: LO | X49: LO | Y49: LO | Z49: N/A | AA49: LO | AB49: LO | AC49: LO | AD49: N/A | AE49: LO | AF49: LO | AG49: LO | AH49: 23.9 | AI49: Pass | AJ49: N/A | AK49: N/A | AL49: Pass | AM49: Pass | AN49: N/A | AO49: Pass | AP49: N/A | AQ49: N/A | AR49: Pass | AS49: Pass | AT49: N/A | AU49: N/A | AV49: CRYSTAL ENGINEERING | AW49: IS33-36/5000 PSI | AX49: 4530-525617 | AY49: '2026-07-02 | AZ49: EMERSON | BA49: TREX | BB49: 210100082367 | BC49: '2026-07-31 | CX49: Levy Ostrup | CY49: '2026-08-01
C50: K1B WELL PAD PROJECT | D50: KINOSIS K1B | E50: CA23007 | F50: 29103-PIT-1058 | G50: Pressure Transmitter | H50: PRODUCED GAS | I50: PAD A P05 PRODUCED VAPOR PRESSURE | J50: 29103-25J-152-01 | K50: 29103-4"-PG-1501-DAPC0-64H-ET | L50: ROSEMOUNT | M50: 3051TG4A2B21AS1M536Q4Q8Q15P1BR5 | N50: 26SIPG3884747 | O50: 0 - 1500 kPa-g | P50: -101 - 5515 kPa-g | Q50: N/A | R50: Yes | S50: 4-20 mA w/ HART | T50: N/A | U50: N/A | V50: LO | W50: LO | X50: LO | Y50: LO | Z50: N/A | AA50: LO | AB50: LO | AC50: LO | AD50: N/A | AE50: LO | AF50: LO | AG50: LO | AH50: 23.8 | AI50: Pass | AJ50: N/A | AK50: N/A | AL50: Pass | AM50: Pass | AN50: N/A | AO50: Pass | AP50: N/A | AQ50: N/A | AR50: Pass | AS50: Pass | AT50: N/A | AU50: N/A | AV50: CRYSTAL ENGINEERING | AW50: IS33-36/5000 PSI | AX50: 4530-525617 | AY50: '2026-07-02 | AZ50: EMERSON | BA50: TREX | BB50: 210100082367 | BC50: '2026-07-31 | CX50: Levy Ostrup | CY50: '2026-08-01
C51: K1B WELL PAD PROJECT | D51: KINOSIS K1B | E51: CA23007 | F51: 29103-TIT-1054 | G51: Temperature Indicating Transmitter | H51: PRODUCED EMULSION | I51: PAD A P05 PRODUCED EMULSION HEAD | J51: 29103-25J-152-01 | K51: 29103-4"-PE-1501-DAPC0-64H-ET | L51: ROSEMOUNT | M51: 3144PD1A1K6M5Q4C8BR5XA | N51: 26SITC3662814 | O51: -50 - 300°C | P51: -200 - 600°C | Q51: N/A | R51: Yes | S51: 4-20 mA w/ HART | T51: N/A | U51: N/A | V51: LO | W51: LO | X51: LO | Y51: LO | Z51: N/A | AA51: N/A | AB51: LO | AC51: LO | AD51: N/A | AE51: LO | AF51: LO | AG51: LO | AH51: 23.5 | AI51: Pass | AJ51: N/A | AK51: N/A | AL51: Pass | AM51: Pass | AN51: N/A | AO51: Pass | AP51: N/A | AQ51: N/A | AR51: Pass | AS51: Pass | AT51: N/A | AU51: N/A | AV51: FLUKE | AW51: 1551A EX | AX51: 6627011 | AY51: '2026-05-13 | CX51: Levy Ostrup | CY51: '2026-08-01
C52: K1B WELL PAD PROJECT | D52: KINOSIS K1B | E52: CA23007 | F52: 29103-PIT-1064 | G52: Pressure Transmitter | H52: PRODUCED EMULSION | I52: PAD A P06 PRODUCED EMULSION PRESSURE | J52: 29103-25J-162-01 | K52: 29103-4"-PE-1601-DAPC0-64H-ET | L52: ROSEMOUNT | M52: 3051TG4A2B21AS1M536Q4Q8Q15P1BR5 | N52: 26SIPG3884731 | O52: 0 - 6000 kPa-g | P52: -101 - 27580 kPa-g | Q52: N/A | R52: Yes | S52: 4-20 mA w/ HART | T52: N/A | U52: N/A | V52: LO | W52: LO | X52: LO | Y52: LO | Z52: N/A | AA52: LO | AB52: LO | AC52: LO | AD52: N/A | AE52: LO | AF52: LO | AG52: LO | AH52: 23.5 | AI52: Pass | AJ52: N/A | AK52: N/A | AL52: Pass | AM52: Pass | AN52: N/A | AO52: Pass | AP52: N/A | AQ52: N/A | AR52: Pass | AS52: Pass | AT52: N/A | AU52: N/A | AV52: CRYSTAL ENGINEERING | AW52: IS33-36/5000 PSI | AX52: 4530-525617 | AY52: '2026-07-02 | AZ52: EMERSON | BA52: TREX | BB52: 210100082367 | BC52: '2026-07-31 | CX52: Levy Ostrup | CY52: '2026-08-01
C53: K1B WELL PAD PROJECT | D53: KINOSIS K1B | E53: CA23007 | F53: 29103-PIT-1068 | G53: Pressure Transmitter | H53: PRODUCED GAS | I53: PAD A P06 PRODUCED VAPOR PRESSURE | J53: 29103-25J-162-01 | K53: 29103-4"-PG-1601-DAPC0-64H-ET | L53: ROSEMOUNT | M53: 3051TG4A2B21AS1M536Q4Q8Q15P1BR5 | N53: 26SIPG3884740 | O53: 0 - 1500 kPa-g | P53: -101 - 5515 kPa-g | Q53: N/A | R53: Yes | S53: 4-20 mA w/ HART | T53: N/A | U53: N/A | V53: LO | W53: LO | X53: LO | Y53: LO | Z53: N/A | AA53: LO | AB53: LO | AC53: LO | AD53: N/A | AE53: LO | AF53: LO | AG53: LO | AH53: 23.7 | AI53: Pass | AJ53: N/A | AK53: N/A | AL53: Pass | AM53: Pass | AN53: N/A | AO53: Pass | AP53: N/A | AQ53: N/A | AR53: Pass | AS53: Pass | AT53: N/A | AU53: N/A | AV53: CRYSTAL ENGINEERING | AW53: IS33-36/5000 PSI | AX53: 4530-525617 | AY53: '2026-07-02 | AZ53: EMERSON | BA53: TREX | BB53: 210100082367 | BC53: '2026-07-31 | CX53: Levy Ostrup | CY53: '2026-08-01
C54: K1B WELL PAD PROJECT | D54: KINOSIS K1B | E54: CA23007 | F54: 29103-TIT-1064 | G54: Temperature Indicating Transmitter | H54: PRODUCED EMULSION | I54: PAD A P06 PRODUCED EMULSION HEAD | J54: 29103-25J-162-01 | K54: 29103-4"-PE-1601-DAPC0-64H-ET | L54: ROSEMOUNT | M54: 3144PD1A1K6M5Q4C8BR5XA | N54: 26SITC3662812 | O54: -50 - 300°C | P54: -200 - 600°C | Q54: N/A | R54: Yes | S54: 4-20 mA w/ HART | T54: N/A | U54: N/A | V54: LO | W54: LO | X54: LO | Y54: LO | Z54: N/A | AA54: N/A | AB54: LO | AC54: LO | AD54: N/A | AE54: LO | AF54: LO | AG54: LO | AH54: 23.5 | AI54: Pass | AJ54: N/A | AK54: N/A | AL54: Pass | AM54: Pass | AN54: N/A | AO54: Pass | AP54: N/A | AQ54: N/A | AR54: Pass | AS54: Pass | AT54: N/A | AU54: N/A | AV54: FLUKE | AW54: 1551A EX | AX54: 6627011 | AY54: '2026-05-13 | CX54: Levy Ostrup | CY54: '2026-08-01
C55: K1B WELL PAD PROJECT | D55: KINOSIS K1B | E55: CA23007 | F55: 29103-PIT-1074 | G55: Pressure Transmitter | H55: PRODUCED EMULSION | I55: PAD A P07 PRODUCED EMULSION PRESSURE | J55: 29103-25J-172-01 | K55: 29103-4"-PE-1701-DAPC0-64H-ET | L55: ROSEMOUNT | M55: 3051TG4A2B21AS1M536Q4Q8Q15P1BR5 | N55: 26SIPG3884735 | O55: 0 - 6000 kPa-g | P55: -101 - 27580 kPa-g | Q55: N/A | R55: Yes | S55: 4-20 mA w/ HART | T55: N/A | U55: N/A | V55: LO | W55: LO | X55: LO | Y55: LO | Z55: N/A | AA55: LO | AB55: LO | AC55: LO | AD55: N/A | AE55: LO | AF55: LO | AG55: LO | AH55: 23.4 | AI55: Pass | AJ55: N/A | AK55: N/A | AL55: Pass | AM55: Pass | AN55: N/A | AO55: Pass | AP55: N/A | AQ55: N/A | AR55: Pass | AS55: Pass | AT55: N/A | AU55: N/A | AV55: CRYSTAL ENGINEERING | AW55: IS33-36/5000 PSI | AX55: 4530-525617 | AY55: '2026-07-02 | AZ55: EMERSON | BA55: TREX | BB55: 210100082367 | BC55: '2026-07-31 | CX55: Levy Ostrup | CY55: '2026-08-01
C56: K1B WELL PAD PROJECT | D56: KINOSIS K1B | E56: CA23007 | F56: 29103-PIT-1078 | G56: Pressure Transmitter | H56: PRODUCED GAS | I56: PAD A P07 PRODUCED VAPOR PRESSURE | J56: 29103-25J-172-01 | K56: 29103-4"-PG-1701-DAPC0-64H-ET | L56: ROSEMOUNT | M56: 3051TG4A2B21AS1M536Q4Q8Q15P1BR5 | N56: 26SIPG3884733 | O56: 0 - 1500 kPa-g | P56: -101 - 5515 kPa-g | Q56: N/A | R56: Yes | S56: 4-20 mA w/ HART | T56: N/A | U56: N/A | V56: LO | W56: LO | X56: LO | Y56: LO | Z56: N/A | AA56: LO | AB56: LO | AC56: LO | AD56: N/A | AE56: LO | AF56: LO | AG56: LO | AH56: 23.4 | AI56: Pass | AJ56: N/A | AK56: N/A | AL56: Pass | AM56: Pass | AN56: N/A | AO56: Pass | AP56: N/A | AQ56: N/A | AR56: Pass | AS56: Pass | AT56: N/A | AU56: N/A | AV56: CRYSTAL ENGINEERING | AW56: IS33-36/5000 PSI | AX56: 4530-525617 | AY56: '2026-07-02 | AZ56: EMERSON | BA56: TREX | BB56: 210100082367 | BC56: '2026-07-31 | CX56: Levy Ostrup | CY56: '2026-08-01
C57: K1B WELL PAD PROJECT | D57: KINOSIS K1B | E57: CA23007 | F57: 29103-TIT-1074 | G57: Temperature Indicating Transmitter | H57: PRODUCED EMULSION | I57: PAD A P07 PRODUCED EMULSION HEAD | J57: 29103-25J-172-01 | K57: 29103-4"-PE-1701-DAPC0-64H-ET | L57: ROSEMOUNT | M57: 3144PD1A1K6M5Q4C8BR5XA | N57: 26SITC3662810 | O57: -50 - 300°C | P57: -200 - 600°C | Q57: N/A | R57: Yes | S57: 4-20 mA w/ HART | T57: N/A | U57: N/A | V57: LO | W57: LO | X57: LO | Y57: LO | Z57: N/A | AA57: N/A | AB57: LO | AC57: LO | AD57: N/A | AE57: LO | AF57: LO | AG57: LO | AH57: 23.3 | AI57: Pass | AJ57: N/A | AK57: N/A | AL57: Pass | AM57: Pass | AN57: N/A | AO57: Pass | AP57: N/A | AQ57: N/A | AR57: Pass | AS57: Pass | AT57: N/A | AU57: N/A | AV57: FLUKE | AW57: 1551A EX | AX57: 6627011 | AY57: '2026-05-13 | CX57: Levy Ostrup | CY57: '2026-08-01
C58: K1B WELL PAD PROJECT | D58: KINOSIS K1B | E58: CA23007 | F58: 29103-FIT-1014 | G58: Coriolis Flow Meter | H58: PRODUCED EMULSION | I58: PAD A P01 PRODUCED EMULSION FLOW | J58: 29103-25J-111-01 | K58: 29103-4"-PE-1101-DAPCO-64H-ET | L58: KROHNE | M58: VE544H17420010400004C6 | N58: G250000007603631 | O58: 0-50 M3/h | P58: 0.7-140 M3/h | Q58: N/A | R58: Yes | S58: 4-20 mA w/ HART | T58: N/A | U58: N/A | V58: LO | W58: LO | X58: LO | Y58: LO | Z58: N/A | AA58: N/A | AB58: LO | AC58: LO | AD58: N/A | AE58: LO | AF58: LO | AG58: LO | AH58: 23.8 | AI58: Pass | AJ58: N/A | AK58: N/A | AL58: Pass | AM58: Pass | AN58: N/A | AO58: Pass | AP58: N/A | AQ58: N/A | AR58: Pass | AS58: Pass | AT58: N/A | AU58: N/A | AV58: EMERSON | AW58: TREX | AX58: 210100082367 | AY58: '2026-07-31 | CX58: Levy Ostrup | CY58: '2026-08-01
C59: K1B WELL PAD PROJECT | D59: KINOSIS K1B | E59: CA23007 | F59: 29103-FIT-1024 | G59: Coriolis Flow Meter | H59: PRODUCED EMULSION | I59: PAD A P02 PRODUCED EMULSION FLOW | J59: 29103-25J-121-01 | K59: 29103-4"-PE-1201-DAPCO-64H-ET | L59: KROHNE | M59: VE544H17420010400004C6 | N59: G250000007603632 | O59: 0 to 30 m3/h @flow | P59: 1.82 to 90.91 m3/h @flow | Q59: N/A | R59: Yes | S59: 4-20 mA w/ HART | T59: N/A | U59: N/A | V59: LO | W59: LO | X59: LO | Y59: LO | Z59: N/A | AA59: N/A | AB59: LO | AC59: LO | AD59: N/A | AE59: LO | AF59: LO | AG59: LO | AH59: 23.7 | AI59: Pass | AJ59: N/A | AK59: N/A | AL59: Pass | AM59: Pass | AN59: N/A | AO59: Pass | AP59: N/A | AQ59: N/A | AR59: Pass | AS59: Pass | AT59: N/A | AU59: N/A | AV59: EMERSON | AW59: TREX | AX59: 210100082367 | AY59: '2026-07-31 | CX59: Levy Ostrup | CY59: '2026-08-01
C60: K1B WELL PAD PROJECT | D60: KINOSIS K1B | E60: CA23007 | F60: 29103-FIT-1034 | G60: Coriolis Flow Meter | H60: PRODUCED EMULSION | I60: PAD A P03 PRODUCED EMULSION FLOW | J60: 29103-25J-131-01 | K60: 29103-4"-PE-1301-DAPCO-64H-ET | L60: KROHNE | M60: VE544H17420010400004C6 | N60: G250000007603633 | O60: 0-50 M3/h | P60: 0.7-140 M3/h | Q60: N/A | R60: Yes | S60: 4-20 mA w/ HART | T60: N/A | U60: N/A | V60: LO | W60: LO | X60: LO | Y60: LO | Z60: N/A | AA60: N/A | AB60: LO | AC60: LO | AD60: N/A | AE60: LO | AF60: LO | AG60: LO | AH60: 23.4 | AI60: Pass | AJ60: N/A | AK60: N/A | AL60: Pass | AM60: Pass | AN60: N/A | AO60: Pass | AP60: N/A | AQ60: N/A | AR60: Pass | AS60: Pass | AT60: N/A | AU60: N/A | AV60: EMERSON | AW60: TREX | AX60: 210100082367 | AY60: '2026-07-31 | CX60: Levy Ostrup | CY60: '2026-08-01
C61: K1B WELL PAD PROJECT | D61: KINOSIS K1B | E61: CA23007 | F61: 29103-FIT-1044 | G61: Coriolis Flow Meter | H61: PRODUCED EMULSION | I61: PAD A P05 PRODUCED EMULSION FLOW | J61: 29103-25J-141-01 | K61: 29103-4"-PE-1501-DAPCO-64H-ET | L61: KROHNE | M61: VE544H17420010400004C6 | N61: G250000007603634 | O61: 0-50 M3/h | P61: 0.7-140 M3/h | Q61: N/A | R61: Yes | S61: 4-20 mA w/ HART | T61: N/A | U61: N/A | V61: LO | W61: LO | X61: LO | Y61: LO | Z61: N/A | AA61: N/A | AB61: LO | AC61: LO | AD61: N/A | AE61: LO | AF61: LO | AG61: LO | AH61: 23.8 | AI61: Pass | AJ61: N/A | AK61: N/A | AL61: Pass | AM61: Pass | AN61: N/A | AO61: Pass | AP61: N/A | AQ61: N/A | AR61: Pass | AS61: Pass | AT61: N/A | AU61: N/A | AV61: EMERSON | AW61: TREX | AX61: 210100082367 | AY61: '2026-07-31 | CX61: Levy Ostrup | CY61: '2026-08-01
C62: K1B WELL PAD PROJECT | D62: KINOSIS K1B | E62: CA23007 | F62: 29103-FIT-1054 | G62: Coriolis Flow Meter | H62: PRODUCED EMULSION | I62: PAD A P05 PRODUCED EMULSION FLOW | J62: 29103-25J-151-01 | K62: 29103-4"-PE-1601-DAPCO-64H-ET | L62: KROHNE | M62: VE544H17420010400004C6 | N62: G250000007603635 | O62: 0-50 M3/h | P62: 0.7-140 M3/h | Q62: N/A | R62: Yes | S62: 4-20 mA w/ HART | T62: N/A | U62: N/A | V62: LO | W62: LO | X62: LO | Y62: LO | Z62: N/A | AA62: N/A | AB62: LO | AC62: LO | AD62: N/A | AE62: LO | AF62: LO | AG62: LO | AH62: 23.8 | AI62: Pass | AJ62: N/A | AK62: N/A | AL62: Pass | AM62: Pass | AN62: N/A | AO62: Pass | AP62: N/A | AQ62: N/A | AR62: Pass | AS62: Pass | AT62: N/A | AU62: N/A | AV62: EMERSON | AW62: TREX | AX62: 210100082367 | AY62: '2026-07-31 | CX62: Levy Ostrup | CY62: '2026-08-01
C63: K1B WELL PAD PROJECT | D63: KINOSIS K1B | E63: CA23007 | F63: 29103-FIT-1064 | G63: Coriolis Flow Meter | H63: PRODUCED EMULSION | I63: PAD A P06 PRODUCED EMULSION FLOW | J63: 29103-25J-161-01 | K63: 29103-4"-PE-1601-DAPCO-64H-ET | L63: KROHNE | M63: VE544H17420010400004C6 | N63: G250000007603675 | O63: 0-50 M3/h | P63: 0.7-140 M3/h | Q63: N/A | R63: Yes | S63: 4-20 mA w/ HART | T63: N/A | U63: N/A | V63: LO | W63: LO | X63: LO | Y63: LO | Z63: N/A | AA63: N/A | AB63: LO | AC63: LO | AD63: N/A | AE63: LO | AF63: LO | AG63: LO | AH63: 23.8 | AI63: Pass | AJ63: N/A | AK63: N/A | AL63: Pass | AM63: Pass | AN63: N/A | AO63: Pass | AP63: N/A | AQ63: N/A | AR63: Pass | AS63: Pass | AT63: N/A | AU63: N/A | AV63: EMERSON | AW63: TREX | AX63: 210100082367 | AY63: '2026-07-31 | CX63: Levy Ostrup | CY63: '2026-08-01
C64: K1B WELL PAD PROJECT | D64: KINOSIS K1B | E64: CA23007 | F64: 29103-FIT-1074 | G64: Coriolis Flow Meter | H64: PRODUCED EMULSION | I64: PAD A P07 PRODUCED EMULSION FLOW | J64: 29103-25J-171-01 | K64: 29103-4"-PE-1701-DAPCO-64H-ET | L64: KROHNE | M64: VE544H17420010400004C6 | N64: G250000007603676 | O64: 0-50 M3/h | P64: 0.7-140 M3/h | Q64: N/A | R64: Yes | S64: 4-20 mA w/ HART | T64: 10.492 | U64: N/A | V64: LO | W64: LO | X64: LO | Y64: LO | Z64: N/A | AA64: N/A | AB64: LO | AC64: LO | AD64: N/A | AE64: LO | AF64: LO | AG64: LO | AH64: 23.7 | AI64: Pass | AJ64: N/A | AK64: N/A | AL64: Pass | AM64: Pass | AN64: N/A | AO64: Pass | AP64: N/A | AQ64: N/A | AR64: Pass | AS64: Pass | AT64: N/A | AU64: N/A | AV64: EMERSON | AW64: TREX | AX64: 210100082367 | AY64: '2026-07-31 | CX64: Levy Ostrup | CY64: '2026-08-01
C65: K1B WELL PAD PROJECT | D65: KINOSIS K1B | E65: CA23007 | F65: 29103-TIT-1010A | G65: Temperature Transmitter | H65: PRODUCED EMULSION | I65: PAD A P01 PROD WELL DOWNHOLE TEMPERATURE | J65: 29103-25J-112-01 | K65: N/A | L65: ROSEMOUNT | M65: 644HAK6J6M5C8Q4DA1K1005 | N65: 26SITD3768587 | O65: 0 - 350°C | P65: -180 - 1372°C | Q65: N/A | R65: YES | S65: 4-20 mA w/ HART | T65: N/A | U65: N/A | V65: LO | W65: LO | X65: LO | Y65: LO | Z65: N/A | AA65: N/A | AB65: LO | AC65: LO | AD65: N/A | AE65: LO | AF65: LO | AG65: LO | AH65: 23.7 | AI65: Pass | AJ65: N/A | AK65: N/A | AL65: Pass | AM65: Pass | AN65: N/A | AO65: Pass | AP65: N/A | AQ65: N/A | AR65: Pass | AS65: Pass | AT65: N/A | AU65: N/A | AV65: EMERSON | AW65: TREX | AX65: 210100082367 | AY65: '2026-07-31 | CX65: Levy Ostrup | CY65: '2026-08-01
C66: K1B WELL PAD PROJECT | D66: KINOSIS K1B | E66: CA23007 | F66: 29103-TIT-1010J | G66: Temperature Transmitter | H66: PRODUCED EMULSION | I66: PAD A P01 PROD WELL DOWNHOLE TEMPERATURE | J66: 29103-25J-112-01 | K66: N/A | L66: ROSEMOUNT | M66: 644HAK6J6M5C8Q4DA1K1005 | N66: 26SITD3768575 | O66: 0 - 350°C | P66: -180 - 1372°C | Q66: N/A | R66: YES | S66: 4-20 mA w/ HART | T66: N/A | U66: N/A | V66: LO | W66: LO | X66: LO | Y66: LO | Z66: N/A | AA66: N/A | AB66: LO | AC66: LO | AD66: N/A | AE66: LO | AF66: LO | AG66: LO | AH66: 23.7 | AI66: Pass | AJ66: N/A | AK66: N/A | AL66: Pass | AM66: Pass | AN66: N/A | AO66: Pass | AP66: N/A | AQ66: N/A | AR66: Pass | AS66: Pass | AT66: N/A | AU66: N/A | AV66: EMERSON | AW66: TREX | AX66: 210100082367 | AY66: '2026-07-31 | CX66: Levy Ostrup | CY66: '2026-08-01
C67: K1B WELL PAD PROJECT | D67: KINOSIS K1B | E67: CA23007 | F67: 29103-TIT-1020A | G67: Temperature Transmitter | H67: PRODUCED EMULSION | I67: PAD A P02 PROD WELL DOWNHOLE TEMPERATURE | J67: 29103-25J-122-01 | K67: N/A | L67: ROSEMOUNT | M67: 644HAK6J6M5C8Q4DA1K1005 | N67: 26SITD3768573 | O67: 0 - 350°C | P67: -180 - 1372°C | Q67: N/A | R67: YES | S67: 4-20 mA w/ HART | T67: N/A | U67: N/A | V67: LO | W67: LO | X67: LO | Y67: LO | Z67: N/A | AA67: N/A | AB67: LO | AC67: LO | AD67: N/A | AE67: LO | AF67: LO | AG67: LO | AH67: 23.7 | AI67: Pass | AJ67: N/A | AK67: N/A | AL67: Pass | AM67: Pass | AN67: N/A | AO67: Pass | AP67: N/A | AQ67: N/A | AR67: Pass | AS67: Pass | AT67: N/A | AU67: N/A | AV67: EMERSON | AW67: TREX | AX67: 210100082367 | AY67: '2026-07-31 | CX67: Levy Ostrup | CY67: '2026-08-01
C68: K1B WELL PAD PROJECT | D68: KINOSIS K1B | E68: CA23007 | F68: 29103-TIT-1020J | G68: Temperature Transmitter | H68: PRODUCED EMULSION | I68: PAD A P02 PROD WELL DOWNHOLE TEMPERATURE | J68: 29103-25J-122-01 | K68: N/A | L68: ROSEMOUNT | M68: 644HAK6J6M5C8Q4DA1K1005 | N68: 26SITD3768571 | O68: 0 - 350°C | P68: -180 - 1372°C | Q68: N/A | R68: YES | S68: 4-20 mA w/ HART | T68: N/A | U68: N/A | V68: LO | W68: LO | X68: LO | Y68: LO | Z68: N/A | AA68: N/A | AB68: LO | AC68: LO | AD68: N/A | AE68: LO | AF68: LO | AG68: LO | AH68: 23.7 | AI68: Pass | AJ68: N/A | AK68: N/A | AL68: Pass | AM68: Pass | AN68: N/A | AO68: Pass | AP68: N/A | AQ68: N/A | AR68: Pass | AS68: Pass | AT68: N/A | AU68: N/A | AV68: EMERSON | AW68: TREX | AX68: 210100082367 | AY68: '2026-07-31 | CX68: Levy Ostrup | CY68: '2026-08-01
C69: K1B WELL PAD PROJECT | D69: KINOSIS K1B | E69: CA23007 | F69: 29103-TIT-1030A | G69: Temperature Transmitter | H69: PRODUCED EMULSION | I69: PAD A P03 PROD WELL DOWNHOLE TEMPERATURE | J69: 29103-25J-132-01 | K69: N/A | L69: ROSEMOUNT | M69: 644HAK6J6M5C8Q4DA1K1005 | N69: 26SITD3768568 | O69: 0 - 350°C | P69: -180 - 1372°C | Q69: N/A | R69: YES | S69: 4-20 mA w/ HART | T69: N/A | U69: N/A | V69: LO | W69: LO | X69: LO | Y69: LO | Z69: N/A | AA69: N/A | AB69: LO | AC69: LO | AD69: N/A | AE69: LO | AF69: LO | AG69: LO | AH69: 23.7 | AI69: Pass | AJ69: N/A | AK69: N/A | AL69: Pass | AM69: Pass | AN69: N/A | AO69: Pass | AP69: N/A | AQ69: N/A | AR69: Pass | AS69: Pass | AT69: N/A | AU69: N/A | AV69: EMERSON | AW69: TREX | AX69: 210100082367 | AY69: '2026-07-31 | CX69: Levy Ostrup | CY69: '2026-08-01
C70: K1B WELL PAD PROJECT | D70: KINOSIS K1B | E70: CA23007 | F70: 29103-TIT-1030J | G70: Temperature Transmitter | H70: PRODUCED EMULSION | I70: PAD A P03 PROD WELL DOWNHOLE TEMPERATURE | J70: 29103-25J-132-01 | K70: N/A | L70: ROSEMOUNT | M70: 644HAK6J6M5C8Q4DA1K1005 | N70: 26SITD3768566 | O70: 0 - 350°C | P70: -180 - 1372°C | Q70: N/A | R70: YES | S70: 4-20 mA w/ HART | T70: N/A | U70: N/A | V70: LO | W70: LO | X70: LO | Y70: LO | Z70: N/A | AA70: N/A | AB70: LO | AC70: LO | AD70: N/A | AE70: LO | AF70: LO | AG70: LO | AH70: 23.7 | AI70: Pass | AJ70: N/A | AK70: N/A | AL70: Pass | AM70: Pass | AN70: N/A | AO70: Pass | AP70: N/A | AQ70: N/A | AR70: Pass | AS70: Pass | AT70: N/A | AU70: N/A | AV70: EMERSON | AW70: TREX | AX70: 210100082367 | AY70: '2026-07-31 | CX70: Levy Ostrup | CY70: '2026-08-01
C71: K1B WELL PAD PROJECT | D71: KINOSIS K1B | E71: CA23007 | F71: 29103-TIT-1040A | G71: TEMPERATURE TRANSMITTER | H71: PRODUCED EMULSION | I71: PAD A P04 PROD WELL DOWNHOLE TEMPERATURE | J71: 29103-25J-142-01 | K71: N/A | L71: ROSEMOUNT | M71: 644HAK6J6M5C8Q4DA1K1005 | N71: 26SITD3768564 | O71: 0 - 350°C | P71: -180 - 1372°C | Q71: N/A | R71: YES | S71: 4-20 mA w/ HART | T71: N/A | U71: N/A | V71: LO | W71: LO | X71: LO | Y71: LO | Z71: N/A | AA71: N/A | AB71: LO | AC71: LO | AD71: N/A | AE71: LO | AF71: LO | AG71: LO | AH71: 23.7 | AI71: Pass | AJ71: N/A | AK71: N/A | AL71: Pass | AM71: Pass | AN71: N/A | AO71: Pass | AP71: N/A | AQ71: N/A | AR71: Pass | AS71: Pass | AT71: N/A | AU71: N/A | AV71: EMERSON | AW71: TREX | AX71: 210100082367 | AY71: '2026-07-31 | CX71: Levy Ostrup | CY71: '2026-08-01
C72: K1B WELL PAD PROJECT | D72: KINOSIS K1B | E72: CA23007 | F72: 29103-TIT-1040J | G72: TEMPERATURE TRANSMITTER | H72: PRODUCED EMULSION | I72: PAD A P04 PROD WELL DOWNHOLE TEMPERATURE | J72: 29103-25J-142-01 | K72: N/A | L72: ROSEMOUNT | M72: 644HAK6J6M5C8Q4DA1K1005 | N72: 26SITD3768591 | O72: 0 - 350°C | P72: -180 - 1372°C | Q72: N/A | R72: YES | S72: 4-20 mA w/ HART | T72: N/A | U72: N/A | V72: LO | W72: LO | X72: LO | Y72: LO | Z72: N/A | AA72: N/A | AB72: LO | AC72: LO | AD72: N/A | AE72: LO | AF72: LO | AG72: LO | AH72: 23.7 | AI72: Pass | AJ72: N/A | AK72: N/A | AL72: Pass | AM72: Pass | AN72: N/A | AO72: Pass | AP72: N/A | AQ72: N/A | AR72: Pass | AS72: Pass | AT72: N/A | AU72: N/A | AV72: EMERSON | AW72: TREX | AX72: 210100082367 | AY72: '2026-07-31 | CX72: Levy Ostrup | CY72: '2026-08-01
C73: K1B WELL PAD PROJECT | D73: KINOSIS K1B | E73: CA23007 | F73: 29103-TIT-1050A | G73: TEMPERATURE TRANSMITTER | H73: PRODUCED EMULSION | I73: PAD A P05 PROD WELL DOWNHOLE TEMPERATURE | J73: 29103-25J-152-01 | K73: N/A | L73: ROSEMOUNT | M73: 644HAK6J6M5C8Q4DA1K1005 | N73: 26SITD3768589 | O73: 0 - 350°C | P73: -180 - 1372°C | Q73: N/A | R73: YES | S73: 4-20 mA w/ HART | T73: N/A | U73: N/A | V73: LO | W73: LO | X73: LO | Y73: LO | Z73: N/A | AA73: N/A | AB73: LO | AC73: LO | AD73: N/A | AE73: LO | AF73: LO | AG73: LO | AH73: 23.7 | AI73: Pass | AJ73: N/A | AK73: N/A | AL73: Pass | AM73: Pass | AN73: N/A | AO73: Pass | AP73: N/A | AQ73: N/A | AR73: Pass | AS73: Pass | AT73: N/A | AU73: N/A | AV73: EMERSON | AW73: TREX | AX73: 210100082367 | AY73: '2026-07-31 | CX73: Levy Ostrup | CY73: '2026-08-01
C74: K1B WELL PAD PROJECT | D74: KINOSIS K1B | E74: CA23007 | F74: 29103-TIT-1050J | G74: TEMPERATURE TRANSMITTER | H74: PRODUCED EMULSION | I74: PAD A P05 PROD WELL DOWNHOLE TEMPERATURE | J74: 29103-25J-152-01 | K74: N/A | L74: ROSEMOUNT | M74: 644HAK6J6M5C8Q4DA1K1005 | N74: 26SITD3768570 | O74: 0 - 350°C | P74: -180 - 1372°C | Q74: N/A | R74: YES | S74: 4-20 mA w/ HART | T74: N/A | U74: N/A | V74: LO | W74: LO | X74: LO | Y74: LO | Z74: N/A | AA74: N/A | AB74: LO | AC74: LO | AD74: N/A | AE74: LO | AF74: LO | AG74: LO | AH74: 23.7 | AI74: Pass | AJ74: N/A | AK74: N/A | AL74: Pass | AM74: Pass | AN74: N/A | AO74: Pass | AP74: N/A | AQ74: N/A | AR74: Pass | AS74: Pass | AT74: N/A | AU74: N/A | AV74: EMERSON | AW74: TREX | AX74: 210100082367 | AY74: '2026-07-31 | CX74: Levy Ostrup | CY74: '2026-08-01
C75: K1B WELL PAD PROJECT | D75: KINOSIS K1B | E75: CA23007 | F75: 29103-TIT-1060A | G75: TEMPERATURE TRANSMITTER | H75: PRODUCED EMULSION | I75: PAD A P06 PROD WELL DOWNHOLE TEMPERATURE | J75: 29103-25J-162-01 | K75: N/A | L75: ROSEMOUNT | M75: 644HAK6J6M5C8Q4DA1K1005 | N75: 26SITD3771273 | O75: 0 - 350°C | P75: -180 - 1372°C | Q75: N/A | R75: YES | S75: 4-20 mA w/ HART | T75: N/A | U75: N/A | V75: LO | W75: LO | X75: LO | Y75: LO | Z75: N/A | AA75: N/A | AB75: LO | AC75: LO | AD75: N/A | AE75: LO | AF75: LO | AG75: LO | AH75: 23.7 | AI75: Pass | AJ75: N/A | AK75: N/A | AL75: Pass | AM75: Pass | AN75: N/A | AO75: Pass | AP75: N/A | AQ75: N/A | AR75: Pass | AS75: Pass | AT75: N/A | AU75: N/A | AV75: EMERSON | AW75: TREX | AX75: 210100082367 | AY75: '2026-07-31 | CX75: Levy Ostrup | CY75: '2026-08-01
C76: K1B WELL PAD PROJECT | D76: KINOSIS K1B | E76: CA23007 | F76: 29103-TIT-1060J | G76: TEMPERATURE TRANSMITTER | H76: PRODUCED EMULSION | I76: PAD A P06 PROD WELL DOWNHOLE TEMPERATURE | J76: 29103-25J-162-01 | K76: N/A | L76: ROSEMOUNT | M76: 644HAK6J6M5C8Q4DA1K1005 | N76: 26SITD3771271 | O76: 0 - 350°C | P76: -180 - 1372°C | Q76: N/A | R76: YES | S76: 4-20 mA w/ HART | T76: N/A | U76: N/A | V76: LO | W76: LO | X76: LO | Y76: LO | Z76: N/A | AA76: N/A | AB76: LO | AC76: LO | AD76: N/A | AE76: LO | AF76: LO | AG76: LO | AH76: 23.7 | AI76: Pass | AJ76: N/A | AK76: N/A | AL76: Pass | AM76: Pass | AN76: N/A | AO76: Pass | AP76: N/A | AQ76: N/A | AR76: Pass | AS76: Pass | AT76: N/A | AU76: N/A | AV76: EMERSON | AW76: TREX | AX76: 210100082367 | AY76: '2026-07-31 | CX76: Levy Ostrup | CY76: '2026-08-01
... C78: K1B WELL PAD PROJECT | D78: KINOSIS K1B | E78: CA23007 | F78: 29103-TIT-1070A | G78: TEMPERATURE TRANSMITTER | H78: PRODUCED EMULSION | I78: PAD A P07 PROD WELL DOWNHOLE TEMPERATURE | J78: 29103-25J-172-01 | K78: N/A | L78: ROSEMOUNT | M78: 644HAK6J6M5C8Q4DA1K1005 | N78: N/A | O78: 0 - 350°C | P78: -180 - 1372°C | Q78: N/A | R78: YES | S78: 4-20 mA w/ HART | T78: N/A | U78: N/A | V78: LO | W78: LO | X78: LO | Y78: LO | Z78: N/A | AA78: N/A | AB78: LO | AC78: LO | AD78: N/A | AE78: LO | AF78: LO | AG78: LO | AH78: 23.7 | AI78: Pass | AJ78: N/A | AK78: N/A | AL78: Pass | AM78: Pass | AN78: N/A | AO78: Pass | AP78: N/A | AQ78: N/A | AR78: Pass | AS78: Pass | AT78: N/A | AU78: N/A | AV78: EMERSON | AW78: TREX | AX78: 210100082367 | AY78: '2026-07-31 | CX78: Levy Ostrup | CY78: '2026-08-01
C79: K1B WELL PAD PROJECT | D79: KINOSIS K1B | E79: CA23007 | F79: 29103-PIT-1015 | G79: Pressure Transmitter | H79: PRODUCED EMULSION | I79: PAD A S01 RETURN FLUID TO PROD WELL HEAD | J79: 29103-25J-112-01 | K79: 29103-4"-P-1101-DAPC0-64H-ET | L79: ROSEMOUNT | M79: 3051TG4A2B21AS1M536Q4Q8Q15P1BR5 | N79: 26SIPG3884780 | O79: 0 - 3000 kPa-g | P79: -101 - 5515 kPa-g | Q79: N/A | R79: Yes | S79: 4-20 mA w/ HART | T79: N/A | U79: N/A | V79: LO | W79: LO | X79: LO | Y79: LO | Z79: N/A | AA79: LO | AB79: LO | AC79: LO | AD79: N/A | AE79: LO | AF79: LO | AG79: LO | AH79: 23.7 | AI79: Pass | AJ79: N/A | AK79: N/A | AL79: Pass | AM79: Pass | AN79: N/A | AO79: Pass | AP79: N/A | AQ79: N/A | AR79: Pass | AS79: Pass | AT79: N/A | AU79: N/A | AV79: CRYSTAL ENGINEERING | AW79: IS33-36/5000 PSI | AX79: 4530-525617 | AY79: '2026-07-02 | AZ79: EMERSON | BA79: TREX | BB79: 210100082367 | BC79: '2026-07-31 | CX79: Levy Ostrup | CY79: '2026-08-01
C80: K1B WELL PAD PROJECT | D80: KINOSIS K1B | E80: CA23007 | F80: 29103-TIT-1015 | G80: Temperature Indicating Transmitter | H80: PRODUCED EMULSION | I80: PAD A S01 RETURN FLUID TO PROD WELL HEADER | J80: 29103-25J-112-01 | K80: 29103-4"-P-1101-DAPC0-64H-ET | L80: ROSEMOUNT | M80: 3144PD1A1K6M5Q4C8BR5XA | N80: 26SITC3662821 | O80: -50 - 300°C | P80: -200 - 600°C | Q80: N/A | R80: Yes | S80: 4-20 mA w/ HART | T80: N/A | U80: N/A | V80: LO | W80: LO | X80: LO | Y80: LO | Z80: N/A | AA80: N/A | AB80: LO | AC80: LO | AD80: N/A | AE80: LO | AF80: LO | AG80: LO | AH80: 23.6 | AI80: Pass | AJ80: N/A | AK80: N/A | AL80: Pass | AM80: Pass | AN80: N/A | AO80: Pass | AP80: N/A | AQ80: N/A | AR80: Pass | AS80: Pass | AT80: N/A | AU80: N/A | AV80: FLUKE | AW80: 1551A EX | AX80: 6627011 | AY80: '2026-05-13 | CX80: Levy Ostrup | CY80: '2026-08-01
C81: K1B WELL PAD PROJECT | D81: KINOSIS K1B | E81: CA23007 | F81: 29103-PIT-1025 | G81: Pressure Transmitter | H81: PRODUCED EMULSION | I81: PAD A S02 RETURN FLUID TO PROD WELL HEAD | J81: 29103-25J-122-01 | K81: 29103-4"-P-1201-DAPC0-64H-ET | L81: ROSEMOUNT | M81: 3051TG4A2B21AS1M536Q4Q8Q15P1BR5 | N81: 26SIPG3884603 | O81: 0 - 3000 kPa-g | P81: -101 - 5515 kPa-g | Q81: N/A | R81: Yes | S81: 4-20 mA w/ HART | T81: N/A | U81: N/A | V81: LO | W81: LO | X81: LO | Y81: LO | Z81: N/A | AA81: LO | AB81: LO | AC81: LO | AD81: N/A | AE81: LO | AF81: LO | AG81: LO | AH81: 23.8 | AI81: Pass | AJ81: N/A | AK81: N/A | AL81: Pass | AM81: Pass | AN81: N/A | AO81: Pass | AP81: N/A | AQ81: N/A | AR81: Pass | AS81: Pass | AT81: N/A | AU81: N/A | AV81: CRYSTAL ENGINEERING | AW81: IS33-36/5000 PSI | AX81: 4530-525617 | AY81: '2026-07-02 | AZ81: EMERSON | BA81: TREX | BB81: 210100082367 | BC81: '2026-07-31 | CX81: Levy Ostrup | CY81: '2026-08-01
C82: K1B WELL PAD PROJECT | D82: KINOSIS K1B | E82: CA23007 | F82: 29103-TIT-1025 | G82: Temperature Indicating Transmitter | H82: PRODUCED EMULSION | I82: PAD A S02 RETURN FLUID TO PROD WELL HEADER | J82: 29103-25J-122-01 | K82: 29103-4"-P-1201-DAPC0-64H-ET | L82: ROSEMOUNT | M82: 3144PD1A1K6M5Q4C8BR5XA | N82: 26SITC3662819 | O82: -50 - 300°C | P82: -200 - 600°C | Q82: N/A | R82: Yes | S82: 4-20 mA w/ HART | T82: N/A | U82: N/A | V82: LO | W82: LO | X82: LO | Y82: LO | Z82: N/A | AA82: N/A | AB82: LO | AC82: LO | AD82: N/A | AE82: LO | AF82: LO | AG82: LO | AH82: 23.4 | AI82: Pass | AJ82: N/A | AK82: N/A | AL82: Pass | AM82: Pass | AN82: N/A | AO82: Pass | AP82: N/A | AQ82: N/A | AR82: Pass | AS82: Pass | AT82: N/A | AU82: N/A | AV82: FLUKE | AW82: 1551A EX | AX82: 6627011 | AY82: '2026-05-13 | CX82: Levy Ostrup | CY82: '2026-08-01
C83: K1B WELL PAD PROJECT | D83: KINOSIS K1B | E83: CA23007 | F83: 29103-PIT-1035 | G83: Pressure Transmitter | H83: PRODUCED EMULSION | I83: PAD A S03 RETURN FLUID TO PROD WELL HEAD | J83: 29103-25J-132-01 | K83: 29103-4"-P-1301-DAPC0-64H-ET | L83: ROSEMOUNT | M83: 3051TG4A2B21AS1M536Q4Q8Q15P1BR5 | N83: 26SIPG3885065 | O83: 0 - 3000 kPa-g | P83: -101 - 5515 kPa-g | Q83: N/A | R83: Yes | S83: 4-20 mA w/ HART | T83: N/A | U83: N/A | V83: LO | W83: LO | X83: LO | Y83: LO | Z83: N/A | AA83: LO | AB83: LO | AC83: LO | AD83: N/A | AE83: LO | AF83: LO | AG83: LO | AH83: 23.9 | AI83: Pass | AJ83: N/A | AK83: N/A | AL83: Pass | AM83: Pass | AN83: N/A | AO83: Pass | AP83: N/A | AQ83: N/A | AR83: Pass | AS83: Pass | AT83: N/A | AU83: N/A | AV83: CRYSTAL ENGINEERING | AW83: IS33-36/5000 PSI | AX83: 4530-525617 | AY83: '2026-07-02 | AZ83: EMERSON | BA83: TREX | BB83: 210100082367 | BC83: '2026-07-31 | CX83: Levy Ostrup | CY83: '2026-08-01
C84: K1B WELL PAD PROJECT | D84: KINOSIS K1B | E84: CA23007 | F84: 29103-TIT-1035 | G84: Temperature Indicating Transmitter | H84: PRODUCED EMULSION | I84: PAD A S03 RETURN FLUID TO PROD WELL HEADER | J84: 29103-25J-132-01 | K84: 29103-4"-P-1301-DAPC0-64H-ET | L84: ROSEMOUNT | M84: 3144PD1A1K6M5Q4C8BR5XA | N84: 26SITC3662818 | O84: -50 - 300°C | P84: -200 - 600°C | Q84: N/A | R84: Yes | S84: 4-20 mA w/ HART | T84: N/A | U84: N/A | V84: LO | W84: LO | X84: LO | Y84: LO | Z84: N/A | AA84: N/A | AB84: LO | AC84: LO | AD84: N/A | AE84: LO | AF84: LO | AG84: LO | AH84: 23.8 | AI84: Pass | AJ84: N/A | AK84: N/A | AL84: Pass | AM84: Pass | AN84: N/A | AO84: Pass | AP84: N/A | AQ84: N/A | AR84: Pass | AS84: Pass | AT84: N/A | AU84: N/A | AV84: FLUKE | AW84: 1551A EX | AX84: 6627011 | AY84: '2026-05-13 | CX84: Levy Ostrup | CY84: '2026-08-01
C85: K1B WELL PAD PROJECT | D85: KINOSIS K1B | E85: CA23007 | F85: 29103-PIT-1045 | G85: Pressure Transmitter | H85: PRODUCED EMULSION | I85: PAD A S04 RETURN FLUID TO PROD WELL HEAD | J85: 29103-25J-142-01 | K85: 29103-4"-P-1401-DAPC0-64H-ET | L85: ROSEMOUNT | M85: 3051TG4A2B21AS1M536Q4Q8Q15P1BR5 | N85: 26SIPG3884593 | O85: 0 - 3000 kPa-g | P85: -101 - 5515 kPa-g | Q85: N/A | R85: Yes | S85: 4-20 mA w/ HART | T85: N/A | U85: N/A | V85: LO | W85: LO | X85: LO | Y85: LO | Z85: N/A | AA85: LO | AB85: LO | AC85: LO | AD85: N/A | AE85: LO | AF85: LO | AG85: LO | AH85: 23.8 | AI85: Pass | AJ85: N/A | AK85: N/A | AL85: Pass | AM85: Pass | AN85: N/A | AO85: Pass | AP85: N/A | AQ85: N/A | AR85: Pass | AS85: Pass | AT85: N/A | AU85: N/A | AV85: CRYSTAL ENGINEERING | AW85: IS33-36/5000 PSI | AX85: 4530-525617 | AY85: '2026-07-02 | AZ85: EMERSON | BA85: TREX | BB85: 210100082367 | BC85: '2026-07-31 | CX85: Levy Ostrup | CY85: '2026-08-01
C86: K1B WELL PAD PROJECT | D86: KINOSIS K1B | E86: CA23007 | F86: 29103-TIT-1045 | G86: Temperature Indicating Transmitter | H86: PRODUCED EMULSION | I86: PAD A S04 RETURN FLUID TO PROD WELL HEADER | J86: 29103-25J-142-01 | K86: 29103-4"-P-1401-DAPC0-64H-ET | L86: ROSEMOUNT | M86: 3144PD1A1K6M5Q4C8BR5XA | N86: 26SITC3662815 | O86: -50 - 300°C | P86: -200 - 600°C | Q86: N/A | R86: Yes | S86: 4-20 mA w/ HART | T86: N/A | U86: N/A | V86: LO | W86: LO | X86: LO | Y86: LO | Z86: N/A | AA86: N/A | AB86: LO | AC86: LO | AD86: N/A | AE86: LO | AF86: LO | AG86: LO | AH86: 23.6 | AI86: Pass | AJ86: N/A | AK86: N/A | AL86: Pass | AM86: Pass | AN86: N/A | AO86: Pass | AP86: N/A | AQ86: N/A | AR86: Pass | AS86: Pass | AT86: N/A | AU86: N/A | AV86: FLUKE | AW86: 1551A EX | AX86: 6627011 | AY86: '2026-05-13 | CX86: Levy Ostrup | CY86: '2026-08-01
C87: K1B WELL PAD PROJECT | D87: KINOSIS K1B | E87: CA23007 | F87: 29103-PIT-1055 | G87: Pressure Transmitter | H87: PRODUCED EMULSION | I87: PAD A S05 RETURN FLUID TO PROD WELL HEAD | J87: 29103-25J-152-01 | K87: 29103-4"-P-1501-DAPC0-64H-ET | L87: ROSEMOUNT | M87: 3051TG4A2B21AS1M536Q4Q8Q15P1BR5 | N87: 26SIPG3884748 | O87: 0 - 3000 kPa-g | P87: -101 - 5515 kPa-g | Q87: N/A | R87: Yes | S87: 4-20 mA w/ HART | T87: N/A | U87: N/A | V87: LO | W87: LO | X87: LO | Y87: LO | Z87: N/A | AA87: LO | AB87: LO | AC87: LO | AD87: N/A | AE87: LO | AF87: LO | AG87: LO | AH87: 23.9 | AI87: Pass | AJ87: N/A | AK87: N/A | AL87: Pass | AM87: Pass | AN87: N/A | AO87: Pass | AP87: N/A | AQ87: N/A | AR87: Pass | AS87: Pass | AT87: N/A | AU87: N/A | AV87: CRYSTAL ENGINEERING | AW87: IS33-36/5000 PSI | AX87: 4530-525617 | AY87: '2026-07-02 | AZ87: EMERSON | BA87: TREX | BB87: 210100082367 | BC87: '2026-07-31 | CX87: Levy Ostrup | CY87: '2026-08-01
C88: K1B WELL PAD PROJECT | D88: KINOSIS K1B | E88: CA23007 | F88: 29103-TIT-1055 | G88: Temperature Indicating Transmitter | H88: PRODUCED EMULSION | I88: PAD A S05 RETURN FLUID TO PROD WELL HEADER | J88: 29103-25J-152-01 | K88: 29103-4"-P-1501-DAPC0-64H-ET | L88: ROSEMOUNT | M88: 3144PD1A1K6M5Q4C8BR5XA | N88: 26SITC3662813 | O88: -50 - 300°C | P88: -200 - 600°C | Q88: N/A | R88: Yes | S88: 4-20 mA w/ HART | T88: N/A | U88: N/A | V88: LO | W88: LO | X88: LO | Y88: LO | Z88: N/A | AA88: N/A | AB88: LO | AC88: LO | AD88: N/A | AE88: LO | AF88: LO | AG88: LO | AH88: 23.8 | AI88: Pass | AJ88: N/A | AK88: N/A | AL88: Pass | AM88: Pass | AN88: N/A | AO88: Pass | AP88: N/A | AQ88: N/A | AR88: Pass | AS88: Pass | AT88: N/A | AU88: N/A | AV88: FLUKE | AW88: 1551A EX | AX88: 6627011 | AY88: '2026-05-13 | CX88: Levy Ostrup | CY88: '2026-08-01
C89: K1B WELL PAD PROJECT | D89: KINOSIS K1B | E89: CA23007 | F89: 29103-PIT-1065 | G89: Pressure Transmitter | H89: PRODUCED EMULSION | I89: PAD A S06 RETURN FLUID TO PROD WELL HEAD | J89: 29103-25J-162-01 | K89: 29103-4"-P-1601-DAPC0-64H-ET | L89: ROSEMOUNT | M89: 3051TG4A2B21AS1M536Q4Q8Q15P1BR5 | N89: 26SIPG3884741 | O89: 0 - 3000 kPa-g | P89: -101 - 5515 kPa-g | Q89: N/A | R89: Yes | S89: 4-20 mA w/ HART | T89: N/A | U89: N/A | V89: LO | W89: LO | X89: LO | Y89: LO | Z89: N/A | AA89: LO | AB89: LO | AC89: LO | AD89: N/A | AE89: LO | AF89: LO | AG89: LO | AH89: 23.5 | AI89: Pass | AJ89: N/A | AK89: N/A | AL89: Pass | AM89: Pass | AN89: N/A | AO89: Pass | AP89: N/A | AQ89: N/A | AR89: Pass | AS89: Pass | AT89: N/A | AU89: N/A | AV89: CRYSTAL ENGINEERING | AW89: IS33-36/5000 PSI | AX89: 4530-525617 | AY89: '2026-07-02 | AZ89: EMERSON | BA89: TREX | BB89: 210100082367 | BC89: '2026-07-31 | CX89: Levy Ostrup | CY89: '2026-08-01
C90: K1B WELL PAD PROJECT | D90: KINOSIS K1B | E90: CA23007 | F90: 29103-TIT-1065 | G90: Temperature Indicating Transmitter | H90: PRODUCED EMULSION | I90: PAD A S06 RETURN FLUID TO PROD WELL HEADER | J90: 29103-25J-162-01 | K90: 29103-4"-P-1601-DAPC0-64H-ET | L90: ROSEMOUNT | M90: 3144PD1A1K6M5Q4C8BR5XA | N90: 26SITC3662811 | O90: -50 - 300°C | P90: -200 - 600°C | Q90: N/A | R90: Yes | S90: 4-20 mA w/ HART | T90: N/A | U90: N/A | V90: LO | W90: LO | X90: LO | Y90: LO | Z90: N/A | AA90: N/A | AB90: LO | AC90: LO | AD90: N/A | AE90: LO | AF90: LO | AG90: LO | AH90: 23.8 | AI90: Pass | AJ90: N/A | AK90: N/A | AL90: Pass | AM90: Pass | AN90: N/A | AO90: Pass | AP90: N/A | AQ90: N/A | AR90: Pass | AS90: Pass | AT90: N/A | AU90: N/A | AV90: FLUKE | AW90: 1551A EX | AX90: 6627011 | AY90: '2026-05-13 | CX90: Levy Ostrup | CY90: '2026-08-01
C91: K1B WELL PAD PROJECT | D91: KINOSIS K1B | E91: CA23007 | F91: 29103-PIT-1075 | G91: Pressure Transmitter | H91: PRODUCED EMULSION | I91: PAD A S07 RETURN FLUID TO PROD WELL HEAD | J91: 29103-25J-172-01 | K91: 29103-4"-P-1701-DAPC0-64H-ET | L91: ROSEMOUNT | M91: 3051TG4A2B21AS1M536Q4Q8Q15P1BR5 | N91: 26SIPG3884734 | O91: 0 - 3000 kPa-g | P91: -101 - 5515 kPa-g | Q91: N/A | R91: Yes | S91: 4-20 mA w/ HART | T91: N/A | U91: N/A | V91: LO | W91: LO | X91: LO | Y91: LO | Z91: N/A | AA91: LO | AB91: LO | AC91: LO | AD91: N/A | AE91: LO | AF91: LO | AG91: LO | AH91: 23.8 | AI91: Pass | AJ91: N/A | AK91: N/A | AL91: Pass | AM91: Pass | AN91: N/A | AO91: Pass | AP91: N/A | AQ91: N/A | AR91: Pass | AS91: Pass | AT91: N/A | AU91: N/A | AV91: CRYSTAL ENGINEERING | AW91: IS33-36/5000 PSI | AX91: 4530-525617 | AY91: '2026-07-02 | AZ91: EMERSON | BA91: TREX | BB91: 210100082367 | BC91: '2026-07-31 | CX91: Levy Ostrup | CY91: '2026-08-01
C92: K1B WELL PAD PROJECT | D92: KINOSIS K1B | E92: CA23007 | F92: 29103-TIT-1075 | G92: Temperature Indicating Transmitter | H92: PRODUCED EMULSION | I92: PAD A S07 RETURN FLUID TO PROD WELL HEADER | J92: 29103-25J-172-01 | K92: 29103-4"-P-1701-DAPC0-64H-ET | L92: ROSEMOUNT | M92: 3144PD1A1K6M5Q4C8BR5XA | N92: 26SITC3662851 | O92: -50 - 300°C | P92: -200 - 600°C | Q92: N/A | R92: Yes | S92: 4-20 mA w/ HART | T92: N/A | U92: N/A | V92: LO | W92: LO | X92: LO | Y92: LO | Z92: N/A | AA92: N/A | AB92: LO | AC92: LO | AD92: N/A | AE92: LO | AF92: LO | AG92: LO | AH92: 23.8 | AI92: Pass | AJ92: N/A | AK92: N/A | AL92: Pass | AM92: Pass | AN92: N/A | AO92: Pass | AP92: N/A | AQ92: N/A | AR92: Pass | AS92: Pass | AT92: N/A | AU92: N/A | AV92: FLUKE | AW92: 1551A EX | AX92: 6627011 | AY92: '2026-05-13 | CX92: Levy Ostrup | CY92: '2026-08-01
C93: K1B WELL PAD PROJECT | D93: KINOSIS K1B | E93: CA23007 | F93: 29103-FIT-1015 | G93: Vortex Flow Meter | H93: NATURAL GAS | I93: PAD A S01 NG TO INJC WELL TOE FLOW CTRL | J93: 29103-25J-111-01 | K93: 29103-1"-FG-1105-DLHB0-38H | L93: ROSEMOUNT | M93: 8800DF010SA8N1D1K6M5Q5Q8Q66Q71Q77 | N93: 13953601 | O93: 0 to 30 m3/h @flow | P93: 1.82 to 90.91 m3/h @flow | Q93: N/A | R93: Yes | S93: 4-20 mA w/ HART | T93: N/A | U93: N/A | V93: LO | W93: LO | X93: LO | Y93: LO | Z93: N/A | AA93: N/A | AB93: LO | AC93: LO | AD93: N/A | AE93: LO | AF93: LO | AG93: LO | AH93: 23.5 | AI93: Pass | AJ93: N/A | AK93: N/A | AL93: Pass | AM93: Pass | AN93: N/A | AO93: Pass | AP93: N/A | AQ93: N/A | AR93: Pass | AS93: Pass | AT93: N/A | AU93: N/A | AV93: EMERSON | AW93: TREX | AX93: 210100082367 | AY93: '2026-07-31 | CX93: Levy Ostrup | CY93: '2026-08-01
C94: K1B WELL PAD PROJECT | D94: KINOSIS K1B | E94: CA23007 | F94: 29103-FIT-1035 | G94: Vortex Flow Meter | H94: NATURAL GAS | I94: PAD A S03 NG TO INJC WELL TOE FLOW CTRL | J94: 29103-25J-131-01 | K94: 29103-1"-FG-1305-DLHB0-38H | L94: ROSEMOUNT | M94: 8800DF010SA8N1D1K6M5Q5Q8Q66Q71Q77 | N94: 13957129 | O94: 0 to 30 m3/h @flow | P94: 1.82 to 90.91 m3/h @flow | Q94: N/A | R94: Yes | S94: 4-20 mA w/ HART | T94: N/A | U94: N/A | V94: LO | W94: LO | X94: LO | Y94: LO | Z94: N/A | AA94: N/A | AB94: LO | AC94: LO | AD94: N/A | AE94: LO | AF94: LO | AG94: LO | AH94: 23.8 | AI94: Pass | AJ94: N/A | AK94: N/A | AL94: Pass | AM94: Pass | AN94: N/A | AO94: Pass | AP94: N/A | AQ94: N/A | AR94: Pass | AS94: Pass | AT94: N/A | AU94: N/A | AV94: EMERSON | AW94: TREX | AX94: 210100082367 | AY94: '2026-07-31 | CX94: Levy Ostrup | CY94: '2026-08-01
C95: K1B WELL PAD PROJECT | D95: KINOSIS K1B | E95: CA23007 | F95: 29103-FIT-1055 | G95: Vortex Flow Meter | H95: NATURAL GAS | I95: PAD A S05 NG TO INJC WELL TOE FLOW CTRL | J95: 29103-25J-151-01 | K95: 29103-1"-FG-1505-DLHB0-38H | L95: ROSEMOUNT | M95: 8800DF010SA8N1D1K6M5Q5Q8Q66Q71Q77 | N95: 13953602 | O95: 0 to 30 m3/h @flow | P95: 1.82 to 90.91 m3/h @flow | Q95: N/A | R95: Yes | S95: 4-20 mA w/ HART | T95: N/A | U95: N/A | V95: LO | W95: LO | X95: LO | Y95: LO | Z95: N/A | AA95: N/A | AB95: LO | AC95: LO | AD95: N/A | AE95: LO | AF95: LO | AG95: LO | AH95: 23.8 | AI95: Pass | AJ95: N/A | AK95: N/A | AL95: Pass | AM95: Pass | AN95: N/A | AO95: Pass | AP95: N/A | AQ95: N/A | AR95: Pass | AS95: Pass | AT95: N/A | AU95: N/A | AV95: EMERSON | AW95: TREX | AX95: 210100082367 | AY95: '2026-07-31 | CX95: Levy Ostrup | CY95: '2026-08-01
C96: K1B WELL PAD PROJECT | D96: KINOSIS K1B | E96: CA23007 | F96: 29103-PIT-1013 | G96: Pressure Transmitter | H96: NATURAL GAS | I96: PAD A S01 NG INJECTION PRESSURE | J96: 29103-25J-111-01 | K96: 29103-1"-FG-1103-DLHB0-38H-ET | L96: ROSEMOUNT | M96: 3051T | N96: 26SIPG3884042 | O96: 0 - 4000 kPa-g | P96: -101 to 5515 kPa-g | Q96: N/A | R96: YES | S96: 4-20 mA w/ HART | T96: N/A | U96: N/A | V96: LO | W96: LO | X96: LO | Y96: LO | Z96: N/A | AA96: LO | AB96: LO | AC96: LO | AD96: N/A | AE96: LO | AF96: LO | AG96: LO | AH96: 23.4 | AI96: Pass | AJ96: N/A | AK96: N/A | AL96: Pass | AM96: Pass | AN96: N/A | AO96: Pass | AP96: N/A | AQ96: N/A | AR96: Pass | AS96: Pass | AT96: N/A | AU96: N/A | AV96: CRYSTAL ENGINEERING | AW96: IS33-36/5000 PSI | AX96: 4530-525617 | AY96: '2026-07-02 | AZ96: EMERSON | BA96: TREX | BB96: 210100082367 | BC96: '2026-07-31 | CX96: Levy Ostrup | CY96: '2026-08-01
C97: K1B WELL PAD PROJECT | D97: KINOSIS K1B | E97: CA23007 | F97: 29103-PIT-1017 | G97: Pressure Transmitter | H97: NATURAL GAS | I97: PAD A P01 NG INJC PRESSURE | J97: 29103-25J-112-01 | K97: 29103-1"-FG-1101-DLHB0-38H-ET | L97: ROSEMOUNT | M97: 3051T | N97: N/A | O97: 0 - 4000 kPa-g | P97: -101 - 5515 kPa-g | Q97: N/A | R97: YES | S97: 4-20 mA w/ HART | T97: N/A | U97: N/A | V97: LO | W97: LO | X97: LO | Y97: LO | Z97: N/A | AA97: LO | AB97: LO | AC97: LO | AD97: N/A | AE97: LO | AF97: LO | AG97: LO | AH97: 23.4 | AI97: Pass | AJ97: N/A | AK97: N/A | AL97: Pass | AM97: Pass | AN97: N/A | AO97: Pass | AP97: N/A | AQ97: N/A | AR97: Pass | AS97: Pass | AT97: N/A | AU97: N/A | AV97: CRYSTAL ENGINEERING | AW97: IS33-36/5000 PSI | AX97: 4530-525617 | AY97: '2026-07-02 | AZ97: EMERSON | BA97: TREX | BB97: 210100082367 | BC97: '2026-07-31 | CX97: Levy Ostrup | CY97: '2026-08-01
C98: K1B WELL PAD PROJECT | D98: KINOSIS K1B | E98: CA23007 | F98: 29103-PIT-1023 | G98: Pressure Transmitter | H98: NATURAL GAS | I98: PAD A S02 NG INJECTION PRESSURE | J98: 29103-25J-121-01 | K98: 29103-1"-FG-1203-DLHB0-38H-ET | L98: ROSEMOUNT | M98: 3051T | N98: 26SIPG3884003 | O98: 0 - 4000 kPa-g | P98: -101 - 5515 kPa-g | Q98: N/A | R98: YES | S98: 4-20 mA w/ HART | T98: N/A | U98: N/A | V98: LO | W98: LO | X98: LO | Y98: LO | Z98: N/A | AA98: LO | AB98: LO | AC98: LO | AD98: N/A | AE98: LO | AF98: LO | AG98: LO | AH98: 23.4 | AI98: Pass | AJ98: N/A | AK98: N/A | AL98: Pass | AM98: Pass | AN98: N/A | AO98: Pass | AP98: N/A | AQ98: N/A | AR98: Pass | AS98: Pass | AT98: N/A | AU98: N/A | AV98: CRYSTAL ENGINEERING | AW98: IS33-36/5000 PSI | AX98: 4530-525617 | AY98: '2026-07-02 | AZ98: EMERSON | BA98: TREX | BB98: 210100082367 | BC98: '2026-07-31 | CX98: Levy Ostrup | CY98: '2026-08-01
C99: K1B WELL PAD PROJECT | D99: KINOSIS K1B | E99: CA23007 | F99: 29103-PIT-1027 | G99: Pressure Transmitter | H99: NATURAL GAS | I99: PAD A P02 NG INJC PRESSURE | J99: 29103-25J-122-01 | K99: 29103-1"-FG-1201-DLHB0-38H-ET | L99: ROSEMOUNT | M99: 3051T | N99: N/A | O99: 0 - 4000 kPa-g | P99: -101 - 5515 kPa-g | Q99: N/A | R99: YES | S99: 4-20 mA w/ HART | T99: N/A | U99: N/A | V99: LO | W99: LO | X99: LO | Y99: LO | Z99: N/A | AA99: LO | AB99: LO | AC99: LO | AD99: N/A | AE99: LO | AF99: LO | AG99: LO | AH99: 23.4 | AI99: Pass | AJ99: N/A | AK99: N/A | AL99: Pass | AM99: Pass | AN99: N/A | AO99: Pass | AP99: N/A | AQ99: N/A | AR99: Pass | AS99: Pass | AT99: N/A | AU99: N/A | AV99: CRYSTAL ENGINEERING | AW99: IS33-36/5000 PSI | AX99: 4530-525617 | AY99: '2026-07-02 | AZ99: EMERSON | BA99: TREX | BB99: 210100082367 | BC99: '2026-07-31 | CX99: Levy Ostrup | CY99: '2026-08-01
C100: K1B WELL PAD PROJECT | D100: KINOSIS K1B | E100: CA23007 | F100: 29103-PIT-1033 | G100: Pressure Transmitter | H100: NATURAL GAS | I100: PAD A S03 NG INJECTION PRESSURE | J100: 29103-25J-131-01 | K100: 29103-1"-FG-1303-DLHB0-38H-ET | L100: ROSEMOUNT | M100: 3051T | N100: 26SIPG3884957 | O100: 0 - 4000 kPa-g | P100: -101 - 5515 kPa-g | Q100: N/A | R100: YES | S100: 4-20 mA w/ HART | T100: N/A | U100: N/A | V100: LO | W100: LO | X100: LO | Y100: LO | Z100: N/A | AA100: LO | AB100: LO | AC100: LO | AD100: N/A | AE100: LO | AF100: LO | AG100: LO | AH100: 23.4 | AI100: Pass | AJ100: N/A | AK100: N/A | AL100: Pass | AM100: Pass | AN100: N/A | AO100: Pass | AP100: N/A | AQ100: N/A | AR100: Pass | AS100: Pass | AT100: N/A | AU100: N/A | AV100: CRYSTAL ENGINEERING | AW100: IS33-36/5000 PSI | AX100: 4530-525617 | AY100: '2026-07-02 | AZ100: EMERSON | BA100: TREX | BB100: 210100082367 | BC100: '2026-07-31 | CX100: Levy Ostrup | CY100: '2026-08-01
C101: K1B WELL PAD PROJECT | D101: KINOSIS K1B | E101: CA23007 | F101: 29103-PIT-1037 | G101: Pressure Transmitter | H101: NATURAL GAS | I101: PAD A P03 NG INJC PRESSURE | J101: 29103-25J-132-01 | K101: 29103-1"-FG-1301-DLHB0-38H-ET | L101: ROSEMOUNT | M101: 3051T | N101: N/A | O101: 0 - 4000 kPa-g | P101: -101 - 5515 kPa-g | Q101: N/A | R101: YES | S101: 4-20 mA w/ HART | T101: N/A | U101: N/A | V101: LO | W101: LO | X101: LO | Y101: LO | Z101: N/A | AA101: LO | AB101: LO | AC101: LO | AD101: N/A | AE101: LO | AF101: LO | AG101: LO | AH101: 23.4 | AI101: Pass | AJ101: N/A | AK101: N/A | AL101: Pass | AM101: Pass | AN101: N/A | AO101: Pass | AP101: N/A | AQ101: N/A | AR101: Pass | AS101: Pass | AT101: N/A | AU101: N/A | AV101: CRYSTAL ENGINEERING | AW101: IS33-36/5000 PSI | AX101: 4530-525617 | AY101: '2026-07-02 | AZ101: EMERSON | BA101: TREX | BB101: 210100082367 | BC101: '2026-07-31 | CX101: Levy Ostrup | CY101: '2026-08-01
C102: K1B WELL PAD PROJECT | D102: KINOSIS K1B | E102: CA23007 | F102: 29103-PIT-1043 | G102: Pressure Transmitter | H102: NATURAL GAS | I102: PAD A S04 NG INJECTION PRESSURE | J102: 29103-25J-141-01 | K102: 29103-1"-FG-1403-DLHB0-38H-ET | L102: ROSEMOUNT | M102: 3051T | N102: 26SIPG3884458 | O102: 0 - 4000 kPa-g | P102: -101 - 5515 kPa-g | Q102: N/A | R102: YES | S102: 4-20 mA w/ HART | T102: N/A | U102: N/A | V102: LO | W102: LO | X102: LO | Y102: LO | Z102: N/A | AA102: LO | AB102: LO | AC102: LO | AD102: N/A | AE102: LO | AF102: LO | AG102: LO | AH102: 23.4 | AI102: Pass | AJ102: N/A | AK102: N/A | AL102: Pass | AM102: Pass | AN102: N/A | AO102: Pass | AP102: N/A | AQ102: N/A | AR102: Pass | AS102: Pass | AT102: N/A | AU102: N/A | AV102: CRYSTAL ENGINEERING | AW102: IS33-36/5000 PSI | AX102: 4530-525617 | AY102: '2026-07-02 | AZ102: EMERSON | BA102: TREX | BB102: 210100082367 | BC102: '2026-07-31 | CX102: Levy Ostrup | CY102: '2026-08-01
C103: K1B WELL PAD PROJECT | D103: KINOSIS K1B | E103: CA23007 | F103: 29103-PIT-1047 | G103: Pressure Transmitter | H103: NATURAL GAS | I103: PAD A P04 NG INJC PRESSURE | J103: 29103-25J-142-01 | K103: 29103-1"-FG-1401-DLHB0-38H-ET | L103: ROSEMOUNT | M103: 3051T | N103: N/A | O103: 0 - 4000 kPa-g | P103: -101 - 5515 kPa-g | Q103: N/A | R103: YES | S103: 4-20 mA w/ HART | T103: N/A | U103: N/A | V103: LO | W103: LO | X103: LO | Y103: LO | Z103: N/A | AA103: LO | AB103: LO | AC103: LO | AD103: N/A | AE103: LO | AF103: LO | AG103: LO | AH103: 23.4 | AI103: Pass | AJ103: N/A | AK103: N/A | AL103: Pass | AM103: Pass | AN103: N/A | AO103: Pass | AP103: N/A | AQ103: N/A | AR103: Pass | AS103: Pass | AT103: N/A | AU103: N/A | AV103: CRYSTAL ENGINEERING | AW103: IS33-36/5000 PSI | AX103: 4530-525617 | AY103: '2026-07-02 | AZ103: EMERSON | BA103: TREX | BB103: 210100082367 | BC103: '2026-07-31 | CX103: Levy Ostrup | CY103: '2026-08-01
C104: K1B WELL PAD PROJECT | D104: KINOSIS K1B | E104: CA23007 | F104: 29103-PIT-1057 | G104: Pressure Transmitter | H104: NATURAL GAS | I104: PAD A P05 NG INJC PRESSURE | J104: 29103-25J-152-01 | K104: 29103-1"-FG-1501-DLHB0-38H-ET | L104: ROSEMOUNT | M104: 3051T | N104: N/A | O104: 0 - 4000 kPa-g | P104: -101 - 5515 kPa-g | Q104: N/A | R104: YES | S104: 4-20 mA w/ HART | T104: N/A | U104: N/A | V104: LO | W104: LO | X104: LO | Y104: LO | Z104: N/A | AA104: LO | AB104: LO | AC104: LO | AD104: N/A | AE104: LO | AF104: LO | AG104: LO | AH104: 23.4 | AI104: Pass | AJ104: N/A | AK104: N/A | AL104: Pass | AM104: Pass | AN104: N/A | AO104: Pass | AP104: N/A | AQ104: N/A | AR104: Pass | AS104: Pass | AT104: N/A | AU104: N/A | AV104: CRYSTAL ENGINEERING | AW104: IS33-36/5000 PSI | AX104: 4530-525617 | AY104: '2026-07-02 | AZ104: EMERSON | BA104: TREX | BB104: 210100082367 | BC104: '2026-07-31 | CX104: Levy Ostrup | CY104: '2026-08-01
...

Sheet Transmitter Log 200
A1: =HYPERLINK("#Dashboard!A1","<< Dashboard")
A2: Control | B2: Header Info | C2: PART 1 – Project Description | F2: PART 2 – Transmitter Description | V2: PART 3 – Visual Inspection | AH2: PART 4 – Procedure | AV2: PART 5 – Test Equipment | BH2: PART 6 – Test Results | CW2: PART 7 – Remarks | CX2: PART 8 – Inspected/Approved By
A3: Export to PDF (Y/N) | B3: Customer Ref# | C3: Project | D3: Location | E3: Contract # | F3: Tag | G3: Transmitter Type | H3: System Number | I3: Service | J3: P&ID Number | K3: Line Number | L3: Make | M3: Model | N3: Serial Number | O3: Calibration Range | P3: Instrument Range | Q3: Repeatability | R3: Local Display | S3: Signal Type | T3: K-Factor | U3: Scale Factor | V3: 1. Stamped SS instrument tag attached. (Initial/NA) | W3: 2. Stamped SS cable tag attached. (Initial/NA) | X3: 3. Device installed as per P&ID drawings and installation details. (Initial/NA) | Y3: 4. Equipment accessible and easy to maintain. (Initial/NA) | Z3: 5. Verify impulse line(s) are correctly installed. (Initial/NA) | AA3: 6. Manifold/isolation valve(s) conform to data sheets. (Initial/NA) | AB3: 7. Wiring polarity correct and properly labeled. (Initial/NA) | AC3: 8. Tug test terminations. (Initial/NA) | AD3: 9. Perform insulation check on wiring. (Initial/NA) | AE3: 10. Check enclosure labeling. (Initial/NA) | AF3: 11. Check enclosure mounting/orientation. (Initial/NA) | AG3: 12. Check boot and seal(s). (All openings sealed) (Initial/NA) | AH3: 1. Power the transmitter and measure the voltage (VDC) | AI3: 2. Perform leak check procedure. | AJ3: 3. Power enclosure heater and verify operations. | AK3: 4. Power traced tubing bundle(s) and verify operation. | AL3: 5. Disconnect wire (open loop) and verify fault. | AM3: 6. Verify local display(s) operational. | AN3: 7. Ensure process sensing/impulse lines are open. | AO3: 8. Verify signal configuration. | AP3: 9. Ensure manifolds are placed back into service position. | AQ3: 10. Confirm controller action as per loop narrative. | AR3: 11. Graphic display matches with function. | AS3: 12. Construction QA/QC Documents Verified. | AT3: 13. Is loop left energized and ready for service. | AU3: 14. Place "pre-commissioned" tag on instrument. | AV3: Test Equip 1 - Make | AW3: Test Equip 1 - Model | AX3: Test Equip 1 - Serial | AY3: Test Equip 1 - Calibration Date | AZ3: Test Equip 2 - Make | BA3: Test Equip 2 - Model | BB3: Test Equip 2 - Serial | BC3: Test Equip 2 - Calibration Date | BD3: Test Equip 3 - Make | BE3: Test Equip 3 - Model | BF3: Test Equip 3 - Serial | BG3: Test Equip 3 - Calibration Date | BH3: 0% Input Upscale | BI3: 0% Input Downscale | BJ3: 0% Output Upscale | BK3: 0% Output Downscale | BL3: 0% Local Display Upscale | BM3: 0% Local Display Downscale | BN3: 0% DCS Display/Units Upscale | BO3: 0% DCS Display/Units Downscale | BP3: 25% Input Upscale | BQ3: 25% Input Downscale | BR3: 25% Output Upscale | BS3: 25% Output Downscale | BT3: 25% Local Display Upscale | BU3: 25% Local Display Downscale | BV3: 25% DCS Display/Units Upscale | BW3: 25% DCS Display/Units Downscale | BX3: 50% Input Upscale | BY3: 50% Input Downscale | BZ3: 50% Output Upscale | CA3: 50% Output Downscale | CB3: 50% Local Display Upscale | CC3: 50% Local Display Downscale | CD3: 50% DCS Display/Units Upscale | CE3: 50% DCS Display/Units Downscale | CF3: 75% Input Upscale | CG3: 75% Input Downscale | CH3: 75% Output Upscale | CI3: 75% Output Downscale | CJ3: 75% Local Display Upscale | CK3: 75% Local Display Downscale | CL3: 75% DCS Display/Units Upscale | CM3: 75% DCS Display/Units Downscale | CN3: 100% Input Upscale | CO3: 100% Input Downscale | CP3: 100% Output Upscale | CQ3: 100% Output Downscale | CR3: 100% Local Display Upscale | CS3: 100% Local Display Downscale | CT3: 100% DCS Display/Units Upscale | CU3: 100% DCS Display/Units Downscale | CV3: System Results | CW3: Remarks | CX3: Yanda QA Representative - Name | CY3: Yanda QA Representative - Date | CZ3: Yanda QA Representative - Signature | DA3: Client Representative - Name | DB3: Client Representative - Date | DC3: Client Representative - Signature
A4: N | C4: K1B WELL PAD PROJECT | D4: KINOSIS K1B | E4: CA23007 | F4: 29103-PIT-1014 | G4: Pressure Transmitter | H4: PRODUCED EMULSION | I4: PAD A P01 PRODUCED EMULSION PRES | J4: 29103-25J-112-01 | K4: 29103-4"-PE-1101-DAPC0-64H-ET | L4: ROSEMOUNT | M4: 3051T | N4: 26SIPG3884781 | O4: 0 - 6000 kPa-g | P4: -101 - 27580 kPa-g | Q4: N/A | R4: Yes | S4: 4-20 mA w/ HART | T4: N/A | U4: N/A | V4: LO | W4: LO | X4: LO | Y4: LO | Z4: N/A | AA4: LO | AB4: LO | AC4: LO | AD4: N/A | AE4: LO | AF4: LO | AG4: LO | AH4: 24.1 | AI4: Pass | AJ4: Pass | AK4: Pass | AL4: Pass | AM4: Pass | AN4: Pass | AO4: Pass | AP4: Pass | AQ4: Pass | AR4: Pass | AS4: Pass | AT4: Pass | AU4: Pass | CV4: Pass | CW4: Example row - for reference only. Delete or overwrite before logging real data. | CX4: L. Olsen | CY4: '2026-08-01
C5: K1B WELL PAD PROJECT | D5: KINOSIS K1B | E5: CA23007 | F5: 29103-FIT-2011 | G5: Vortex Flow Meter | H5: STEAM | I5: PAD R S01 HP STM TO INJC WELL TOE FLOW CTRL | J5: 29103-25J-212-01 | K5: 29103-4"-ST-2100-DASSBO-64H | L5: ROSEMOUNT | M5: 8800DF010SA8N1D1K6M5Q5Q8Q66Q71Q77 | O5: 0-15,000 kg/h | P5: 765-38273 kg/h | Q5: N/A | R5: Yes | S5: 4-20 mA w/ HART | T5: N/A | U5: N/A | V5: LO | W5: LO | X5: LO | Y5: LO | Z5: N/A | AA5: N/A | AB5: LO | AC5: LO | AD5: N/A | AE5: LO | AF5: LO | AG5: LO | AH5: 23.8 | AI5: Pass | AJ5: N/A | AK5: N/A | AL5: Pass | AM5: Pass | AN5: N/A | AO5: Pass | AP5: N/A | AQ5: N/A | AR5: Pass | AS5: Pass | AT5: N/A | AU5: N/A | AV5: EMERSON | AW5: TREX | AX5: 210100082367 | AY5: '2026-07-31 | CX5: Levy Ostrup | CY5: '2026-08-01
C6: K1B WELL PAD PROJECT | D6: KINOSIS K1B | E6: CA23007 | F6: 29103-FIT-2012 | G6: Vortex Flow Meter | H6: STEAM | I6: PAD R S01 HP STM TO INJC WELL HEEL FLOW CTRL | J6: 29103-25J-211-01 | K6: 29103-3"-ST-2101-DASBO-64H | L6: ROSEMOUNT | M6: 8800DF010SA8N1D1K6M5Q5Q8Q66Q71Q77 | O6: 0-15,000 kg/h | P6: 765-38273 kg/h | Q6: N/A | R6: Yes | S6: 4-20 mA w/ HART | T6: N/A | U6: N/A | V6: LO | W6: LO | X6: LO | Y6: LO | Z6: N/A | AA6: N/A | AB6: LO | AC6: LO | AD6: N/A | AE6: LO | AF6: LO | AG6: LO | AH6: 23.8 | AI6: Pass | AJ6: N/A | AK6: N/A | AL6: Pass | AM6: Pass | AN6: N/A | AO6: Pass | AP6: N/A | AQ6: N/A | AR6: Pass | AS6: Pass | AT6: N/A | AU6: N/A | AV6: EMERSON | AW6: TREX | AX6: 210100082367 | AY6: '2026-07-31 | CX6: Levy Ostrup | CY6: '2026-08-01
C7: K1B WELL PAD PROJECT | D7: KINOSIS K1B | E7: CA23007 | F7: 29103-FIT-2021 | G7: Vortex Flow Meter | H7: STEAM | I7: PAD R S02 HP STM TO INJC WELL TOE FLOW CTRL | J7: 29103-25J-221-01 | K7: 29103-4"-ST-2200-DASSBO-64H | L7: ROSEMOUNT | M7: 8800DF010SA8N1D1K6M5Q5Q8Q66Q71Q77 | O7: 0-15,000 kg/h | P7: 765-38273 kg/h | Q7: N/A | R7: Yes | S7: 4-20 mA w/ HART | T7: N/A | U7: N/A | V7: LO | W7: LO | X7: LO | Y7: LO | Z7: N/A | AA7: N/A | AB7: LO | AC7: LO | AD7: N/A | AE7: LO | AF7: LO | AG7: LO | AH7: 23.5 | AI7: Pass | AJ7: N/A | AK7: N/A | AL7: Pass | AM7: Pass | AN7: N/A | AO7: Pass | AP7: N/A | AQ7: N/A | AR7: Pass | AS7: Pass | AT7: N/A | AU7: N/A | AV7: EMERSON | AW7: TREX | AX7: 210100082367 | AY7: '2026-07-31 | CX7: Levy Ostrup | CY7: '2026-08-01
C8: K1B WELL PAD PROJECT | D8: KINOSIS K1B | E8: CA23007 | F8: 29103-FIT-2022 | G8: Vortex Flow Meter | H8: STEAM | I8: PAD R S02 HP STM TO INJC WELL HEEL FLOW CTRL | J8: 29103-25J-221-01 | K8: 29103-3"-ST-2201-DASBO-64H | L8: ROSEMOUNT | M8: 8800DF010SA8N1D1K6M5Q5Q8Q66Q71Q77 | O8: 0-15,000 kg/h | P8: 765-38273 kg/h | Q8: N/A | R8: Yes | S8: 4-20 mA w/ HART | T8: N/A | U8: N/A | V8: LO | W8: LO | X8: LO | Y8: LO | Z8: N/A | AA8: N/A | AB8: LO | AC8: LO | AD8: N/A | AE8: LO | AF8: LO | AG8: LO | AH8: 23.8 | AI8: Pass | AJ8: N/A | AK8: N/A | AL8: Pass | AM8: Pass | AN8: N/A | AO8: Pass | AP8: N/A | AQ8: N/A | AR8: Pass | AS8: Pass | AT8: N/A | AU8: N/A | AV8: EMERSON | AW8: TREX | AX8: 210100082367 | AY8: '2026-07-31 | CX8: Levy Ostrup | CY8: '2026-08-01
C9: K1B WELL PAD PROJECT | D9: KINOSIS K1B | E9: CA23007 | F9: 29103-FIT-2031 | G9: Vortex Flow Meter | H9: STEAM | I9: PAD R S03 HP STM TO INJC WELL TOE FLOW CTRL | J9: 29103-25J-231-01 | K9: 29103-4"-ST-2300-DASSBO-64H | L9: ROSEMOUNT | M9: 8800DF010SA8N1D1K6M5Q5Q8Q66Q71Q77 | O9: 0-15,000 kg/h | P9: 765-38273 kg/h | Q9: N/A | R9: Yes | S9: 4-20 mA w/ HART | T9: N/A | U9: N/A | V9: LO | W9: LO | X9: LO | Y9: LO | Z9: N/A | AA9: N/A | AB9: LO | AC9: LO | AD9: N/A | AE9: LO | AF9: LO | AG9: LO | AH9: 23.5 | AI9: Pass | AJ9: N/A | AK9: N/A | AL9: Pass | AM9: Pass | AN9: N/A | AO9: Pass | AP9: N/A | AQ9: N/A | AR9: Pass | AS9: Pass | AT9: N/A | AU9: N/A | AV9: EMERSON | AW9: TREX | AX9: 210100082367 | AY9: '2026-07-31 | CX9: Levy Ostrup | CY9: '2026-08-01
C10: K1B WELL PAD PROJECT | D10: KINOSIS K1B | E10: CA23007 | F10: 29103-FIT-2032 | G10: Vortex Flow Meter | H10: STEAM | I10: PAD R S03 HP STM TO INJC WELL HEEL FLOW CTRL | J10: 29103-25J-231-01 | K10: 29103-3"-ST-2301-DASBO-64H | L10: ROSEMOUNT | M10: 8800DF010SA8N1D1K6M5Q5Q8Q66Q71Q77 | O10: 0-15,000 kg/h | P10: 765-38273 kg/h | Q10: N/A | R10: Yes | S10: 4-20 mA w/ HART | T10: N/A | U10: N/A | V10: LO | W10: LO | X10: LO | Y10: LO | Z10: N/A | AA10: N/A | AB10: LO | AC10: LO | AD10: N/A | AE10: LO | AF10: LO | AG10: LO | AH10: 23.8 | AI10: Pass | AJ10: N/A | AK10: N/A | AL10: Pass | AM10: Pass | AN10: N/A | AO10: Pass | AP10: N/A | AQ10: N/A | AR10: Pass | AS10: Pass | AT10: N/A | AU10: N/A | AV10: EMERSON | AW10: TREX | AX10: 210100082367 | AY10: '2026-07-31 | CX10: Levy Ostrup | CY10: '2026-08-01
C11: K1B WELL PAD PROJECT | D11: KINOSIS K1B | E11: CA23007 | F11: 29103-FIT-2041 | G11: Vortex Flow Meter | H11: STEAM | I11: PAD R S04 HP STM TO INJC WELL TOE FLOW CTRL | J11: 29103-25J-241-01 | K11: 29103-4"-ST-2400-DASSBO-64H | L11: ROSEMOUNT | M11: 8800DF010SA8N1D1K6M5Q5Q8Q66Q71Q77 | O11: 0-15,000 kg/h | P11: 765-38273 kg/h | Q11: N/A | R11: Yes | S11: 4-20 mA w/ HART | T11: N/A | U11: N/A | V11: LO | W11: LO | X11: LO | Y11: LO | Z11: N/A | AA11: N/A | AB11: LO | AC11: LO | AD11: N/A | AE11: LO | AF11: LO | AG11: LO | AH11: 23.4 | AI11: Pass | AJ11: N/A | AK11: N/A | AL11: Pass | AM11: Pass | AN11: N/A | AO11: Pass | AP11: N/A | AQ11: N/A | AR11: Pass | AS11: Pass | AT11: N/A | AU11: N/A | AV11: EMERSON | AW11: TREX | AX11: 210100082367 | AY11: '2026-07-31 | CX11: Levy Ostrup | CY11: '2026-08-01
C12: K1B WELL PAD PROJECT | D12: KINOSIS K1B | E12: CA23007 | F12: 29103-FIT-2042 | G12: Vortex Flow Meter | H12: STEAM | I12: PAD R S04 HP STM TO INJC WELL HEEL FLOW CTRL | J12: 29103-25J-241-01 | K12: 29103-3"-ST-2401-DASBO-64H | L12: ROSEMOUNT | M12: 8800DF010SA8N1D1K6M5Q5Q8Q66Q71Q77 | O12: 0-15,000 kg/h | P12: 765-38273 kg/h | Q12: N/A | R12: Yes | S12: 4-20 mA w/ HART | T12: N/A | U12: N/A | V12: LO | W12: LO | X12: LO | Y12: LO | Z12: N/A | AA12: N/A | AB12: LO | AC12: LO | AD12: N/A | AE12: LO | AF12: LO | AG12: LO | AH12: 23.3 | AI12: Pass | AJ12: N/A | AK12: N/A | AL12: Pass | AM12: Pass | AN12: N/A | AO12: Pass | AP12: N/A | AQ12: N/A | AR12: Pass | AS12: Pass | AT12: N/A | AU12: N/A | AV12: EMERSON | AW12: TREX | AX12: 210100082367 | AY12: '2026-07-31 | CX12: Levy Ostrup | CY12: '2026-08-01
C13: K1B WELL PAD PROJECT | D13: KINOSIS K1B | E13: CA23007 | F13: 29103-FIT-2051 | G13: Vortex Flow Meter | H13: STEAM | I13: PAD R S05 HP STM TO INJC WELL TOE FLOW CTRL | J13: 29103-25J-251-01 | K13: 29103-4"-ST-2500-DASSBO-64H | L13: ROSEMOUNT | M13: 8800DF010SA8N1D1K6M5Q5Q8Q66Q71Q77 | O13: 0-15,000 kg/h | P13: 765-38273 kg/h | Q13: N/A | R13: Yes | S13: 4-20 mA w/ HART | T13: N/A | U13: N/A | V13: cc | W13: LO | X13: LO | Y13: LO | Z13: N/A | AA13: N/A | AB13: LO | AC13: LO | AD13: N/A | AE13: LO | AF13: LO | AG13: LO | AH13: 23.8 | AI13: Pass | AJ13: N/A | AK13: N/A | AL13: Pass | AM13: Pass | AN13: N/A | AO13: Pass | AP13: N/A | AQ13: N/A | AR13: Pass | AS13: Pass | AT13: N/A | AU13: N/A | AV13: EMERSON | AW13: TREX | AX13: 210100082367 | AY13: '2026-07-31 | CX13: Levy Ostrup | CY13: '2026-08-01
C14: K1B WELL PAD PROJECT | D14: KINOSIS K1B | E14: CA23007 | F14: 29103-FIT-2052 | G14: Vortex Flow Meter | H14: STEAM | I14: PAD R S05 HP STM TO INJC WELL HEEL FLOW CTRL | J14: 29103-25J-251-01 | K14: 29103-3"-ST-2501-DASBO-64H | L14: ROSEMOUNT | M14: 8800DF010SA8N1D1K6M5Q5Q8Q66Q71Q77 | O14: 0-15,000 kg/h | P14: 765-38273 kg/h | Q14: N/A | R14: Yes | S14: 4-20 mA w/ HART | T14: N/A | U14: N/A | V14: LO | W14: LO | X14: LO | Y14: LO | Z14: N/A | AA14: N/A | AB14: LO | AC14: LO | AD14: N/A | AE14: LO | AF14: LO | AG14: LO | AH14: 23.8 | AI14: Pass | AJ14: N/A | AK14: N/A | AL14: Pass | AM14: Pass | AN14: N/A | AO14: Pass | AP14: N/A | AQ14: N/A | AR14: Pass | AS14: Pass | AT14: N/A | AU14: N/A | AV14: EMERSON | AW14: TREX | AX14: 210100082367 | AY14: '2026-07-31 | CX14: Levy Ostrup | CY14: '2026-08-01
C15: K1B WELL PAD PROJECT | D15: KINOSIS K1B | E15: CA23007 | F15: 29103-FIT-2061 | G15: Vortex Flow Meter | H15: STEAM | I15: PAD R S06 HP STM TO INJC WELL TOE FLOW CTRL | J15: 29103-25J-261-01 | K15: 29103-4"-ST-2600-DASSBO-64H | L15: ROSEMOUNT | M15: 8800DF010SA8N1D1K6M5Q5Q8Q66Q71Q77 | O15: 0-15,000 kg/h | P15: 765-38273 kg/h | Q15: N/A | R15: Yes | S15: 4-20 mA w/ HART | T15: N/A | U15: N/A | V15: LO | W15: LO | X15: LO | Y15: LO | Z15: N/A | AA15: N/A | AB15: LO | AC15: LO | AD15: N/A | AE15: LO | AF15: LO | AG15: LO | AH15: 23.8 | AI15: Pass | AJ15: N/A | AK15: N/A | AL15: Pass | AM15: Pass | AN15: N/A | AO15: Pass | AP15: N/A | AQ15: N/A | AR15: Pass | AS15: Pass | AT15: N/A | AU15: N/A | AV15: EMERSON | AW15: TREX | AX15: 210100082367 | AY15: '2026-07-31 | CX15: Levy Ostrup | CY15: '2026-08-01
C16: K1B WELL PAD PROJECT | D16: KINOSIS K1B | E16: CA23007 | F16: 29103-FIT-2062 | G16: Vortex Flow Meter | H16: STEAM | I16: PAD R S06 HP STM TO INJC WELL HEEL FLOW CTRL | J16: 29103-25J-261-01 | K16: 29103-3"-ST-2601-DASBO-64H | L16: ROSEMOUNT | M16: 8800DF010SA8N1D1K6M5Q5Q8Q66Q71Q77 | O16: 0-15,000 kg/h | P16: 765-38273 kg/h | Q16: N/A | R16: Yes | S16: 4-20 mA w/ HART | T16: N/A | U16: N/A | V16: LO | W16: LO | X16: LO | Y16: LO | Z16: N/A | AA16: N/A | AB16: LO | AC16: LO | AD16: N/A | AE16: LO | AF16: LO | AG16: LO | AH16: 23.5 | AI16: Pass | AJ16: N/A | AK16: N/A | AL16: Pass | AM16: Pass | AN16: N/A | AO16: Pass | AP16: N/A | AQ16: N/A | AR16: Pass | AS16: Pass | AT16: N/A | AU16: N/A | AV16: EMERSON | AW16: TREX | AX16: 210100082367 | AY16: '2026-07-31 | CX16: Levy Ostrup | CY16: '2026-08-01
... C18: K1B WELL PAD PROJECT | D18: KINOSIS K1B | E18: CA23007 | F18: 29103-FIT-2072 | G18: Vortex Flow Meter | H18: STEAM | I18: PAD R S07 HP STM TO INJC WELL HEEL FLOW CTRL | J18: 29103-25J-271-01 | K18: 29103-3"-ST-2701-DASBO-64H | L18: ROSEMOUNT | M18: 8800DF010SA8N1D1K6M5Q5Q8Q66Q71Q77 | O18: 0-15,000 kg/h | P18: 765-38273 kg/h | Q18: N/A | R18: Yes | S18: 4-20 mA w/ HART | T18: N/A | U18: N/A | V18: LO | W18: LO | X18: LO | Y18: LO | Z18: N/A | AA18: N/A | AB18: LO | AC18: LO | AD18: N/A | AE18: LO | AF18: LO | AG18: LO | AH18: 23.8 | AI18: Pass | AJ18: N/A | AK18: N/A | AL18: Pass | AM18: Pass | AN18: N/A | AO18: Pass | AP18: N/A | AQ18: N/A | AR18: Pass | AS18: Pass | AT18: N/A | AU18: N/A | AV18: EMERSON | AW18: TREX | AX18: 210100082367 | AY18: '2026-07-31 | CX18: Levy Ostrup | CY18: '2026-08-01
C19: K1B WELL PAD PROJECT | D19: KINOSIS K1B | E19: CA23007 | F19: 29103-PIT-2200 | G19: Pressure Transmitter | H19: STEAM | I19: PAD R HP STEAM TO WELL PAD | J19: 29103-25J-206-01 | K19: 29103-16"-ST-2802-DASB0-90H | L19: ROSEMOUNT | M19: 3051T | O19: 0 - 10000 kPa-g | P19: -101 - 27580 kPa-g | Q19: N/A | R19: YES | S19: 4-20 mA w/ HART | T19: N/A | U19: N/A | V19: LO | W19: LO | X19: LO | Y19: LO | Z19: N/A | AA19: LO | AB19: LO | AC19: LO | AD19: N/A | AE19: LO | AF19: LO | AG19: LO | AH19: 23.4 | AI19: Pass | AJ19: N/A | AK19: N/A | AL19: Pass | AM19: Pass | AN19: N/A | AO19: Pass | AP19: N/A | AQ19: N/A | AR19: Pass | AS19: Pass | AT19: N/A | AU19: N/A | AV19: CRYSTAL ENGINEERING | AW19: IS33-36/5000 PSI | AX19: 4530-525617 | AY19: '2026-07-02 | AZ19: EMERSON | BA19: TREX | BB19: 210100082367 | BC19: '2026-07-31 | CX19: Levy Ostrup | CY19: '2026-08-01
C20: K1B WELL PAD PROJECT | D20: KINOSIS K1B | E20: CA23007 | F20: 29103-PIT-2201 | G20: Pressure Transmitter | H20: STEAM | I20: PAD R HP STEAM TO WELL PAD | J20: 29103-25J-206-01 | K20: 29103-16"-ST-2802-DASB0-90H | L20: ROSEMOUNT | M20: 3051T | O20: 0 - 10000 kPa-g | P20: -101 - 27580 kPa-g | Q20: N/A | R20: YES | S20: 4-20 mA w/ HART | T20: N/A | U20: N/A | V20: LO | W20: LO | X20: LO | Y20: LO | Z20: N/A | AA20: LO | AB20: LO | AC20: LO | AD20: N/A | AE20: LO | AF20: LO | AG20: LO | AH20: 23.4 | AI20: Pass | AJ20: N/A | AK20: N/A | AL20: Pass | AM20: Pass | AN20: N/A | AO20: Pass | AP20: N/A | AQ20: N/A | AR20: Pass | AS20: Pass | AT20: N/A | AU20: N/A | AV20: CRYSTAL ENGINEERING | AW20: IS33-36/5000 PSI | AX20: 4530-525617 | AY20: '2026-07-02 | AZ20: EMERSON | BA20: TREX | BB20: 210100082367 | BC20: '2026-07-31 | CX20: Levy Ostrup | CY20: '2026-08-01
C21: K1B WELL PAD PROJECT | D21: KINOSIS K1B | E21: CA23007 | F21: 29103-PIT-2202 | G21: Pressure Transmitter | H21: STEAM | I21: PAD R HP STEAM FROM FLOWLINE | J21: 29103-25J-206-01 | K21: 29103-16"-ST-2802-DASB0-90H | L21: ROSEMOUNT | M21: 3051T | O21: 0 - 10000 kPa-g | P21: -101 - 27580 kPa-g | Q21: N/A | R21: YES | S21: 4-20 mA w/ HART | T21: N/A | U21: N/A | V21: LO | W21: LO | X21: LO | Y21: LO | Z21: N/A | AA21: LO | AB21: LO | AC21: LO | AD21: N/A | AE21: LO | AF21: LO | AG21: LO | AH21: 23.4 | AI21: Pass | AJ21: N/A | AK21: N/A | AL21: Pass | AM21: Pass | AN21: N/A | AO21: Pass | AP21: N/A | AQ21: N/A | AR21: Pass | AS21: Pass | AT21: N/A | AU21: N/A | AV21: CRYSTAL ENGINEERING | AW21: IS33-36/5000 PSI | AX21: 4530-525617 | AY21: '2026-07-02 | AZ21: EMERSON | BA21: TREX | BB21: 210100082367 | BC21: '2026-07-31 | CX21: Levy Ostrup | CY21: '2026-08-01
C22: K1B WELL PAD PROJECT | D22: KINOSIS K1B | E22: CA23007 | F22: 29103-TIT-2100 | G22: Pressure Transmitter | H22: STEAM | I22: PAD R HP STEAM FROM FLOWLINE | J22: 29103-25J-206-01 | K22: 29103-16"-ST-2800-DASB0-90H | L22: ROSEMOUNT | M22: 3144P | O22: -50 - 400ºC | P22: -200 - 600ºC | Q22: N/A | R22: YES | S22: 4-20 mA w/ HART | T22: N/A | U22: N/A | V22: LO | W22: LO | X22: LO | Y22: LO | Z22: N/A | AA22: N/A | AB22: LO | AC22: LO | AD22: N/A | AE22: LO | AF22: LO | AG22: LO | AH22: 23.7 | AI22: Pass | AJ22: N/A | AK22: N/A | AL22: Pass | AM22: Pass | AN22: N/A | AO22: Pass | AP22: N/A | AQ22: N/A | AR22: Pass | AS22: Pass | AT22: N/A | AU22: N/A | AV22: EMERSON | AW22: TREX | AX22: 210100082367 | AY22: '2026-07-31 | CX22: Levy Ostrup | CY22: '2026-08-01
C23: K1B WELL PAD PROJECT | D23: KINOSIS K1B | E23: CA23007 | F23: 29103-PIT-2011 | G23: Pressure Transmitter | H23: STEAM | I23: PAD R S01 HP STM TO INJC WELL TOE | J23: 29103-25J-211-01 | K23: 29103-6"-ST-2102-DASB0-64H | L23: ROSEMOUNT | M23: 3051T | O23: 0 - 8000 kPa-g | P23: -101 to 27580 kPa-g | Q23: N/A | R23: YES | S23: 4-20 mA w/ HART | T23: N/A | U23: N/A | V23: LO | W23: LO | X23: LO | Y23: LO | Z23: N/A | AA23: LO | AB23: LO | AC23: LO | AD23: N/A | AE23: LO | AF23: LO | AG23: LO | AH23: 23.4 | AI23: Pass | AJ23: N/A | AK23: N/A | AL23: Pass | AM23: Pass | AN23: N/A | AO23: Pass | AP23: N/A | AQ23: N/A | AR23: Pass | AS23: Pass | AT23: N/A | AU23: N/A | AV23: CRYSTAL ENGINEERING | AW23: IS33-36/5000 PSI | AX23: 4530-525617 | AY23: '2026-07-02 | AZ23: EMERSON | BA23: TREX | BB23: 210100082367 | BC23: '2026-07-31 | CX23: Levy Ostrup | CY23: '2026-08-01
C24: K1B WELL PAD PROJECT | D24: KINOSIS K1B | E24: CA23007 | F24: 29103-PIT-2012 | G24: Pressure Transmitter | H24: STEAM | I24: PAD R S01 HP STM TO INJC WELL HEEL | J24: 29103-25J-211-01 | K24: 29103-4"-ST-2103-DASB0-64H-ET | L24: ROSEMOUNT | M24: 3051T | O24: 0 - 8000 kPa-g | P24: -101 - 27580 kPa-g | Q24: N/A | R24: YES | S24: 4-20 mA w/ HART | T24: N/A | U24: N/A | V24: LO | W24: LO | X24: LO | Y24: LO | Z24: N/A | AA24: LO | AB24: LO | AC24: LO | AD24: N/A | AE24: LO | AF24: LO | AG24: LO | AH24: 23.4 | AI24: Pass | AJ24: N/A | AK24: N/A | AL24: Pass | AM24: Pass | AN24: N/A | AO24: Pass | AP24: N/A | AQ24: N/A | AR24: Pass | AS24: Pass | AT24: N/A | AU24: N/A | AV24: CRYSTAL ENGINEERING | AW24: IS33-36/5000 PSI | AX24: 4530-525617 | AY24: '2026-07-02 | AZ24: EMERSON | BA24: TREX | BB24: 210100082367 | BC24: '2026-07-31 | CX24: Levy Ostrup | CY24: '2026-08-01
C25: K1B WELL PAD PROJECT | D25: KINOSIS K1B | E25: CA23007 | F25: 29103-PIT-2021 | G25: Pressure Transmitter | H25: STEAM | I25: PAD R S02 HP STM TO INJC WELL TOE | J25: 29103-25J-221-01 | K25: 29103-6"-ST-2202-DASB0-64H | L25: ROSEMOUNT | M25: 3051T | O25: 0 - 8000 kPa-g | P25: -101 - 27580 kPa-g | Q25: N/A | R25: YES | S25: 4-20 mA w/ HART | T25: N/A | U25: N/A | V25: LO | W25: LO | X25: LO | Y25: LO | Z25: N/A | AA25: LO | AB25: LO | AC25: LO | AD25: N/A | AE25: LO | AF25: LO | AG25: LO | AH25: 23.4 | AI25: Pass | AJ25: N/A | AK25: N/A | AL25: Pass | AM25: Pass | AN25: N/A | AO25: Pass | AP25: N/A | AQ25: N/A | AR25: Pass | AS25: Pass | AT25: N/A | AU25: N/A | AV25: CRYSTAL ENGINEERING | AW25: IS33-36/5000 PSI | AX25: 4530-525617 | AY25: '2026-07-02 | AZ25: EMERSON | BA25: TREX | BB25: 210100082367 | BC25: '2026-07-31 | CX25: Levy Ostrup | CY25: '2026-08-01
C26: K1B WELL PAD PROJECT | D26: KINOSIS K1B | E26: CA23007 | F26: 29103-PIT-2022 | G26: Pressure Transmitter | H26: STEAM | I26: PAD R S02 HP STM TO INJC WELL HEEL | J26: 29103-25J-221-01 | K26: 29103-4"-ST-2203-DASB0-64H-ET | L26: ROSEMOUNT | M26: 3051T | O26: 0 - 8000 kPa-g | P26: -101 - 27580 kPa-g | Q26: N/A | R26: YES | S26: 4-20 mA w/ HART | T26: N/A | U26: N/A | V26: LO | W26: LO | X26: LO | Y26: LO | Z26: N/A | AA26: LO | AB26: LO | AC26: LO | AD26: N/A | AE26: LO | AF26: LO | AG26: LO | AH26: 23.4 | AI26: Pass | AJ26: N/A | AK26: N/A | AL26: Pass | AM26: Pass | AN26: N/A | AO26: Pass | AP26: N/A | AQ26: N/A | AR26: Pass | AS26: Pass | AT26: N/A | AU26: N/A | AV26: CRYSTAL ENGINEERING | AW26: IS33-36/5000 PSI | AX26: 4530-525617 | AY26: '2026-07-02 | AZ26: EMERSON | BA26: TREX | BB26: 210100082367 | BC26: '2026-07-31 | CX26: Levy Ostrup | CY26: '2026-08-01
C27: K1B WELL PAD PROJECT | D27: KINOSIS K1B | E27: CA23007 | F27: 29103-PIT-2031 | G27: Pressure Transmitter | H27: STEAM | I27: PAD R S03 HP STM TO INJC WELL TOE | J27: 29103-25J-231-01 | K27: 29103-6"-ST-2302-DASB0-64H | L27: ROSEMOUNT | M27: 3051T | O27: 0 - 8000 kPa-g | P27: -101 - 27580 kPa-g | Q27: N/A | R27: YES | S27: 4-20 mA w/ HART | T27: N/A | U27: N/A | V27: LO | W27: LO | X27: LO | Y27: LO | Z27: N/A | AA27: LO | AB27: LO | AC27: LO | AD27: N/A | AE27: LO | AF27: LO | AG27: LO | AH27: 23.4 | AI27: Pass | AJ27: N/A | AK27: N/A | AL27: Pass | AM27: Pass | AN27: N/A | AO27: Pass | AP27: N/A | AQ27: N/A | AR27: Pass | AS27: Pass | AT27: N/A | AU27: N/A | AV27: CRYSTAL ENGINEERING | AW27: IS33-36/5000 PSI | AX27: 4530-525617 | AY27: '2026-07-02 | AZ27: EMERSON | BA27: TREX | BB27: 210100082367 | BC27: '2026-07-31 | CX27: Levy Ostrup | CY27: '2026-08-01
C28: K1B WELL PAD PROJECT | D28: KINOSIS K1B | E28: CA23007 | F28: 29103-PIT-2032 | G28: Pressure Transmitter | H28: STEAM | I28: PAD R S03 HP STM TO INJC WELL HEEL | J28: 29103-25J-231-01 | K28: 29103-4"-ST-2303-DASB0-64H-ET | L28: ROSEMOUNT | M28: 3051T | O28: 0 - 8000 kPa-g | P28: -101 - 27580 kPa-g | Q28: N/A | R28: YES | S28: 4-20 mA w/ HART | T28: N/A | U28: N/A | V28: LO | W28: LO | X28: LO | Y28: LO | Z28: N/A | AA28: LO | AB28: LO | AC28: LO | AD28: N/A | AE28: LO | AF28: LO | AG28: LO | AH28: 23.4 | AI28: Pass | AJ28: N/A | AK28: N/A | AL28: Pass | AM28: Pass | AN28: N/A | AO28: Pass | AP28: N/A | AQ28: N/A | AR28: Pass | AS28: Pass | AT28: N/A | AU28: N/A | AV28: CRYSTAL ENGINEERING | AW28: IS33-36/5000 PSI | AX28: 4530-525617 | AY28: '2026-07-02 | AZ28: EMERSON | BA28: TREX | BB28: 210100082367 | BC28: '2026-07-31 | CX28: Levy Ostrup | CY28: '2026-08-01
C29: K1B WELL PAD PROJECT | D29: KINOSIS K1B | E29: CA23007 | F29: 29103-PIT-2041 | G29: Pressure Transmitter | H29: STEAM | I29: PAD R S04 HP STM TO INJC WELL TOE | J29: 29103-25J-241-01 | K29: 29103-6"-ST-2402-DASB0-64H | L29: ROSEMOUNT | M29: 3051T | O29: 0 - 8000 kPa-g | P29: -101 - 27580 kPa-g | Q29: N/A | R29: YES | S29: 4-20 mA w/ HART | T29: N/A | U29: N/A | V29: LO | W29: LO | X29: LO | Y29: LO | Z29: N/A | AA29: LO | AB29: LO | AC29: LO | AD29: N/A | AE29: LO | AF29: LO | AG29: LO | AH29: 23.4 | AI29: Pass | AJ29: N/A | AK29: N/A | AL29: Pass | AM29: Pass | AN29: N/A | AO29: Pass | AP29: N/A | AQ29: N/A | AR29: Pass | AS29: Pass | AT29: N/A | AU29: N/A | AV29: CRYSTAL ENGINEERING | AW29: IS33-36/5000 PSI | AX29: 4530-525617 | AY29: '2026-07-02 | AZ29: EMERSON | BA29: TREX | BB29: 210100082367 | BC29: '2026-07-31 | CX29: Levy Ostrup | CY29: '2026-08-01
C30: K1B WELL PAD PROJECT | D30: KINOSIS K1B | E30: CA23007 | F30: 29103-PIT-2042 | G30: Pressure Transmitter | H30: STEAM | I30: PAD R S04 HP STM TO INJC WELL HEEL | J30: 29103-25J-241-01 | K30: 29103-6"-ST-2402-DASB0-64H | L30: ROSEMOUNT | M30: 3051T | O30: 0 - 8000 kPa-g | P30: -101 - 27580 kPa-g | Q30: N/A | R30: YES | S30: 4-20 mA w/ HART | T30: N/A | U30: N/A | V30: LO | W30: LO | X30: LO | Y30: LO | Z30: N/A | AA30: LO | AB30: LO | AC30: LO | AD30: N/A | AE30: LO | AF30: LO | AG30: LO | AH30: 23.4 | AI30: Pass | AJ30: N/A | AK30: N/A | AL30: Pass | AM30: Pass | AN30: N/A | AO30: Pass | AP30: N/A | AQ30: N/A | AR30: Pass | AS30: Pass | AT30: N/A | AU30: N/A | AV30: CRYSTAL ENGINEERING | AW30: IS33-36/5000 PSI | AX30: 4530-525617 | AY30: '2026-07-02 | AZ30: EMERSON | BA30: TREX | BB30: 210100082367 | BC30: '2026-07-31 | CX30: Levy Ostrup | CY30: '2026-08-01
C31: K1B WELL PAD PROJECT | D31: KINOSIS K1B | E31: CA23007 | F31: 29103-PIT-2051 | G31: Pressure Transmitter | H31: STEAM | I31: PAD R S05 HP STM TO INJC WELL TOE | J31: 29103-25J-251-01 | K31: 29103-6"-ST-2502-DASB0-64H | L31: ROSEMOUNT | M31: 3051T | O31: 0 - 8000 kPa-g | P31: -101 - 27580 kPa-g | Q31: N/A | R31: YES | S31: 4-20 mA w/ HART | T31: N/A | U31: N/A | V31: LO | W31: LO | X31: LO | Y31: LO | Z31: N/A | AA31: LO | AB31: LO | AC31: LO | AD31: N/A | AE31: LO | AF31: LO | AG31: LO | AH31: 23.4 | AI31: Pass | AJ31: N/A | AK31: N/A | AL31: Pass | AM31: Pass | AN31: N/A | AO31: Pass | AP31: N/A | AQ31: N/A | AR31: Pass | AS31: Pass | AT31: N/A | AU31: N/A | AV31: CRYSTAL ENGINEERING | AW31: IS33-36/5000 PSI | AX31: 4530-525617 | AY31: '2026-07-02 | AZ31: EMERSON | BA31: TREX | BB31: 210100082367 | BC31: '2026-07-31 | CX31: Levy Ostrup | CY31: '2026-08-01
C32: K1B WELL PAD PROJECT | D32: KINOSIS K1B | E32: CA23007 | F32: 29103-PIT-2052 | G32: Pressure Transmitter | H32: STEAM | I32: PAD R S05 HP STM TO INJC WELL HEEL | J32: 29103-25J-251-01 | K32: 29103-4"-ST-2503-DASB0-64H-ET | L32: ROSEMOUNT | M32: 3051T | O32: 0 - 8000 kPa-g | P32: -101 - 27580 kPa-g | Q32: N/A | R32: YES | S32: 4-20 mA w/ HART | T32: N/A | U32: N/A | V32: LO | W32: LO | X32: LO | Y32: LO | Z32: N/A | AA32: LO | AB32: LO | AC32: LO | AD32: N/A | AE32: LO | AF32: LO | AG32: LO | AH32: 23.4 | AI32: Pass | AJ32: N/A | AK32: N/A | AL32: Pass | AM32: Pass | AN32: N/A | AO32: Pass | AP32: N/A | AQ32: N/A | AR32: Pass | AS32: Pass | AT32: N/A | AU32: N/A | AV32: CRYSTAL ENGINEERING | AW32: IS33-36/5000 PSI | AX32: 4530-525617 | AY32: '2026-07-02 | AZ32: EMERSON | BA32: TREX | BB32: 210100082367 | BC32: '2026-07-31 | CX32: Levy Ostrup | CY32: '2026-08-01
C33: K1B WELL PAD PROJECT | D33: KINOSIS K1B | E33: CA23007 | F33: 29103-PIT-2061 | G33: Pressure Transmitter | H33: STEAM | I33: PAD R S06 HP STM TO INJC WELL TOE | J33: 29103-25J-261-01 | K33: 29103-6"-ST-2602-DASB0-64H | L33: ROSEMOUNT | M33: 3051T | O33: 0 - 8000 kPa-g | P33: -101 - 27580 kPa-g | Q33: N/A | R33: YES | S33: 4-20 mA w/ HART | T33: N/A | U33: N/A | V33: LO | W33: LO | X33: LO | Y33: LO | Z33: N/A | AA33: LO | AB33: LO | AC33: LO | AD33: N/A | AE33: LO | AF33: LO | AG33: LO | AH33: 23.4 | AI33: Pass | AJ33: N/A | AK33: N/A | AL33: Pass | AM33: Pass | AN33: N/A | AO33: Pass | AP33: N/A | AQ33: N/A | AR33: Pass | AS33: Pass | AT33: N/A | AU33: N/A | AV33: CRYSTAL ENGINEERING | AW33: IS33-36/5000 PSI | AX33: 4530-525617 | AY33: '2026-07-02 | AZ33: EMERSON | BA33: TREX | BB33: 210100082367 | BC33: '2026-07-31 | CX33: Levy Ostrup | CY33: '2026-08-01
C34: K1B WELL PAD PROJECT | D34: KINOSIS K1B | E34: CA23007 | F34: 29103-PIT-2062 | G34: Pressure Transmitter | H34: STEAM | I34: PAD R S06 HP STM TO INJC WELL HEEL | J34: 29103-25J-261-01 | K34: 29103-4"-ST-2603-DASB0-64H-ET | L34: ROSEMOUNT | M34: 3051T | O34: 0 - 8000 kPa-g | P34: -101 - 27580 kPa-g | Q34: N/A | R34: YES | S34: 4-20 mA w/ HART | T34: N/A | U34: N/A | V34: LO | W34: LO | X34: LO | Y34: LO | Z34: N/A | AA34: LO | AB34: LO | AC34: LO | AD34: N/A | AE34: LO | AF34: LO | AG34: LO | AH34: 23.4 | AI34: Pass | AJ34: N/A | AK34: N/A | AL34: Pass | AM34: Pass | AN34: N/A | AO34: Pass | AP34: N/A | AQ34: N/A | AR34: Pass | AS34: Pass | AT34: N/A | AU34: N/A | AV34: CRYSTAL ENGINEERING | AW34: IS33-36/5000 PSI | AX34: 4530-525617 | AY34: '2026-07-02 | AZ34: EMERSON | BA34: TREX | BB34: 210100082367 | BC34: '2026-07-31 | CX34: Levy Ostrup | CY34: '2026-08-01
... C38: K1B WELL PAD PROJECT | D38: KINOSIS K1B | E38: CA23007 | F38: 29103-PIT-2018 | G38: Pressure Transmitter | H38: PRODUCED GAS | I38: PAD R P01 PRODUCED VAPOR PRESSURE | J38: 29103-25J-212-01 | K38: 29103-4"-PG-2101-DAPC0-64H-ET | L38: ROSEMOUNT | M38: 3051TG4A2B21AS1M536Q4Q8Q15P1BR5 | O38: 0 - 1500 kPa-g | P38: -101 - 5515 kPa-g | Q38: N/A | R38: Yes | S38: 4-20 mA w/ HART | T38: N/A | U38: N/A | V38: LO | W38: LO | X38: LO | Y38: LO | Z38: N/A | AA38: LO | AB38: LO | AC38: LO | AD38: N/A | AE38: LO | AF38: LO | AG38: LO | AH38: 23.9 | AI38: Pass | AJ38: N/A | AK38: N/A | AL38: Pass | AM38: Pass | AN38: N/A | AO38: Pass | AP38: N/A | AQ38: N/A | AR38: Pass | AS38: Pass | AT38: N/A | AU38: N/A | AV38: CRYSTAL ENGINEERING | AW38: IS33-36/5000 PSI | AX38: 4530-525617 | AY38: '2026-07-02 | AZ38: EMERSON | BA38: TREX | BB38: 210100082367 | BC38: '2026-07-31 | CX38: Levy Ostrup | CY38: '2026-08-01
C39: K1B WELL PAD PROJECT | D39: KINOSIS K1B | E39: CA23007 | F39: 29103-TIT-2014 | G39: Temperature Indicating Transmitter | H39: PRODUCED EMULSION | I39: PAD R P01 PRODUCED EMULSION HEAD | J39: 29103-25J-212-01 | K39: 29103-4"-PE-2101-DAPC0-64H-ET | L39: ROSEMOUNT | M39: 3144PD1A1K6M5Q4C8BR5XA | O39: -50 - 300°C | P39: -200 - 600°C | Q39: N/A | R39: Yes | S39: 4-20 mA w/ HART | T39: N/A | U39: N/A | V39: LO | W39: LO | X39: LO | Y39: LO | Z39: N/A | AA39: N/A | AB39: LO | AC39: LO | AD39: N/A | AE39: LO | AF39: LO | AG39: LO | AH39: 23.2 | AI39: Pass | AJ39: N/A | AK39: N/A | AL39: Pass | AM39: Pass | AN39: N/A | AO39: Pass | AP39: N/A | AQ39: N/A | AR39: Pass | AS39: Pass | AT39: N/A | AU39: N/A | AV39: FLUKE | AW39: 1551A EX | AX39: 6627011 | AY39: '2026-05-13 | CX39: Levy Ostrup | CY39: '2026-08-01
C40: K1B WELL PAD PROJECT | D40: KINOSIS K1B | E40: CA23007 | F40: 29103-PIT-2024 | G40: Pressure Transmitter | H40: PRODUCED EMULSION | I40: PAD R P02 PRODUCED EMULSION PRESSURE | J40: 29103-25J-222-01 | K40: 29103-4"-PE-2201-DAPC0-64H-ET | L40: ROSEMOUNT | M40: 3051TG4A2B21AS1M536Q4Q8Q15P1BR5 | O40: 0 - 6000 kPa-g | P40: -101 - 27580 kPa-g | Q40: N/A | R40: Yes | S40: 4-20 mA w/ HART | T40: N/A | U40: N/A | V40: LO | W40: LO | X40: LO | Y40: LO | Z40: N/A | AA40: LO | AB40: LO | AC40: LO | AD40: N/A | AE40: LO | AF40: LO | AG40: LO | AH40: 23.8 | AI40: Pass | AJ40: N/A | AK40: N/A | AL40: Pass | AM40: Pass | AN40: N/A | AO40: Pass | AP40: N/A | AQ40: N/A | AR40: Pass | AS40: Pass | AT40: N/A | AU40: N/A | AV40: CRYSTAL ENGINEERING | AW40: IS33-36/5000 PSI | AX40: 4530-525617 | AY40: '2026-07-02 | AZ40: EMERSON | BA40: TREX | BB40: 210100082367 | BC40: '2026-07-31 | CX40: Levy Ostrup | CY40: '2026-08-01
C41: K1B WELL PAD PROJECT | D41: KINOSIS K1B | E41: CA23007 | F41: 29103-PIT-2028 | G41: Pressure Transmitter | H41: PRODUCED GAS | I41: PAD R P02 PRODUCED VAPOR PRESSURE | J41: 29103-25J-222-01 | K41: 29103-4"-PG-2201-DAPC0-64H-ET | L41: ROSEMOUNT | M41: 3051TG4A2B21AS1M536Q4Q8Q15P1BR5 | O41: 0 - 1500 kPa-g | P41: -101 - 5515 kPa-g | Q41: N/A | R41: Yes | S41: 4-20 mA w/ HART | T41: N/A | U41: N/A | V41: LO | W41: LO | X41: LO | Y41: LO | Z41: N/A | AA41: LO | AB41: LO | AC41: LO | AD41: N/A | AE41: LO | AF41: LO | AG41: LO | AH41: 23.7 | AI41: Pass | AJ41: N/A | AK41: N/A | AL41: Pass | AM41: Pass | AN41: N/A | AO41: Pass | AP41: N/A | AQ41: N/A | AR41: Pass | AS41: Pass | AT41: N/A | AU41: N/A | AV41: CRYSTAL ENGINEERING | AW41: IS33-36/5000 PSI | AX41: 4530-525617 | AY41: '2026-07-02 | AZ41: EMERSON | BA41: TREX | BB41: 210100082367 | BC41: '2026-07-31 | CX41: Levy Ostrup | CY41: '2026-08-01
C42: K1B WELL PAD PROJECT | D42: KINOSIS K1B | E42: CA23007 | F42: 29103-TIT-2024 | G42: Temperature Indicating Transmitter | H42: PRODUCED EMULSION | I42: PAD R P02 PRODUCED EMULSION HEAD | J42: 29103-25J-222-01 | K42: 29103-4"-PE-2201-DAPC0-64H-ET | L42: ROSEMOUNT | M42: 3144PD1A1K6M5Q4C8BR5XA | O42: -50 - 300°C | P42: -200 - 600°C | Q42: N/A | R42: Yes | S42: 4-20 mA w/ HART | T42: N/A | U42: N/A | V42: LO | W42: LO | X42: LO | Y42: LO | Z42: N/A | AA42: N/A | AB42: LO | AC42: LO | AD42: N/A | AE42: LO | AF42: LO | AG42: LO | AH42: 23.5 | AI42: Pass | AJ42: N/A | AK42: N/A | AL42: Pass | AM42: Pass | AN42: N/A | AO42: Pass | AP42: N/A | AQ42: N/A | AR42: Pass | AS42: Pass | AT42: N/A | AU42: N/A | AV42: FLUKE | AW42: 1551A EX | AX42: 6627011 | AY42: '2026-05-13 | CX42: Levy Ostrup | CY42: '2026-08-01
C43: K1B WELL PAD PROJECT | D43: KINOSIS K1B | E43: CA23007 | F43: 29103-PIT-2034 | G43: Pressure Transmitter | H43: PRODUCED EMULSION | I43: PAD R P03 PRODUCED EMULSION PRESSURE | J43: 29103-25J-232-01 | K43: 29103-4"-PE-2301-DAPC0-64H-ET | L43: ROSEMOUNT | M43: 3051TG4A2B21AS1M536Q4Q8Q15P1BR5 | O43: 0 - 6000 kPa-g | P43: -101 - 27580 kPa-g | Q43: N/A | R43: Yes | S43: 4-20 mA w/ HART | T43: N/A | U43: N/A | V43: LO | W43: LO | X43: LO | Y43: LO | Z43: N/A | AA43: LO | AB43: LO | AC43: LO | AD43: N/A | AE43: LO | AF43: LO | AG43: LO | AH43: 23.4 | AI43: Pass | AJ43: N/A | AK43: N/A | AL43: Pass | AM43: Pass | AN43: N/A | AO43: Pass | AP43: N/A | AQ43: N/A | AR43: Pass | AS43: Pass | AT43: N/A | AU43: N/A | AV43: CRYSTAL ENGINEERING | AW43: IS33-36/5000 PSI | AX43: 4530-525617 | AY43: '2026-07-02 | AZ43: EMERSON | BA43: TREX | BB43: 210100082367 | BC43: '2026-07-31 | CX43: Levy Ostrup | CY43: '2026-08-01
C44: K1B WELL PAD PROJECT | D44: KINOSIS K1B | E44: CA23007 | F44: 29103-PIT-2038 | G44: Pressure Transmitter | H44: PRODUCED GAS | I44: PAD R P03 PRODUCED VAPOR PRESSURE | J44: 29103-25J-232-01 | K44: 29103-4"-PG-2301-DAPC0-64H-ET | L44: ROSEMOUNT | M44: 3051TG4A2B21AS1M536Q4Q8Q15P1BR5 | O44: 0 - 1500 kPa-g | P44: -101 - 5515 kPa-g | Q44: N/A | R44: Yes | S44: 4-20 mA w/ HART | T44: N/A | U44: N/A | V44: LO | W44: LO | X44: LO | Y44: LO | Z44: N/A | AA44: LO | AB44: LO | AC44: LO | AD44: N/A | AE44: LO | AF44: LO | AG44: LO | AH44: 23.5 | AI44: Pass | AJ44: N/A | AK44: N/A | AL44: Pass | AM44: Pass | AN44: N/A | AO44: Pass | AP44: N/A | AQ44: N/A | AR44: Pass | AS44: Pass | AT44: N/A | AU44: N/A | AV44: CRYSTAL ENGINEERING | AW44: IS33-36/5000 PSI | AX44: 4530-525617 | AY44: '2026-07-02 | AZ44: EMERSON | BA44: TREX | BB44: 210100082367 | BC44: '2026-07-31 | CX44: Levy Ostrup | CY44: '2026-08-01
C45: K1B WELL PAD PROJECT | D45: KINOSIS K1B | E45: CA23007 | F45: 29103-TIT-2034 | G45: Temperature Indicating Transmitter | H45: PRODUCED EMULSION | I45: PAD R P03 PRODUCED EMULSION HEAD | J45: 29103-25J-232-01 | K45: 29103-4"-PE-2301-DAPC0-64H-ET | L45: ROSEMOUNT | M45: 3144PD1A1K6M5Q4C8BR5XA | O45: -50 - 300°C | P45: -200 - 600°C | Q45: N/A | R45: Yes | S45: 4-20 mA w/ HART | T45: N/A | U45: N/A | V45: LO | W45: LO | X45: LO | Y45: LO | Z45: N/A | AA45: N/A | AB45: LO | AC45: LO | AD45: N/A | AE45: LO | AF45: LO | AG45: LO | AH45: 23.9 | AI45: Pass | AJ45: N/A | AK45: N/A | AL45: Pass | AM45: Pass | AN45: N/A | AO45: Pass | AP45: N/A | AQ45: N/A | AR45: Pass | AS45: Pass | AT45: N/A | AU45: N/A | AV45: FLUKE | AW45: 1551A EX | AX45: 6627011 | AY45: '2026-05-13 | CX45: Levy Ostrup | CY45: '2026-08-01
C46: K1B WELL PAD PROJECT | D46: KINOSIS K1B | E46: CA23007 | F46: 29103-PIT-2044 | G46: Pressure Transmitter | H46: PRODUCED EMULSION | I46: PAD R P04 PRODUCED EMULSION PRESSURE | J46: 29103-25J-242-01 | K46: 29103-4"-PE-2401-DAPC0-64H-ET | L46: ROSEMOUNT | M46: 3051TG4A2B21AS1M536Q4Q8Q15P1BR5 | O46: 0 - 6000 kPa-g | P46: -101 - 27580 kPa-g | Q46: N/A | R46: Yes | S46: 4-20 mA w/ HART | T46: N/A | U46: N/A | V46: LO | W46: LO | X46: LO | Y46: LO | Z46: N/A | AA46: LO | AB46: LO | AC46: LO | AD46: N/A | AE46: LO | AF46: LO | AG46: LO | AH46: 23.5 | AI46: Pass | AJ46: N/A | AK46: N/A | AL46: Pass | AM46: Pass | AN46: N/A | AO46: Pass | AP46: N/A | AQ46: N/A | AR46: Pass | AS46: Pass | AT46: N/A | AU46: N/A | AV46: CRYSTAL ENGINEERING | AW46: IS33-36/5000 PSI | AX46: 4530-525617 | AY46: '2026-07-02 | AZ46: EMERSON | BA46: TREX | BB46: 210100082367 | BC46: '2026-07-31 | CX46: Levy Ostrup | CY46: '2026-08-01
C47: K1B WELL PAD PROJECT | D47: KINOSIS K1B | E47: CA23007 | F47: 29103-PIT-2048 | G47: Pressure Transmitter | H47: PRODUCED GAS | I47: PAD R P04 PRODUCED VAPOR PRESSURE | J47: 29103-25J-242-01 | K47: 29103-4"-PG-2401-DAPC0-64H-ET | L47: ROSEMOUNT | M47: 3051TG4A2B21AS1M536Q4Q8Q15P1BR5 | O47: 0 - 1500 kPa-g | P47: -101 - 5515 kPa-g | Q47: N/A | R47: Yes | S47: 4-20 mA w/ HART | T47: N/A | U47: N/A | V47: LO | W47: LO | X47: LO | Y47: LO | Z47: N/A | AA47: LO | AB47: LO | AC47: LO | AD47: N/A | AE47: LO | AF47: LO | AG47: LO | AH47: 23.5 | AI47: Pass | AJ47: N/A | AK47: N/A | AL47: Pass | AM47: Pass | AN47: N/A | AO47: Pass | AP47: N/A | AQ47: N/A | AR47: Pass | AS47: Pass | AT47: N/A | AU47: N/A | AV47: CRYSTAL ENGINEERING | AW47: IS33-36/5000 PSI | AX47: 4530-525617 | AY47: '2026-07-02 | AZ47: EMERSON | BA47: TREX | BB47: 210100082367 | BC47: '2026-07-31 | CX47: Levy Ostrup | CY47: '2026-08-01
C48: K1B WELL PAD PROJECT | D48: KINOSIS K1B | E48: CA23007 | F48: 29103-TIT-2044 | G48: Temperature Indicating Transmitter | H48: PRODUCED EMULSION | I48: PAD R P04 PRODUCED EMULSION HEAD | J48: 29103-25J-242-01 | K48: 29103-4"-PE-2401-DAPC0-64H-ET | L48: ROSEMOUNT | M48: 3144PD1A1K6M5Q4C8BR5XA | O48: -50 - 300°C | P48: -200 - 600°C | Q48: N/A | R48: Yes | S48: 4-20 mA w/ HART | T48: N/A | U48: N/A | V48: LO | W48: LO | X48: LO | Y48: LO | Z48: N/A | AA48: N/A | AB48: LO | AC48: LO | AD48: N/A | AE48: LO | AF48: LO | AG48: LO | AH48: 23.9 | AI48: Pass | AJ48: N/A | AK48: N/A | AL48: Pass | AM48: Pass | AN48: N/A | AO48: Pass | AP48: N/A | AQ48: N/A | AR48: Pass | AS48: Pass | AT48: N/A | AU48: N/A | AV48: FLUKE | AW48: 1551A EX | AX48: 6627011 | AY48: '2026-05-13 | CX48: Levy Ostrup | CY48: '2026-08-01
C49: K1B WELL PAD PROJECT | D49: KINOSIS K1B | E49: CA23007 | F49: 29103-PIT-2054 | G49: Pressure Transmitter | H49: PRODUCED EMULSION | I49: PAD R P05 PRODUCED EMULSION PRESSURE | J49: 29103-25J-252-01 | K49: 29103-4"-PE-2501-DAPC0-64H-ET | L49: ROSEMOUNT | M49: 3051TG4A2B21AS1M536Q4Q8Q15P1BR5 | O49: 0 - 6000 kPa-g | P49: -101 - 27580 kPa-g | Q49: N/A | R49: Yes | S49: 4-20 mA w/ HART | T49: N/A | U49: N/A | V49: LO | W49: LO | X49: LO | Y49: LO | Z49: N/A | AA49: LO | AB49: LO | AC49: LO | AD49: N/A | AE49: LO | AF49: LO | AG49: LO | AH49: 23.9 | AI49: Pass | AJ49: N/A | AK49: N/A | AL49: Pass | AM49: Pass | AN49: N/A | AO49: Pass | AP49: N/A | AQ49: N/A | AR49: Pass | AS49: Pass | AT49: N/A | AU49: N/A | AV49: CRYSTAL ENGINEERING | AW49: IS33-36/5000 PSI | AX49: 4530-525617 | AY49: '2026-07-02 | AZ49: EMERSON | BA49: TREX | BB49: 210100082367 | BC49: '2026-07-31 | CX49: Levy Ostrup | CY49: '2026-08-01
C50: K1B WELL PAD PROJECT | D50: KINOSIS K1B | E50: CA23007 | F50: 29103-PIT-2058 | G50: Pressure Transmitter | H50: PRODUCED GAS | I50: PAD R P05 PRODUCED VAPOR PRESSURE | J50: 29103-25J-252-01 | K50: 29103-4"-PG-2501-DAPC0-64H-ET | L50: ROSEMOUNT | M50: 3051TG4A2B21AS1M536Q4Q8Q15P1BR5 | O50: 0 - 1500 kPa-g | P50: -101 - 5515 kPa-g | Q50: N/A | R50: Yes | S50: 4-20 mA w/ HART | T50: N/A | U50: N/A | V50: LO | W50: LO | X50: LO | Y50: LO | Z50: N/A | AA50: LO | AB50: LO | AC50: LO | AD50: N/A | AE50: LO | AF50: LO | AG50: LO | AH50: 23.8 | AI50: Pass | AJ50: N/A | AK50: N/A | AL50: Pass | AM50: Pass | AN50: N/A | AO50: Pass | AP50: N/A | AQ50: N/A | AR50: Pass | AS50: Pass | AT50: N/A | AU50: N/A | AV50: CRYSTAL ENGINEERING | AW50: IS33-36/5000 PSI | AX50: 4530-525617 | AY50: '2026-07-02 | AZ50: EMERSON | BA50: TREX | BB50: 210100082367 | BC50: '2026-07-31 | CX50: Levy Ostrup | CY50: '2026-08-01
C51: K1B WELL PAD PROJECT | D51: KINOSIS K1B | E51: CA23007 | F51: 29103-TIT-2054 | G51: Temperature Indicating Transmitter | H51: PRODUCED EMULSION | I51: PAD R P05 PRODUCED EMULSION HEAD | J51: 29103-25J-252-01 | K51: 29103-4"-PE-2501-DAPC0-64H-ET | L51: ROSEMOUNT | M51: 3144PD1A1K6M5Q4C8BR5XA | O51: -50 - 300°C | P51: -200 - 600°C | Q51: N/A | R51: Yes | S51: 4-20 mA w/ HART | T51: N/A | U51: N/A | V51: LO | W51: LO | X51: LO | Y51: LO | Z51: N/A | AA51: N/A | AB51: LO | AC51: LO | AD51: N/A | AE51: LO | AF51: LO | AG51: LO | AH51: 23.5 | AI51: Pass | AJ51: N/A | AK51: N/A | AL51: Pass | AM51: Pass | AN51: N/A | AO51: Pass | AP51: N/A | AQ51: N/A | AR51: Pass | AS51: Pass | AT51: N/A | AU51: N/A | AV51: FLUKE | AW51: 1551A EX | AX51: 6627011 | AY51: '2026-05-13 | CX51: Levy Ostrup | CY51: '2026-08-01
C52: K1B WELL PAD PROJECT | D52: KINOSIS K1B | E52: CA23007 | F52: 29103-PIT-2064 | G52: Pressure Transmitter | H52: PRODUCED EMULSION | I52: PAD R P06 PRODUCED EMULSION PRESSURE | J52: 29103-25J-262-01 | K52: 29103-4"-PE-2601-DAPC0-64H-ET | L52: ROSEMOUNT | M52: 3051TG4A2B21AS1M536Q4Q8Q15P1BR5 | O52: 0 - 6000 kPa-g | P52: -101 - 27580 kPa-g | Q52: N/A | R52: Yes | S52: 4-20 mA w/ HART | T52: N/A | U52: N/A | V52: LO | W52: LO | X52: LO | Y52: LO | Z52: N/A | AA52: LO | AB52: LO | AC52: LO | AD52: N/A | AE52: LO | AF52: LO | AG52: LO | AH52: 23.5 | AI52: Pass | AJ52: N/A | AK52: N/A | AL52: Pass | AM52: Pass | AN52: N/A | AO52: Pass | AP52: N/A | AQ52: N/A | AR52: Pass | AS52: Pass | AT52: N/A | AU52: N/A | AV52: CRYSTAL ENGINEERING | AW52: IS33-36/5000 PSI | AX52: 4530-525617 | AY52: '2026-07-02 | AZ52: EMERSON | BA52: TREX | BB52: 210100082367 | BC52: '2026-07-31 | CX52: Levy Ostrup | CY52: '2026-08-01
C53: K1B WELL PAD PROJECT | D53: KINOSIS K1B | E53: CA23007 | F53: 29103-PIT-2068 | G53: Pressure Transmitter | H53: PRODUCED GAS | I53: PAD R P06 PRODUCED VAPOR PRESSURE | J53: 29103-25J-262-01 | K53: 29103-4"-PG-2601-DAPC0-64H-ET | L53: ROSEMOUNT | M53: 3051TG4A2B21AS1M536Q4Q8Q15P1BR5 | O53: 0 - 1500 kPa-g | P53: -101 - 5515 kPa-g | Q53: N/A | R53: Yes | S53: 4-20 mA w/ HART | T53: N/A | U53: N/A | V53: LO | W53: LO | X53: LO | Y53: LO | Z53: N/A | AA53: LO | AB53: LO | AC53: LO | AD53: N/A | AE53: LO | AF53: LO | AG53: LO | AH53: 23.7 | AI53: Pass | AJ53: N/A | AK53: N/A | AL53: Pass | AM53: Pass | AN53: N/A | AO53: Pass | AP53: N/A | AQ53: N/A | AR53: Pass | AS53: Pass | AT53: N/A | AU53: N/A | AV53: CRYSTAL ENGINEERING | AW53: IS33-36/5000 PSI | AX53: 4530-525617 | AY53: '2026-07-02 | AZ53: EMERSON | BA53: TREX | BB53: 210100082367 | BC53: '2026-07-31 | CX53: Levy Ostrup | CY53: '2026-08-01
C54: K1B WELL PAD PROJECT | D54: KINOSIS K1B | E54: CA23007 | F54: 29103-TIT-2064 | G54: Temperature Indicating Transmitter | H54: PRODUCED EMULSION | I54: PAD R P06 PRODUCED EMULSION HEAD | J54: 29103-25J-262-01 | K54: 29103-4"-PE-2601-DAPC0-64H-ET | L54: ROSEMOUNT | M54: 3144PD1A1K6M5Q4C8BR5XA | O54: -50 - 300°C | P54: -200 - 600°C | Q54: N/A | R54: Yes | S54: 4-20 mA w/ HART | T54: N/A | U54: N/A | V54: LO | W54: LO | X54: LO | Y54: LO | Z54: N/A | AA54: N/A | AB54: LO | AC54: LO | AD54: N/A | AE54: LO | AF54: LO | AG54: LO | AH54: 23.5 | AI54: Pass | AJ54: N/A | AK54: N/A | AL54: Pass | AM54: Pass | AN54: N/A | AO54: Pass | AP54: N/A | AQ54: N/A | AR54: Pass | AS54: Pass | AT54: N/A | AU54: N/A | AV54: FLUKE | AW54: 1551A EX | AX54: 6627011 | AY54: '2026-05-13 | CX54: Levy Ostrup | CY54: '2026-08-01
C55: K1B WELL PAD PROJECT | D55: KINOSIS K1B | E55: CA23007 | F55: 29103-PIT-2074 | G55: Pressure Transmitter | H55: PRODUCED EMULSION | I55: PAD R P07 PRODUCED EMULSION PRESSURE | J55: 29103-25J-272-01 | K55: 29103-4"-PE-2701-DAPC0-64H-ET | L55: ROSEMOUNT | M55: 3051TG4A2B21AS1M536Q4Q8Q15P1BR5 | O55: 0 - 6000 kPa-g | P55: -101 - 27580 kPa-g | Q55: N/A | R55: Yes | S55: 4-20 mA w/ HART | T55: N/A | U55: N/A | V55: LO | W55: LO | X55: LO | Y55: LO | Z55: N/A | AA55: LO | AB55: LO | AC55: LO | AD55: N/A | AE55: LO | AF55: LO | AG55: LO | AH55: 23.4 | AI55: Pass | AJ55: N/A | AK55: N/A | AL55: Pass | AM55: Pass | AN55: N/A | AO55: Pass | AP55: N/A | AQ55: N/A | AR55: Pass | AS55: Pass | AT55: N/A | AU55: N/A | AV55: CRYSTAL ENGINEERING | AW55: IS33-36/5000 PSI | AX55: 4530-525617 | AY55: '2026-07-02 | AZ55: EMERSON | BA55: TREX | BB55: 210100082367 | BC55: '2026-07-31 | CX55: Levy Ostrup | CY55: '2026-08-01
C56: K1B WELL PAD PROJECT | D56: KINOSIS K1B | E56: CA23007 | F56: 29103-PIT-2078 | G56: Pressure Transmitter | H56: PRODUCED GAS | I56: PAD R P07 PRODUCED VAPOR PRESSURE | J56: 29103-25J-272-01 | K56: 29103-4"-PG-2701-DAPC0-64H-ET | L56: ROSEMOUNT | M56: 3051TG4A2B21AS1M536Q4Q8Q15P1BR5 | O56: 0 - 1500 kPa-g | P56: -101 - 5515 kPa-g | Q56: N/A | R56: Yes | S56: 4-20 mA w/ HART | T56: N/A | U56: N/A | V56: LO | W56: LO | X56: LO | Y56: LO | Z56: N/A | AA56: LO | AB56: LO | AC56: LO | AD56: N/A | AE56: LO | AF56: LO | AG56: LO | AH56: 23.4 | AI56: Pass | AJ56: N/A | AK56: N/A | AL56: Pass | AM56: Pass | AN56: N/A | AO56: Pass | AP56: N/A | AQ56: N/A | AR56: Pass | AS56: Pass | AT56: N/A | AU56: N/A | AV56: CRYSTAL ENGINEERING | AW56: IS33-36/5000 PSI | AX56: 4530-525617 | AY56: '2026-07-02 | AZ56: EMERSON | BA56: TREX | BB56: 210100082367 | BC56: '2026-07-31 | CX56: Levy Ostrup | CY56: '2026-08-01
C57: K1B WELL PAD PROJECT | D57: KINOSIS K1B | E57: CA23007 | F57: 29103-TIT-2074 | G57: Temperature Indicating Transmitter | H57: PRODUCED EMULSION | I57: PAD R P07 PRODUCED EMULSION HEAD | J57: 29103-25J-272-01 | K57: 29103-4"-PE-2701-DAPC0-64H-ET | L57: ROSEMOUNT | M57: 3144PD1A1K6M5Q4C8BR5XA | O57: -50 - 300°C | P57: -200 - 600°C | Q57: N/A | R57: Yes | S57: 4-20 mA w/ HART | T57: N/A | U57: N/A | V57: LO | W57: LO | X57: LO | Y57: LO | Z57: N/A | AA57: N/A | AB57: LO | AC57: LO | AD57: N/A | AE57: LO | AF57: LO | AG57: LO | AH57: 23.3 | AI57: Pass | AJ57: N/A | AK57: N/A | AL57: Pass | AM57: Pass | AN57: N/A | AO57: Pass | AP57: N/A | AQ57: N/A | AR57: Pass | AS57: Pass | AT57: N/A | AU57: N/A | AV57: FLUKE | AW57: 1551A EX | AX57: 6627011 | AY57: '2026-05-13 | CX57: Levy Ostrup | CY57: '2026-08-01
C58: K1B WELL PAD PROJECT | D58: KINOSIS K1B | E58: CA23007 | F58: 29103-FIT-2014 | G58: Coriolis Flow Meter | H58: PRODUCED EMULSION | I58: PAD R P01 PRODUCED EMULSION FLOW | J58: 29103-25J-211-01 | K58: 29103-4"-PE-2101-DAPCO-64H-ET | L58: KROHNE | M58: VE544H17420010400004C6 | O58: 0-50 M3/h | P58: 0.7-140 M3/h | Q58: N/A | R58: Yes | S58: 4-20 mA w/ HART | T58: N/A | U58: N/A | V58: LO | W58: LO | X58: LO | Y58: LO | Z58: N/A | AA58: N/A | AB58: LO | AC58: LO | AD58: N/A | AE58: LO | AF58: LO | AG58: LO | AH58: 23.8 | AI58: Pass | AJ58: N/A | AK58: N/A | AL58: Pass | AM58: Pass | AN58: N/A | AO58: Pass | AP58: N/A | AQ58: N/A | AR58: Pass | AS58: Pass | AT58: N/A | AU58: N/A | AV58: EMERSON | AW58: TREX | AX58: 210100082367 | AY58: '2026-07-31 | CX58: Levy Ostrup | CY58: '2026-08-01
C59: K1B WELL PAD PROJECT | D59: KINOSIS K1B | E59: CA23007 | F59: 29103-FIT-2024 | G59: Coriolis Flow Meter | H59: PRODUCED EMULSION | I59: PAD R P02 PRODUCED EMULSION FLOW | J59: 29103-25J-221-01 | K59: 29103-4"-PE-2201-DAPCO-64H-ET | L59: KROHNE | M59: VE544H17420010400004C6 | O59: 0 to 30 m3/h @flow | P59: 1.82 to 90.91 m3/h @flow | Q59: N/A | R59: Yes | S59: 4-20 mA w/ HART | T59: N/A | U59: N/A | V59: LO | W59: LO | X59: LO | Y59: LO | Z59: N/A | AA59: N/A | AB59: LO | AC59: LO | AD59: N/A | AE59: LO | AF59: LO | AG59: LO | AH59: 23.7 | AI59: Pass | AJ59: N/A | AK59: N/A | AL59: Pass | AM59: Pass | AN59: N/A | AO59: Pass | AP59: N/A | AQ59: N/A | AR59: Pass | AS59: Pass | AT59: N/A | AU59: N/A | AV59: EMERSON | AW59: TREX | AX59: 210100082367 | AY59: '2026-07-31 | CX59: Levy Ostrup | CY59: '2026-08-01
C60: K1B WELL PAD PROJECT | D60: KINOSIS K1B | E60: CA23007 | F60: 29103-FIT-2034 | G60: Coriolis Flow Meter | H60: PRODUCED EMULSION | I60: PAD R P03 PRODUCED EMULSION FLOW | J60: 29103-25J-231-01 | K60: 29103-4"-PE-2301-DAPCO-64H-ET | L60: KROHNE | M60: VE544H17420010400004C6 | O60: 0-50 M3/h | P60: 0.7-140 M3/h | Q60: N/A | R60: Yes | S60: 4-20 mA w/ HART | T60: N/A | U60: N/A | V60: LO | W60: LO | X60: LO | Y60: LO | Z60: N/A | AA60: N/A | AB60: LO | AC60: LO | AD60: N/A | AE60: LO | AF60: LO | AG60: LO | AH60: 23.4 | AI60: Pass | AJ60: N/A | AK60: N/A | AL60: Pass | AM60: Pass | AN60: N/A | AO60: Pass | AP60: N/A | AQ60: N/A | AR60: Pass | AS60: Pass | AT60: N/A | AU60: N/A | AV60: EMERSON | AW60: TREX | AX60: 210100082367 | AY60: '2026-07-31 | CX60: Levy Ostrup | CY60: '2026-08-01
C61: K1B WELL PAD PROJECT | D61: KINOSIS K1B | E61: CA23007 | F61: 29103-FIT-2044 | G61: Coriolis Flow Meter | H61: PRODUCED EMULSION | I61: PAD R P05 PRODUCED EMULSION FLOW | J61: 29103-25J-241-01 | K61: 29103-4"-PE-2501-DAPCO-64H-ET | L61: KROHNE | M61: VE544H17420010400004C6 | O61: 0-50 M3/h | P61: 0.7-140 M3/h | Q61: N/A | R61: Yes | S61: 4-20 mA w/ HART | T61: N/A | U61: N/A | V61: LO | W61: LO | X61: LO | Y61: LO | Z61: N/A | AA61: N/A | AB61: LO | AC61: LO | AD61: N/A | AE61: LO | AF61: LO | AG61: LO | AH61: 23.8 | AI61: Pass | AJ61: N/A | AK61: N/A | AL61: Pass | AM61: Pass | AN61: N/A | AO61: Pass | AP61: N/A | AQ61: N/A | AR61: Pass | AS61: Pass | AT61: N/A | AU61: N/A | AV61: EMERSON | AW61: TREX | AX61: 210100082367 | AY61: '2026-07-31 | CX61: Levy Ostrup | CY61: '2026-08-01
C62: K1B WELL PAD PROJECT | D62: KINOSIS K1B | E62: CA23007 | F62: 29103-FIT-2054 | G62: Coriolis Flow Meter | H62: PRODUCED EMULSION | I62: PAD R P05 PRODUCED EMULSION FLOW | J62: 29103-25J-251-01 | K62: 29103-4"-PE-2601-DAPCO-64H-ET | L62: KROHNE | M62: VE544H17420010400004C6 | O62: 0-50 M3/h | P62: 0.7-140 M3/h | Q62: N/A | R62: Yes | S62: 4-20 mA w/ HART | T62: N/A | U62: N/A | V62: LO | W62: LO | X62: LO | Y62: LO | Z62: N/A | AA62: N/A | AB62: LO | AC62: LO | AD62: N/A | AE62: LO | AF62: LO | AG62: LO | AH62: 23.8 | AI62: Pass | AJ62: N/A | AK62: N/A | AL62: Pass | AM62: Pass | AN62: N/A | AO62: Pass | AP62: N/A | AQ62: N/A | AR62: Pass | AS62: Pass | AT62: N/A | AU62: N/A | AV62: EMERSON | AW62: TREX | AX62: 210100082367 | AY62: '2026-07-31 | CX62: Levy Ostrup | CY62: '2026-08-01
C63: K1B WELL PAD PROJECT | D63: KINOSIS K1B | E63: CA23007 | F63: 29103-FIT-2064 | G63: Coriolis Flow Meter | H63: PRODUCED EMULSION | I63: PAD R P06 PRODUCED EMULSION FLOW | J63: 29103-25J-261-01 | K63: 29103-4"-PE-2601-DAPCO-64H-ET | L63: KROHNE | M63: VE544H17420010400004C6 | O63: 0-50 M3/h | P63: 0.7-140 M3/h | Q63: N/A | R63: Yes | S63: 4-20 mA w/ HART | T63: N/A | U63: N/A | V63: LO | W63: LO | X63: LO | Y63: LO | Z63: N/A | AA63: N/A | AB63: LO | AC63: LO | AD63: N/A | AE63: LO | AF63: LO | AG63: LO | AH63: 23.8 | AI63: Pass | AJ63: N/A | AK63: N/A | AL63: Pass | AM63: Pass | AN63: N/A | AO63: Pass | AP63: N/A | AQ63: N/A | AR63: Pass | AS63: Pass | AT63: N/A | AU63: N/A | AV63: EMERSON | AW63: TREX | AX63: 210100082367 | AY63: '2026-07-31 | CX63: Levy Ostrup | CY63: '2026-08-01
C64: K1B WELL PAD PROJECT | D64: KINOSIS K1B | E64: CA23007 | F64: 29103-FIT-2074 | G64: Coriolis Flow Meter | H64: PRODUCED EMULSION | I64: PAD R P07 PRODUCED EMULSION FLOW | J64: 29103-25J-271-01 | K64: 29103-4"-PE-2701-DAPCO-64H-ET | L64: KROHNE | M64: VE544H17420010400004C6 | O64: 0-50 M3/h | P64: 0.7-140 M3/h | Q64: N/A | R64: Yes | S64: 4-20 mA w/ HART | T64: N/A | U64: N/A | V64: LO | W64: LO | X64: LO | Y64: LO | Z64: N/A | AA64: N/A | AB64: LO | AC64: LO | AD64: N/A | AE64: LO | AF64: LO | AG64: LO | AH64: 23.7 | AI64: Pass | AJ64: N/A | AK64: N/A | AL64: Pass | AM64: Pass | AN64: N/A | AO64: Pass | AP64: N/A | AQ64: N/A | AR64: Pass | AS64: Pass | AT64: N/A | AU64: N/A | AV64: EMERSON | AW64: TREX | AX64: 210100082367 | AY64: '2026-07-31 | CX64: Levy Ostrup | CY64: '2026-08-01
C65: K1B WELL PAD PROJECT | D65: KINOSIS K1B | E65: CA23007 | F65: 29103-TIT-2010A | G65: Temperature Transmitter | H65: PRODUCED EMULSION | I65: PAD R P01 PROD WELL DOWNHOLE TEMPERATURE | J65: 29103-25J-212-01 | K65: N/A | L65: ROSEMOUNT | M65: 644HAK6J6M5C8Q4DA1K1005 | O65: 0 - 350°C | P65: -180 - 1372°C | Q65: N/A | R65: YES | S65: 4-20 mA w/ HART | T65: N/A | U65: N/A | V65: LO | W65: LO | X65: LO | Y65: LO | Z65: N/A | AA65: N/A | AB65: LO | AC65: LO | AD65: N/A | AE65: LO | AF65: LO | AG65: LO | AH65: 23.7 | AI65: Pass | AJ65: N/A | AK65: N/A | AL65: Pass | AM65: Pass | AN65: N/A | AO65: Pass | AP65: N/A | AQ65: N/A | AR65: Pass | AS65: Pass | AT65: N/A | AU65: N/A | AV65: EMERSON | AW65: TREX | AX65: 210100082367 | AY65: '2026-07-31 | CX65: Levy Ostrup | CY65: '2026-08-01
C66: K1B WELL PAD PROJECT | D66: KINOSIS K1B | E66: CA23007 | F66: 29103-TIT-2010J | G66: Temperature Transmitter | H66: PRODUCED EMULSION | I66: PAD R P01 PROD WELL DOWNHOLE TEMPERATURE | J66: 29103-25J-212-01 | K66: N/A | L66: ROSEMOUNT | M66: 644HAK6J6M5C8Q4DA1K1005 | O66: 0 - 350°C | P66: -180 - 1372°C | Q66: N/A | R66: YES | S66: 4-20 mA w/ HART | T66: N/A | U66: N/A | V66: LO | W66: LO | X66: LO | Y66: LO | Z66: N/A | AA66: N/A | AB66: LO | AC66: LO | AD66: N/A | AE66: LO | AF66: LO | AG66: LO | AH66: 23.7 | AI66: Pass | AJ66: N/A | AK66: N/A | AL66: Pass | AM66: Pass | AN66: N/A | AO66: Pass | AP66: N/A | AQ66: N/A | AR66: Pass | AS66: Pass | AT66: N/A | AU66: N/A | AV66: EMERSON | AW66: TREX | AX66: 210100082367 | AY66: '2026-07-31 | CX66: Levy Ostrup | CY66: '2026-08-01
C67: K1B WELL PAD PROJECT | D67: KINOSIS K1B | E67: CA23007 | F67: 29103-TIT-2020A | G67: Temperature Transmitter | H67: PRODUCED EMULSION | I67: PAD R P02 PROD WELL DOWNHOLE TEMPERATURE | J67: 29103-25J-222-01 | K67: N/A | L67: ROSEMOUNT | M67: 644HAK6J6M5C8Q4DA1K1005 | O67: 0 - 350°C | P67: -180 - 1372°C | Q67: N/A | R67: YES | S67: 4-20 mA w/ HART | T67: N/A | U67: N/A | V67: LO | W67: LO | X67: LO | Y67: LO | Z67: N/A | AA67: N/A | AB67: LO | AC67: LO | AD67: N/A | AE67: LO | AF67: LO | AG67: LO | AH67: 23.7 | AI67: Pass | AJ67: N/A | AK67: N/A | AL67: Pass | AM67: Pass | AN67: N/A | AO67: Pass | AP67: N/A | AQ67: N/A | AR67: Pass | AS67: Pass | AT67: N/A | AU67: N/A | AV67: EMERSON | AW67: TREX | AX67: 210100082367 | AY67: '2026-07-31 | CX67: Levy Ostrup | CY67: '2026-08-01
C68: K1B WELL PAD PROJECT | D68: KINOSIS K1B | E68: CA23007 | F68: 29103-TIT-2020J | G68: Temperature Transmitter | H68: PRODUCED EMULSION | I68: PAD R P02 PROD WELL DOWNHOLE TEMPERATURE | J68: 29103-25J-222-01 | K68: N/A | L68: ROSEMOUNT | M68: 644HAK6J6M5C8Q4DA1K1005 | O68: 0 - 350°C | P68: -180 - 1372°C | Q68: N/A | R68: YES | S68: 4-20 mA w/ HART | T68: N/A | U68: N/A | V68: LO | W68: LO | X68: LO | Y68: LO | Z68: N/A | AA68: N/A | AB68: LO | AC68: LO | AD68: N/A | AE68: LO | AF68: LO | AG68: LO | AH68: 23.7 | AI68: Pass | AJ68: N/A | AK68: N/A | AL68: Pass | AM68: Pass | AN68: N/A | AO68: Pass | AP68: N/A | AQ68: N/A | AR68: Pass | AS68: Pass | AT68: N/A | AU68: N/A | AV68: EMERSON | AW68: TREX | AX68: 210100082367 | AY68: '2026-07-31 | CX68: Levy Ostrup | CY68: '2026-08-01
C69: K1B WELL PAD PROJECT | D69: KINOSIS K1B | E69: CA23007 | F69: 29103-TIT-2030A | G69: Temperature Transmitter | H69: PRODUCED EMULSION | I69: PAD R P03 PROD WELL DOWNHOLE TEMPERATURE | J69: 29103-25J-232-01 | K69: N/A | L69: ROSEMOUNT | M69: 644HAK6J6M5C8Q4DA1K1005 | O69: 0 - 350°C | P69: -180 - 1372°C | Q69: N/A | R69: YES | S69: 4-20 mA w/ HART | T69: N/A | U69: N/A | V69: LO | W69: LO | X69: LO | Y69: LO | Z69: N/A | AA69: N/A | AB69: LO | AC69: LO | AD69: N/A | AE69: LO | AF69: LO | AG69: LO | AH69: 23.7 | AI69: Pass | AJ69: N/A | AK69: N/A | AL69: Pass | AM69: Pass | AN69: N/A | AO69: Pass | AP69: N/A | AQ69: N/A | AR69: Pass | AS69: Pass | AT69: N/A | AU69: N/A | AV69: EMERSON | AW69: TREX | AX69: 210100082367 | AY69: '2026-07-31 | CX69: Levy Ostrup | CY69: '2026-08-01
... C78: K1B WELL PAD PROJECT | D78: KINOSIS K1B | E78: CA23007 | F78: 29103-TIT-2070A | G78: TEMPERATURE TRANSMITTER | H78: PRODUCED EMULSION | I78: PAD R P07 PROD WELL DOWNHOLE TEMPERATURE | J78: 29103-25J-272-01 | K78: N/A | L78: ROSEMOUNT | M78: 644HAK6J6M5C8Q4DA1K1005 | O78: 0 - 350°C | P78: -180 - 1372°C | Q78: N/A | R78: YES | S78: 4-20 mA w/ HART | T78: N/A | U78: N/A | V78: LO | W78: LO | X78: LO | Y78: LO | Z78: N/A | AA78: N/A | AB78: LO | AC78: LO | AD78: N/A | AE78: LO | AF78: LO | AG78: LO | AH78: 23.7 | AI78: Pass | AJ78: N/A | AK78: N/A | AL78: Pass | AM78: Pass | AN78: N/A | AO78: Pass | AP78: N/A | AQ78: N/A | AR78: Pass | AS78: Pass | AT78: N/A | AU78: N/A | AV78: EMERSON | AW78: TREX | AX78: 210100082367 | AY78: '2026-07-31 | CX78: Levy Ostrup | CY78: '2026-08-01
C79: K1B WELL PAD PROJECT | D79: KINOSIS K1B | E79: CA23007 | F79: 29103-PIT-2015 | G79: Pressure Transmitter | H79: PRODUCED EMULSION | I79: PAD R S01 RETURN FLUID TO PROD WELL HEAD | J79: 29103-25J-212-01 | K79: 29103-4"-P-2101-DAPC0-64H-ET | L79: ROSEMOUNT | M79: 3051TG4A2B21AS1M536Q4Q8Q15P1BR5 | O79: 0 - 3000 kPa-g | P79: -101 - 5515 kPa-g | Q79: N/A | R79: Yes | S79: 4-20 mA w/ HART | T79: N/A | U79: N/A | V79: LO | W79: LO | X79: LO | Y79: LO | Z79: N/A | AA79: LO | AB79: LO | AC79: LO | AD79: N/A | AE79: LO | AF79: LO | AG79: LO | AH79: 23.7 | AI79: Pass | AJ79: N/A | AK79: N/A | AL79: Pass | AM79: Pass | AN79: N/A | AO79: Pass | AP79: N/A | AQ79: N/A | AR79: Pass | AS79: Pass | AT79: N/A | AU79: N/A | AV79: CRYSTAL ENGINEERING | AW79: IS33-36/5000 PSI | AX79: 4530-525617 | AY79: '2026-07-02 | AZ79: EMERSON | BA79: TREX | BB79: 210100082367 | BC79: '2026-07-31 | CX79: Levy Ostrup | CY79: '2026-08-01
C80: K1B WELL PAD PROJECT | D80: KINOSIS K1B | E80: CA23007 | F80: 29103-TIT-2015 | G80: Temperature Indicating Transmitter | H80: PRODUCED EMULSION | I80: PAD R S01 RETURN FLUID TO PROD WELL HEADER | J80: 29103-25J-212-01 | K80: 29103-4"-P-2101-DAPC0-64H-ET | L80: ROSEMOUNT | M80: 3144PD1A1K6M5Q4C8BR5XA | O80: -50 - 300°C | P80: -200 - 600°C | Q80: N/A | R80: Yes | S80: 4-20 mA w/ HART | T80: N/A | U80: N/A | V80: LO | W80: LO | X80: LO | Y80: LO | Z80: N/A | AA80: N/A | AB80: LO | AC80: LO | AD80: N/A | AE80: LO | AF80: LO | AG80: LO | AH80: 23.6 | AI80: Pass | AJ80: N/A | AK80: N/A | AL80: Pass | AM80: Pass | AN80: N/A | AO80: Pass | AP80: N/A | AQ80: N/A | AR80: Pass | AS80: Pass | AT80: N/A | AU80: N/A | AV80: FLUKE | AW80: 1551A EX | AX80: 6627011 | AY80: '2026-05-13 | CX80: Levy Ostrup | CY80: '2026-08-01
C81: K1B WELL PAD PROJECT | D81: KINOSIS K1B | E81: CA23007 | F81: 29103-PIT-2025 | G81: Pressure Transmitter | H81: PRODUCED EMULSION | I81: PAD R S02 RETURN FLUID TO PROD WELL HEAD | J81: 29103-25J-222-01 | K81: 29103-4"-P-2201-DAPC0-64H-ET | L81: ROSEMOUNT | M81: 3051TG4A2B21AS1M536Q4Q8Q15P1BR5 | O81: 0 - 3000 kPa-g | P81: -101 - 5515 kPa-g | Q81: N/A | R81: Yes | S81: 4-20 mA w/ HART | T81: N/A | U81: N/A | V81: LO | W81: LO | X81: LO | Y81: LO | Z81: N/A | AA81: LO | AB81: LO | AC81: LO | AD81: N/A | AE81: LO | AF81: LO | AG81: LO | AH81: 23.8 | AI81: Pass | AJ81: N/A | AK81: N/A | AL81: Pass | AM81: Pass | AN81: N/A | AO81: Pass | AP81: N/A | AQ81: N/A | AR81: Pass | AS81: Pass | AT81: N/A | AU81: N/A | AV81: CRYSTAL ENGINEERING | AW81: IS33-36/5000 PSI | AX81: 4530-525617 | AY81: '2026-07-02 | AZ81: EMERSON | BA81: TREX | BB81: 210100082367 | BC81: '2026-07-31 | CX81: Levy Ostrup | CY81: '2026-08-01
C82: K1B WELL PAD PROJECT | D82: KINOSIS K1B | E82: CA23007 | F82: 29103-TIT-2025 | G82: Temperature Indicating Transmitter | H82: PRODUCED EMULSION | I82: PAD R S02 RETURN FLUID TO PROD WELL HEADER | J82: 29103-25J-222-01 | K82: 29103-4"-P-2201-DAPC0-64H-ET | L82: ROSEMOUNT | M82: 3144PD1A1K6M5Q4C8BR5XA | O82: -50 - 300°C | P82: -200 - 600°C | Q82: N/A | R82: Yes | S82: 4-20 mA w/ HART | T82: N/A | U82: N/A | V82: LO | W82: LO | X82: LO | Y82: LO | Z82: N/A | AA82: N/A | AB82: LO | AC82: LO | AD82: N/A | AE82: LO | AF82: LO | AG82: LO | AH82: 23.4 | AI82: Pass | AJ82: N/A | AK82: N/A | AL82: Pass | AM82: Pass | AN82: N/A | AO82: Pass | AP82: N/A | AQ82: N/A | AR82: Pass | AS82: Pass | AT82: N/A | AU82: N/A | AV82: FLUKE | AW82: 1551A EX | AX82: 6627011 | AY82: '2026-05-13 | CX82: Levy Ostrup | CY82: '2026-08-01
C83: K1B WELL PAD PROJECT | D83: KINOSIS K1B | E83: CA23007 | F83: 29103-PIT-2035 | G83: Pressure Transmitter | H83: PRODUCED EMULSION | I83: PAD R S03 RETURN FLUID TO PROD WELL HEAD | J83: 29103-25J-232-01 | K83: 29103-4"-P-2301-DAPC0-64H-ET | L83: ROSEMOUNT | M83: 3051TG4A2B21AS1M536Q4Q8Q15P1BR5 | O83: 0 - 3000 kPa-g | P83: -101 - 5515 kPa-g | Q83: N/A | R83: Yes | S83: 4-20 mA w/ HART | T83: N/A | U83: N/A | V83: LO | W83: LO | X83: LO | Y83: LO | Z83: N/A | AA83: LO | AB83: LO | AC83: LO | AD83: N/A | AE83: LO | AF83: LO | AG83: LO | AH83: 23.9 | AI83: Pass | AJ83: N/A | AK83: N/A | AL83: Pass | AM83: Pass | AN83: N/A | AO83: Pass | AP83: N/A | AQ83: N/A | AR83: Pass | AS83: Pass | AT83: N/A | AU83: N/A | AV83: CRYSTAL ENGINEERING | AW83: IS33-36/5000 PSI | AX83: 4530-525617 | AY83: '2026-07-02 | AZ83: EMERSON | BA83: TREX | BB83: 210100082367 | BC83: '2026-07-31 | CX83: Levy Ostrup | CY83: '2026-08-01
C84: K1B WELL PAD PROJECT | D84: KINOSIS K1B | E84: CA23007 | F84: 29103-TIT-2035 | G84: Temperature Indicating Transmitter | H84: PRODUCED EMULSION | I84: PAD R S03 RETURN FLUID TO PROD WELL HEADER | J84: 29103-25J-232-01 | K84: 29103-4"-P-2301-DAPC0-64H-ET | L84: ROSEMOUNT | M84: 3144PD1A1K6M5Q4C8BR5XA | O84: -50 - 300°C | P84: -200 - 600°C | Q84: N/A | R84: Yes | S84: 4-20 mA w/ HART | T84: N/A | U84: N/A | V84: LO | W84: LO | X84: LO | Y84: LO | Z84: N/A | AA84: N/A | AB84: LO | AC84: LO | AD84: N/A | AE84: LO | AF84: LO | AG84: LO | AH84: 23.8 | AI84: Pass | AJ84: N/A | AK84: N/A | AL84: Pass | AM84: Pass | AN84: N/A | AO84: Pass | AP84: N/A | AQ84: N/A | AR84: Pass | AS84: Pass | AT84: N/A | AU84: N/A | AV84: FLUKE | AW84: 1551A EX | AX84: 6627011 | AY84: '2026-05-13 | CX84: Levy Ostrup | CY84: '2026-08-01
C85: K1B WELL PAD PROJECT | D85: KINOSIS K1B | E85: CA23007 | F85: 29103-PIT-2045 | G85: Pressure Transmitter | H85: PRODUCED EMULSION | I85: PAD R S04 RETURN FLUID TO PROD WELL HEAD | J85: 29103-25J-242-01 | K85: 29103-4"-P-2401-DAPC0-64H-ET | L85: ROSEMOUNT | M85: 3051TG4A2B21AS1M536Q4Q8Q15P1BR5 | O85: 0 - 3000 kPa-g | P85: -101 - 5515 kPa-g | Q85: N/A | R85: Yes | S85: 4-20 mA w/ HART | T85: N/A | U85: N/A | V85: LO | W85: LO | X85: LO | Y85: LO | Z85: N/A | AA85: LO | AB85: LO | AC85: LO | AD85: N/A | AE85: LO | AF85: LO | AG85: LO | AH85: 23.8 | AI85: Pass | AJ85: N/A | AK85: N/A | AL85: Pass | AM85: Pass | AN85: N/A | AO85: Pass | AP85: N/A | AQ85: N/A | AR85: Pass | AS85: Pass | AT85: N/A | AU85: N/A | AV85: CRYSTAL ENGINEERING | AW85: IS33-36/5000 PSI | AX85: 4530-525617 | AY85: '2026-07-02 | AZ85: EMERSON | BA85: TREX | BB85: 210100082367 | BC85: '2026-07-31 | CX85: Levy Ostrup | CY85: '2026-08-01
C86: K1B WELL PAD PROJECT | D86: KINOSIS K1B | E86: CA23007 | F86: 29103-TIT-2045 | G86: Temperature Indicating Transmitter | H86: PRODUCED EMULSION | I86: PAD R S04 RETURN FLUID TO PROD WELL HEADER | J86: 29103-25J-242-01 | K86: 29103-4"-P-2401-DAPC0-64H-ET | L86: ROSEMOUNT | M86: 3144PD1A1K6M5Q4C8BR5XA | O86: -50 - 300°C | P86: -200 - 600°C | Q86: N/A | R86: Yes | S86: 4-20 mA w/ HART | T86: N/A | U86: N/A | V86: LO | W86: LO | X86: LO | Y86: LO | Z86: N/A | AA86: N/A | AB86: LO | AC86: LO | AD86: N/A | AE86: LO | AF86: LO | AG86: LO | AH86: 23.6 | AI86: Pass | AJ86: N/A | AK86: N/A | AL86: Pass | AM86: Pass | AN86: N/A | AO86: Pass | AP86: N/A | AQ86: N/A | AR86: Pass | AS86: Pass | AT86: N/A | AU86: N/A | AV86: FLUKE | AW86: 1551A EX | AX86: 6627011 | AY86: '2026-05-13 | CX86: Levy Ostrup | CY86: '2026-08-01
C87: K1B WELL PAD PROJECT | D87: KINOSIS K1B | E87: CA23007 | F87: 29103-PIT-2055 | G87: Pressure Transmitter | H87: PRODUCED EMULSION | I87: PAD R S05 RETURN FLUID TO PROD WELL HEAD | J87: 29103-25J-252-01 | K87: 29103-4"-P-2501-DAPC0-64H-ET | L87: ROSEMOUNT | M87: 3051TG4A2B21AS1M536Q4Q8Q15P1BR5 | O87: 0 - 3000 kPa-g | P87: -101 - 5515 kPa-g | Q87: N/A | R87: Yes | S87: 4-20 mA w/ HART | T87: N/A | U87: N/A | V87: LO | W87: LO | X87: LO | Y87: LO | Z87: N/A | AA87: LO | AB87: LO | AC87: LO | AD87: N/A | AE87: LO | AF87: LO | AG87: LO | AH87: 23.9 | AI87: Pass | AJ87: N/A | AK87: N/A | AL87: Pass | AM87: Pass | AN87: N/A | AO87: Pass | AP87: N/A | AQ87: N/A | AR87: Pass | AS87: Pass | AT87: N/A | AU87: N/A | AV87: CRYSTAL ENGINEERING | AW87: IS33-36/5000 PSI | AX87: 4530-525617 | AY87: '2026-07-02 | AZ87: EMERSON | BA87: TREX | BB87: 210100082367 | BC87: '2026-07-31 | CX87: Levy Ostrup | CY87: '2026-08-01
C88: K1B WELL PAD PROJECT | D88: KINOSIS K1B | E88: CA23007 | F88: 29103-TIT-2055 | G88: Temperature Indicating Transmitter | H88: PRODUCED EMULSION | I88: PAD R S05 RETURN FLUID TO PROD WELL HEADER | J88: 29103-25J-252-01 | K88: 29103-4"-P-2501-DAPC0-64H-ET | L88: ROSEMOUNT | M88: 3144PD1A1K6M5Q4C8BR5XA | O88: -50 - 300°C | P88: -200 - 600°C | Q88: N/A | R88: Yes | S88: 4-20 mA w/ HART | T88: N/A | U88: N/A | V88: LO | W88: LO | X88: LO | Y88: LO | Z88: N/A | AA88: N/A | AB88: LO | AC88: LO | AD88: N/A | AE88: LO | AF88: LO | AG88: LO | AH88: 23.8 | AI88: Pass | AJ88: N/A | AK88: N/A | AL88: Pass | AM88: Pass | AN88: N/A | AO88: Pass | AP88: N/A | AQ88: N/A | AR88: Pass | AS88: Pass | AT88: N/A | AU88: N/A | AV88: FLUKE | AW88: 1551A EX | AX88: 6627011 | AY88: '2026-05-13 | CX88: Levy Ostrup | CY88: '2026-08-01
C89: K1B WELL PAD PROJECT | D89: KINOSIS K1B | E89: CA23007 | F89: 29103-PIT-2065 | G89: Pressure Transmitter | H89: PRODUCED EMULSION | I89: PAD R S06 RETURN FLUID TO PROD WELL HEAD | J89: 29103-25J-262-01 | K89: 29103-4"-P-2601-DAPC0-64H-ET | L89: ROSEMOUNT | M89: 3051TG4A2B21AS1M536Q4Q8Q15P1BR5 | O89: 0 - 3000 kPa-g | P89: -101 - 5515 kPa-g | Q89: N/A | R89: Yes | S89: 4-20 mA w/ HART | T89: N/A | U89: N/A | V89: LO | W89: LO | X89: LO | Y89: LO | Z89: N/A | AA89: LO | AB89: LO | AC89: LO | AD89: N/A | AE89: LO | AF89: LO | AG89: LO | AH89: 23.5 | AI89: Pass | AJ89: N/A | AK89: N/A | AL89: Pass | AM89: Pass | AN89: N/A | AO89: Pass | AP89: N/A | AQ89: N/A | AR89: Pass | AS89: Pass | AT89: N/A | AU89: N/A | AV89: CRYSTAL ENGINEERING | AW89: IS33-36/5000 PSI | AX89: 4530-525617 | AY89: '2026-07-02 | AZ89: EMERSON | BA89: TREX | BB89: 210100082367 | BC89: '2026-07-31 | CX89: Levy Ostrup | CY89: '2026-08-01
C90: K1B WELL PAD PROJECT | D90: KINOSIS K1B | E90: CA23007 | F90: 29103-TIT-2065 | G90: Temperature Indicating Transmitter | H90: PRODUCED EMULSION | I90: PAD R S06 RETURN FLUID TO PROD WELL HEADER | J90: 29103-25J-262-01 | K90: 29103-4"-P-2601-DAPC0-64H-ET | L90: ROSEMOUNT | M90: 3144PD1A1K6M5Q4C8BR5XA | O90: -50 - 300°C | P90: -200 - 600°C | Q90: N/A | R90: Yes | S90: 4-20 mA w/ HART | T90: N/A | U90: N/A | V90: LO | W90: LO | X90: LO | Y90: LO | Z90: N/A | AA90: N/A | AB90: LO | AC90: LO | AD90: N/A | AE90: LO | AF90: LO | AG90: LO | AH90: 23.8 | AI90: Pass | AJ90: N/A | AK90: N/A | AL90: Pass | AM90: Pass | AN90: N/A | AO90: Pass | AP90: N/A | AQ90: N/A | AR90: Pass | AS90: Pass | AT90: N/A | AU90: N/A | AV90: FLUKE | AW90: 1551A EX | AX90: 6627011 | AY90: '2026-05-13 | CX90: Levy Ostrup | CY90: '2026-08-01
C91: K1B WELL PAD PROJECT | D91: KINOSIS K1B | E91: CA23007 | F91: 29103-PIT-2075 | G91: Pressure Transmitter | H91: PRODUCED EMULSION | I91: PAD R S07 RETURN FLUID TO PROD WELL HEAD | J91: 29103-25J-272-01 | K91: 29103-4"-P-2701-DAPC0-64H-ET | L91: ROSEMOUNT | M91: 3051TG4A2B21AS1M536Q4Q8Q15P1BR5 | O91: 0 - 3000 kPa-g | P91: -101 - 5515 kPa-g | Q91: N/A | R91: Yes | S91: 4-20 mA w/ HART | T91: N/A | U91: N/A | V91: LO | W91: LO | X91: LO | Y91: LO | Z91: N/A | AA91: LO | AB91: LO | AC91: LO | AD91: N/A | AE91: LO | AF91: LO | AG91: LO | AH91: 23.8 | AI91: Pass | AJ91: N/A | AK91: N/A | AL91: Pass | AM91: Pass | AN91: N/A | AO91: Pass | AP91: N/A | AQ91: N/A | AR91: Pass | AS91: Pass | AT91: N/A | AU91: N/A | AV91: CRYSTAL ENGINEERING | AW91: IS33-36/5000 PSI | AX91: 4530-525617 | AY91: '2026-07-02 | AZ91: EMERSON | BA91: TREX | BB91: 210100082367 | BC91: '2026-07-31 | CX91: Levy Ostrup | CY91: '2026-08-01
C92: K1B WELL PAD PROJECT | D92: KINOSIS K1B | E92: CA23007 | F92: 29103-TIT-2075 | G92: Temperature Indicating Transmitter | H92: PRODUCED EMULSION | I92: PAD R S07 RETURN FLUID TO PROD WELL HEADER | J92: 29103-25J-272-01 | K92: 29103-4"-P-2701-DAPC0-64H-ET | L92: ROSEMOUNT | M92: 3144PD1A1K6M5Q4C8BR5XA | O92: -50 - 300°C | P92: -200 - 600°C | Q92: N/A | R92: Yes | S92: 4-20 mA w/ HART | T92: N/A | U92: N/A | V92: LO | W92: LO | X92: LO | Y92: LO | Z92: N/A | AA92: N/A | AB92: LO | AC92: LO | AD92: N/A | AE92: LO | AF92: LO | AG92: LO | AH92: 23.8 | AI92: Pass | AJ92: N/A | AK92: N/A | AL92: Pass | AM92: Pass | AN92: N/A | AO92: Pass | AP92: N/A | AQ92: N/A | AR92: Pass | AS92: Pass | AT92: N/A | AU92: N/A | AV92: FLUKE | AW92: 1551A EX | AX92: 6627011 | AY92: '2026-05-13 | CX92: Levy Ostrup | CY92: '2026-08-01
C93: K1B WELL PAD PROJECT | D93: KINOSIS K1B | E93: CA23007 | F93: 29103-FIT-2015 | G93: Vortex Flow Meter | H93: NATURAL GAS | I93: PAD R S01 NG TO INJC WELL TOE FLOW CTRL | J93: 29103-25J-211-01 | K93: 29103-1"-FG-2105-DLHB0-38H | L93: ROSEMOUNT | M93: 8800DF010SA8N1D1K6M5Q5Q8Q66Q71Q77 | O93: 0 to 30 m3/h @flow | P93: 1.82 to 90.91 m3/h @flow | Q93: N/A | R93: Yes | S93: 4-20 mA w/ HART | T93: N/A | U93: N/A | V93: LO | W93: LO | X93: LO | Y93: LO | Z93: N/A | AA93: N/A | AB93: LO | AC93: LO | AD93: N/A | AE93: LO | AF93: LO | AG93: LO | AH93: 23.5 | AI93: Pass | AJ93: N/A | AK93: N/A | AL93: Pass | AM93: Pass | AN93: N/A | AO93: Pass | AP93: N/A | AQ93: N/A | AR93: Pass | AS93: Pass | AT93: N/A | AU93: N/A | AV93: EMERSON | AW93: TREX | AX93: 210100082367 | AY93: '2026-07-31 | CX93: Levy Ostrup | CY93: '2026-08-01
C94: K1B WELL PAD PROJECT | D94: KINOSIS K1B | E94: CA23007 | F94: 29103-FIT-2035 | G94: Vortex Flow Meter | H94: NATURAL GAS | I94: PAD R S03 NG TO INJC WELL TOE FLOW CTRL | J94: 29103-25J-231-01 | K94: 29103-1"-FG-2305-DLHB0-38H | L94: ROSEMOUNT | M94: 8800DF010SA8N1D1K6M5Q5Q8Q66Q71Q77 | O94: 0 to 30 m3/h @flow | P94: 1.82 to 90.91 m3/h @flow | Q94: N/A | R94: Yes | S94: 4-20 mA w/ HART | T94: N/A | U94: N/A | V94: LO | W94: LO | X94: LO | Y94: LO | Z94: N/A | AA94: N/A | AB94: LO | AC94: LO | AD94: N/A | AE94: LO | AF94: LO | AG94: LO | AH94: 23.8 | AI94: Pass | AJ94: N/A | AK94: N/A | AL94: Pass | AM94: Pass | AN94: N/A | AO94: Pass | AP94: N/A | AQ94: N/A | AR94: Pass | AS94: Pass | AT94: N/A | AU94: N/A | AV94: EMERSON | AW94: TREX | AX94: 210100082367 | AY94: '2026-07-31 | CX94: Levy Ostrup | CY94: '2026-08-01
C95: K1B WELL PAD PROJECT | D95: KINOSIS K1B | E95: CA23007 | F95: 29103-FIT-2055 | G95: Vortex Flow Meter | H95: NATURAL GAS | I95: PAD R S05 NG TO INJC WELL TOE FLOW CTRL | J95: 29103-25J-251-01 | K95: 29103-1"-FG-2505-DLHB0-38H | L95: ROSEMOUNT | M95: 8800DF010SA8N1D1K6M5Q5Q8Q66Q71Q77 | O95: 0 to 30 m3/h @flow | P95: 1.82 to 90.91 m3/h @flow | Q95: N/A | R95: Yes | S95: 4-20 mA w/ HART | T95: N/A | U95: N/A | V95: LO | W95: LO | X95: LO | Y95: LO | Z95: N/A | AA95: N/A | AB95: LO | AC95: LO | AD95: N/A | AE95: LO | AF95: LO | AG95: LO | AH95: 23.8 | AI95: Pass | AJ95: N/A | AK95: N/A | AL95: Pass | AM95: Pass | AN95: N/A | AO95: Pass | AP95: N/A | AQ95: N/A | AR95: Pass | AS95: Pass | AT95: N/A | AU95: N/A | AV95: EMERSON | AW95: TREX | AX95: 210100082367 | AY95: '2026-07-31 | CX95: Levy Ostrup | CY95: '2026-08-01
C96: K1B WELL PAD PROJECT | D96: KINOSIS K1B | E96: CA23007 | F96: 29103-PIT-2013 | G96: Pressure Transmitter | H96: NATURAL GAS | I96: PAD R S01 NG INJECTION PRESSURE | J96: 29103-25J-211-01 | K96: 29103-1"-FG-2103-DLHB0-38H-ET | L96: ROSEMOUNT | M96: 3051T | O96: 0 - 4000 kPa-g | P96: -101 to 5515 kPa-g | Q96: N/A | R96: YES | S96: 4-20 mA w/ HART | T96: N/A | U96: N/A | V96: LO | W96: LO | X96: LO | Y96: LO | Z96: N/A | AA96: LO | AB96: LO | AC96: LO | AD96: N/A | AE96: LO | AF96: LO | AG96: LO | AH96: 23.4 | AI96: Pass | AJ96: N/A | AK96: N/A | AL96: Pass | AM96: Pass | AN96: N/A | AO96: Pass | AP96: N/A | AQ96: N/A | AR96: Pass | AS96: Pass | AT96: N/A | AU96: N/A | AV96: CRYSTAL ENGINEERING | AW96: IS33-36/5000 PSI | AX96: 4530-525617 | AY96: '2026-07-02 | AZ96: EMERSON | BA96: TREX | BB96: 210100082367 | BC96: '2026-07-31 | CX96: Levy Ostrup | CY96: '2026-08-01
C97: K1B WELL PAD PROJECT | D97: KINOSIS K1B | E97: CA23007 | F97: 29103-PIT-2017 | G97: Pressure Transmitter | H97: NATURAL GAS | I97: PAD R P01 NG INJC PRESSURE | J97: 29103-25J-212-01 | K97: 29103-1"-FG-2101-DLHB0-38H-ET | L97: ROSEMOUNT | M97: 3051T | O97: 0 - 4000 kPa-g | P97: -101 - 5515 kPa-g | Q97: N/A | R97: YES | S97: 4-20 mA w/ HART | T97: N/A | U97: N/A | V97: LO | W97: LO | X97: LO | Y97: LO | Z97: N/A | AA97: LO | AB97: LO | AC97: LO | AD97: N/A | AE97: LO | AF97: LO | AG97: LO | AH97: 23.4 | AI97: Pass | AJ97: N/A | AK97: N/A | AL97: Pass | AM97: Pass | AN97: N/A | AO97: Pass | AP97: N/A | AQ97: N/A | AR97: Pass | AS97: Pass | AT97: N/A | AU97: N/A | AV97: CRYSTAL ENGINEERING | AW97: IS33-36/5000 PSI | AX97: 4530-525617 | AY97: '2026-07-02 | AZ97: EMERSON | BA97: TREX | BB97: 210100082367 | BC97: '2026-07-31 | CX97: Levy Ostrup | CY97: '2026-08-01
C98: K1B WELL PAD PROJECT | D98: KINOSIS K1B | E98: CA23007 | F98: 29103-PIT-2023 | G98: Pressure Transmitter | H98: NATURAL GAS | I98: PAD R S02 NG INJECTION PRESSURE | J98: 29103-25J-221-01 | K98: 29103-1"-FG-2203-DLHB0-38H-ET | L98: ROSEMOUNT | M98: 3051T | O98: 0 - 4000 kPa-g | P98: -101 - 5515 kPa-g | Q98: N/A | R98: YES | S98: 4-20 mA w/ HART | T98: N/A | U98: N/A | V98: LO | W98: LO | X98: LO | Y98: LO | Z98: N/A | AA98: LO | AB98: LO | AC98: LO | AD98: N/A | AE98: LO | AF98: LO | AG98: LO | AH98: 23.4 | AI98: Pass | AJ98: N/A | AK98: N/A | AL98: Pass | AM98: Pass | AN98: N/A | AO98: Pass | AP98: N/A | AQ98: N/A | AR98: Pass | AS98: Pass | AT98: N/A | AU98: N/A | AV98: CRYSTAL ENGINEERING | AW98: IS33-36/5000 PSI | AX98: 4530-525617 | AY98: '2026-07-02 | AZ98: EMERSON | BA98: TREX | BB98: 210100082367 | BC98: '2026-07-31 | CX98: Levy Ostrup | CY98: '2026-08-01
C99: K1B WELL PAD PROJECT | D99: KINOSIS K1B | E99: CA23007 | F99: 29103-PIT-2027 | G99: Pressure Transmitter | H99: NATURAL GAS | I99: PAD R P02 NG INJC PRESSURE | J99: 29103-25J-222-01 | K99: 29103-1"-FG-2201-DLHB0-38H-ET | L99: ROSEMOUNT | M99: 3051T | O99: 0 - 4000 kPa-g | P99: -101 - 5515 kPa-g | Q99: N/A | R99: YES | S99: 4-20 mA w/ HART | T99: N/A | U99: N/A | V99: LO | W99: LO | X99: LO | Y99: LO | Z99: N/A | AA99: LO | AB99: LO | AC99: LO | AD99: N/A | AE99: LO | AF99: LO | AG99: LO | AH99: 23.4 | AI99: Pass | AJ99: N/A | AK99: N/A | AL99: Pass | AM99: Pass | AN99: N/A | AO99: Pass | AP99: N/A | AQ99: N/A | AR99: Pass | AS99: Pass | AT99: N/A | AU99: N/A | AV99: CRYSTAL ENGINEERING | AW99: IS33-36/5000 PSI | AX99: 4530-525617 | AY99: '2026-07-02 | AZ99: EMERSON | BA99: TREX | BB99: 210100082367 | BC99: '2026-07-31 | CX99: Levy Ostrup | CY99: '2026-08-01
C100: K1B WELL PAD PROJECT | D100: KINOSIS K1B | E100: CA23007 | F100: 29103-PIT-2033 | G100: Pressure Transmitter | H100: NATURAL GAS | I100: PAD R S03 NG INJECTION PRESSURE | J100: 29103-25J-231-01 | K100: 29103-1"-FG-2303-DLHB0-38H-ET | L100: ROSEMOUNT | M100: 3051T | O100: 0 - 4000 kPa-g | P100: -101 - 5515 kPa-g | Q100: N/A | R100: YES | S100: 4-20 mA w/ HART | T100: N/A | U100: N/A | V100: LO | W100: LO | X100: LO | Y100: LO | Z100: N/A | AA100: LO | AB100: LO | AC100: LO | AD100: N/A | AE100: LO | AF100: LO | AG100: LO | AH100: 23.4 | AI100: Pass | AJ100: N/A | AK100: N/A | AL100: Pass | AM100: Pass | AN100: N/A | AO100: Pass | AP100: N/A | AQ100: N/A | AR100: Pass | AS100: Pass | AT100: N/A | AU100: N/A | AV100: CRYSTAL ENGINEERING | AW100: IS33-36/5000 PSI | AX100: 4530-525617 | AY100: '2026-07-02 | AZ100: EMERSON | BA100: TREX | BB100: 210100082367 | BC100: '2026-07-31 | CX100: Levy Ostrup | CY100: '2026-08-01
C101: K1B WELL PAD PROJECT | D101: KINOSIS K1B | E101: CA23007 | F101: 29103-PIT-2037 | G101: Pressure Transmitter | H101: NATURAL GAS | I101: PAD R P03 NG INJC PRESSURE | J101: 29103-25J-232-01 | K101: 29103-1"-FG-2301-DLHB0-38H-ET | L101: ROSEMOUNT | M101: 3051T | O101: 0 - 4000 kPa-g | P101: -101 - 5515 kPa-g | Q101: N/A | R101: YES | S101: 4-20 mA w/ HART | T101: N/A | U101: N/A | V101: LO | W101: LO | X101: LO | Y101: LO | Z101: N/A | AA101: LO | AB101: LO | AC101: LO | AD101: N/A | AE101: LO | AF101: LO | AG101: LO | AH101: 23.4 | AI101: Pass | AJ101: N/A | AK101: N/A | AL101: Pass | AM101: Pass | AN101: N/A | AO101: Pass | AP101: N/A | AQ101: N/A | AR101: Pass | AS101: Pass | AT101: N/A | AU101: N/A | AV101: CRYSTAL ENGINEERING | AW101: IS33-36/5000 PSI | AX101: 4530-525617 | AY101: '2026-07-02 | AZ101: EMERSON | BA101: TREX | BB101: 210100082367 | BC101: '2026-07-31 | CX101: Levy Ostrup | CY101: '2026-08-01
C102: K1B WELL PAD PROJECT | D102: KINOSIS K1B | E102: CA23007 | F102: 29103-PIT-2043 | G102: Pressure Transmitter | H102: NATURAL GAS | I102: PAD R S04 NG INJECTION PRESSURE | J102: 29103-25J-241-01 | K102: 29103-1"-FG-2403-DLHB0-38H-ET | L102: ROSEMOUNT | M102: 3051T | O102: 0 - 4000 kPa-g | P102: -101 - 5515 kPa-g | Q102: N/A | R102: YES | S102: 4-20 mA w/ HART | T102: N/A | U102: N/A | V102: LO | W102: LO | X102: LO | Y102: LO | Z102: N/A | AA102: LO | AB102: LO | AC102: LO | AD102: N/A | AE102: LO | AF102: LO | AG102: LO | AH102: 23.4 | AI102: Pass | AJ102: N/A | AK102: N/A | AL102: Pass | AM102: Pass | AN102: N/A | AO102: Pass | AP102: N/A | AQ102: N/A | AR102: Pass | AS102: Pass | AT102: N/A | AU102: N/A | AV102: CRYSTAL ENGINEERING | AW102: IS33-36/5000 PSI | AX102: 4530-525617 | AY102: '2026-07-02 | AZ102: EMERSON | BA102: TREX | BB102: 210100082367 | BC102: '2026-07-31 | CX102: Levy Ostrup | CY102: '2026-08-01
